﻿<?xml version="1.0" encoding="utf-8"?>
<!--© DNB-->
<!--Taxonomy Creation Date UTC 2025-05-21T09:34:14+02:00-->
<link:linkbase xmlns:xsi="http://www.w3.org/2001/XMLSchema-instance" xmlns:xlink="http://www.w3.org/1999/xlink" xmlns:link="http://www.xbrl.org/2003/linkbase" xmlns:gen="http://xbrl.org/2008/generic" xmlns:label="http://xbrl.org/2008/label" xsi:schemaLocation="http://www.xbrl.org/2003/linkbase http://www.xbrl.org/2003/xbrl-linkbase-2003-12-31.xsd http://xbrl.org/2008/generic http://www.xbrl.org/2008/generic-link.xsd http://xbrl.org/2008/label http://www.xbrl.org/2008/generic-label.xsd">
  <link:arcroleRef arcroleURI="http://xbrl.org/arcrole/2008/element-label" xlink:type="simple" xlink:href="http://www.xbrl.org/2008/generic-label.xsd#element-label" />
  <link:roleRef roleURI="http://www.xbrl.org/2008/role/label" xlink:type="simple" xlink:href="http://www.xbrl.org/2008/generic-label.xsd#standard-label" />
  <link:roleRef roleURI="http://www.xbrl.org/2008/role/verboseLabel" xlink:type="simple" xlink:href="http://www.xbrl.org/2008/generic-label.xsd#verbose-label" />
  <gen:link xlink:type="extended" xlink:role="http://www.xbrl.org/2003/role/link">
    <link:loc xlink:type="locator" xlink:href="t01.02-rend.xml#dnb_tT01.02" xlink:label="loc_dnb_tT01.02" />
    <label:label xlink:type="resource" xlink:label="label_dnb_tT01.02" xml:lang="nl" xlink:role="http://www.xbrl.org/2008/role/label">T01.02 Payment transactions involving non-MFIs, sent; other transactions</label:label>
    <gen:arc xlink:type="arc" xlink:arcrole="http://xbrl.org/arcrole/2008/element-label" xlink:from="loc_dnb_tT01.02" xlink:to="label_dnb_tT01.02" />
    <label:label xlink:type="resource" xlink:label="label_dnb_tT01.02_1" xml:lang="nl" xlink:role="http://www.xbrl.org/2008/role/verboseLabel">T01.02 Payment transactions involving non-MFIs, sent; other transactions</label:label>
    <gen:arc xlink:type="arc" xlink:arcrole="http://xbrl.org/arcrole/2008/element-label" xlink:from="loc_dnb_tT01.02" xlink:to="label_dnb_tT01.02_1" />
    <link:loc xlink:type="locator" xlink:href="t01.02-rend.xml#dnb_a1" xlink:label="loc_dnb_a1" />
    <label:label xlink:type="resource" xlink:label="label_dnb_a1" xml:lang="nl" xlink:role="http://www.xbrl.org/2008/role/label">x-as</label:label>
    <gen:arc xlink:type="arc" xlink:arcrole="http://xbrl.org/arcrole/2008/element-label" xlink:from="loc_dnb_a1" xlink:to="label_dnb_a1" />
    <link:loc xlink:type="locator" xlink:href="t01.02-rend.xml#dnb_c1" xlink:label="loc_dnb_c1" />
    <label:label xlink:type="resource" xlink:label="label_dnb_c1" xml:lang="nl" xlink:role="http://www.xbrl.org/2008/role/label">Payment transactions</label:label>
    <gen:arc xlink:type="arc" xlink:arcrole="http://xbrl.org/arcrole/2008/element-label" xlink:from="loc_dnb_c1" xlink:to="label_dnb_c1" />
    <link:loc xlink:type="locator" xlink:href="t01.02-rend.xml#dnb_c2" xlink:label="loc_dnb_c2" />
    <label:label xlink:type="resource" xlink:label="label_dnb_c2" xml:lang="nl" xlink:role="http://www.xbrl.org/2008/role/label">Number of transactions</label:label>
    <gen:arc xlink:type="arc" xlink:arcrole="http://xbrl.org/arcrole/2008/element-label" xlink:from="loc_dnb_c2" xlink:to="label_dnb_c2" />
    <link:loc xlink:type="locator" xlink:href="t01.02-rend.xml#dnb_c3" xlink:label="loc_dnb_c3" />
    <label:label xlink:type="resource" xlink:label="label_dnb_c3" xml:lang="nl" xlink:role="http://www.xbrl.org/2008/role/label">Total</label:label>
    <gen:arc xlink:type="arc" xlink:arcrole="http://xbrl.org/arcrole/2008/element-label" xlink:from="loc_dnb_c3" xlink:to="label_dnb_c3" />
    <link:loc xlink:type="locator" xlink:href="t01.02-rend.xml#dnb_c4" xlink:label="loc_dnb_c4" />
    <label:label xlink:type="resource" xlink:label="label_dnb_c4" xml:lang="nl" xlink:role="http://www.xbrl.org/2008/role/label">Remote</label:label>
    <gen:arc xlink:type="arc" xlink:arcrole="http://xbrl.org/arcrole/2008/element-label" xlink:from="loc_dnb_c4" xlink:to="label_dnb_c4" />
    <link:loc xlink:type="locator" xlink:href="t01.02-rend.xml#dnb_c5" xlink:label="loc_dnb_c5" />
    <label:label xlink:type="resource" xlink:label="label_dnb_c5" xml:lang="nl" xlink:role="http://www.xbrl.org/2008/role/label">Non-remote</label:label>
    <gen:arc xlink:type="arc" xlink:arcrole="http://xbrl.org/arcrole/2008/element-label" xlink:from="loc_dnb_c5" xlink:to="label_dnb_c5" />
    <link:loc xlink:type="locator" xlink:href="t01.02-rend.xml#dnb_c6" xlink:label="loc_dnb_c6" />
    <label:label xlink:type="resource" xlink:label="label_dnb_c6" xml:lang="nl" xlink:role="http://www.xbrl.org/2008/role/label">Value of transactions</label:label>
    <gen:arc xlink:type="arc" xlink:arcrole="http://xbrl.org/arcrole/2008/element-label" xlink:from="loc_dnb_c6" xlink:to="label_dnb_c6" />
    <link:loc xlink:type="locator" xlink:href="t01.02-rend.xml#dnb_c7" xlink:label="loc_dnb_c7" />
    <label:label xlink:type="resource" xlink:label="label_dnb_c7" xml:lang="nl" xlink:role="http://www.xbrl.org/2008/role/label">Total</label:label>
    <gen:arc xlink:type="arc" xlink:arcrole="http://xbrl.org/arcrole/2008/element-label" xlink:from="loc_dnb_c7" xlink:to="label_dnb_c7" />
    <link:loc xlink:type="locator" xlink:href="t01.02-rend.xml#dnb_c8" xlink:label="loc_dnb_c8" />
    <label:label xlink:type="resource" xlink:label="label_dnb_c8" xml:lang="nl" xlink:role="http://www.xbrl.org/2008/role/label">Remote</label:label>
    <gen:arc xlink:type="arc" xlink:arcrole="http://xbrl.org/arcrole/2008/element-label" xlink:from="loc_dnb_c8" xlink:to="label_dnb_c8" />
    <link:loc xlink:type="locator" xlink:href="t01.02-rend.xml#dnb_c9" xlink:label="loc_dnb_c9" />
    <label:label xlink:type="resource" xlink:label="label_dnb_c9" xml:lang="nl" xlink:role="http://www.xbrl.org/2008/role/label">Non-remote</label:label>
    <gen:arc xlink:type="arc" xlink:arcrole="http://xbrl.org/arcrole/2008/element-label" xlink:from="loc_dnb_c9" xlink:to="label_dnb_c9" />
    <link:loc xlink:type="locator" xlink:href="t01.02-rend.xml#dnb_c10" xlink:label="loc_dnb_c10" />
    <label:label xlink:type="resource" xlink:label="label_dnb_c10" xml:lang="nl" xlink:role="http://www.xbrl.org/2008/role/label">Fraudulent payment transactions</label:label>
    <gen:arc xlink:type="arc" xlink:arcrole="http://xbrl.org/arcrole/2008/element-label" xlink:from="loc_dnb_c10" xlink:to="label_dnb_c10" />
    <link:loc xlink:type="locator" xlink:href="t01.02-rend.xml#dnb_c11" xlink:label="loc_dnb_c11" />
    <label:label xlink:type="resource" xlink:label="label_dnb_c11" xml:lang="nl" xlink:role="http://www.xbrl.org/2008/role/label">Number of transactions</label:label>
    <gen:arc xlink:type="arc" xlink:arcrole="http://xbrl.org/arcrole/2008/element-label" xlink:from="loc_dnb_c11" xlink:to="label_dnb_c11" />
    <link:loc xlink:type="locator" xlink:href="t01.02-rend.xml#dnb_c12" xlink:label="loc_dnb_c12" />
    <label:label xlink:type="resource" xlink:label="label_dnb_c12" xml:lang="nl" xlink:role="http://www.xbrl.org/2008/role/label">Total</label:label>
    <gen:arc xlink:type="arc" xlink:arcrole="http://xbrl.org/arcrole/2008/element-label" xlink:from="loc_dnb_c12" xlink:to="label_dnb_c12" />
    <link:loc xlink:type="locator" xlink:href="t01.02-rend.xml#dnb_c13" xlink:label="loc_dnb_c13" />
    <label:label xlink:type="resource" xlink:label="label_dnb_c13" xml:lang="nl" xlink:role="http://www.xbrl.org/2008/role/label">Remote</label:label>
    <gen:arc xlink:type="arc" xlink:arcrole="http://xbrl.org/arcrole/2008/element-label" xlink:from="loc_dnb_c13" xlink:to="label_dnb_c13" />
    <link:loc xlink:type="locator" xlink:href="t01.02-rend.xml#dnb_c14" xlink:label="loc_dnb_c14" />
    <label:label xlink:type="resource" xlink:label="label_dnb_c14" xml:lang="nl" xlink:role="http://www.xbrl.org/2008/role/label">Non-remote</label:label>
    <gen:arc xlink:type="arc" xlink:arcrole="http://xbrl.org/arcrole/2008/element-label" xlink:from="loc_dnb_c14" xlink:to="label_dnb_c14" />
    <link:loc xlink:type="locator" xlink:href="t01.02-rend.xml#dnb_c15" xlink:label="loc_dnb_c15" />
    <label:label xlink:type="resource" xlink:label="label_dnb_c15" xml:lang="nl" xlink:role="http://www.xbrl.org/2008/role/label">Value of transactions</label:label>
    <gen:arc xlink:type="arc" xlink:arcrole="http://xbrl.org/arcrole/2008/element-label" xlink:from="loc_dnb_c15" xlink:to="label_dnb_c15" />
    <link:loc xlink:type="locator" xlink:href="t01.02-rend.xml#dnb_c16" xlink:label="loc_dnb_c16" />
    <label:label xlink:type="resource" xlink:label="label_dnb_c16" xml:lang="nl" xlink:role="http://www.xbrl.org/2008/role/label">Total</label:label>
    <gen:arc xlink:type="arc" xlink:arcrole="http://xbrl.org/arcrole/2008/element-label" xlink:from="loc_dnb_c16" xlink:to="label_dnb_c16" />
    <link:loc xlink:type="locator" xlink:href="t01.02-rend.xml#dnb_c17" xlink:label="loc_dnb_c17" />
    <label:label xlink:type="resource" xlink:label="label_dnb_c17" xml:lang="nl" xlink:role="http://www.xbrl.org/2008/role/label">Remote</label:label>
    <gen:arc xlink:type="arc" xlink:arcrole="http://xbrl.org/arcrole/2008/element-label" xlink:from="loc_dnb_c17" xlink:to="label_dnb_c17" />
    <link:loc xlink:type="locator" xlink:href="t01.02-rend.xml#dnb_c18" xlink:label="loc_dnb_c18" />
    <label:label xlink:type="resource" xlink:label="label_dnb_c18" xml:lang="nl" xlink:role="http://www.xbrl.org/2008/role/label">Non-remote</label:label>
    <gen:arc xlink:type="arc" xlink:arcrole="http://xbrl.org/arcrole/2008/element-label" xlink:from="loc_dnb_c18" xlink:to="label_dnb_c18" />
    <link:loc xlink:type="locator" xlink:href="t01.02-rend.xml#dnb_a2" xlink:label="loc_dnb_a2" />
    <label:label xlink:type="resource" xlink:label="label_dnb_a2" xml:lang="nl" xlink:role="http://www.xbrl.org/2008/role/label">y-as</label:label>
    <gen:arc xlink:type="arc" xlink:arcrole="http://xbrl.org/arcrole/2008/element-label" xlink:from="loc_dnb_a2" xlink:to="label_dnb_a2" />
    <link:loc xlink:type="locator" xlink:href="t01.02-rend.xml#dnb_c19" xlink:label="loc_dnb_c19" />
    <label:label xlink:type="resource" xlink:label="label_dnb_c19" xml:lang="nl" xlink:role="http://www.xbrl.org/2008/role/label">Credit transfers</label:label>
    <gen:arc xlink:type="arc" xlink:arcrole="http://xbrl.org/arcrole/2008/element-label" xlink:from="loc_dnb_c19" xlink:to="label_dnb_c19" />
    <link:loc xlink:type="locator" xlink:href="t01.02-rend.xml#dnb_c20" xlink:label="loc_dnb_c20" />
    <label:label xlink:type="resource" xlink:label="label_dnb_c20" xml:lang="nl" xlink:role="http://www.xbrl.org/2008/role/label">Initiated in paper-based form</label:label>
    <gen:arc xlink:type="arc" xlink:arcrole="http://xbrl.org/arcrole/2008/element-label" xlink:from="loc_dnb_c20" xlink:to="label_dnb_c20" />
    <link:loc xlink:type="locator" xlink:href="t01.02-rend.xml#dnb_c21" xlink:label="loc_dnb_c21" />
    <label:label xlink:type="resource" xlink:label="label_dnb_c21" xml:lang="nl" xlink:role="http://www.xbrl.org/2008/role/label">Initiated electronically</label:label>
    <gen:arc xlink:type="arc" xlink:arcrole="http://xbrl.org/arcrole/2008/element-label" xlink:from="loc_dnb_c21" xlink:to="label_dnb_c21" />
    <link:loc xlink:type="locator" xlink:href="t01.02-rend.xml#dnb_c22" xlink:label="loc_dnb_c22" />
    <label:label xlink:type="resource" xlink:label="label_dnb_c22" xml:lang="nl" xlink:role="http://www.xbrl.org/2008/role/label">Initiated in a file/batch</label:label>
    <gen:arc xlink:type="arc" xlink:arcrole="http://xbrl.org/arcrole/2008/element-label" xlink:from="loc_dnb_c22" xlink:to="label_dnb_c22" />
    <link:loc xlink:type="locator" xlink:href="t01.02-rend.xml#dnb_c23" xlink:label="loc_dnb_c23" />
    <label:label xlink:type="resource" xlink:label="label_dnb_c23" xml:lang="nl" xlink:role="http://www.xbrl.org/2008/role/label">Initiated on a single payment basis</label:label>
    <gen:arc xlink:type="arc" xlink:arcrole="http://xbrl.org/arcrole/2008/element-label" xlink:from="loc_dnb_c23" xlink:to="label_dnb_c23" />
    <link:loc xlink:type="locator" xlink:href="t01.02-rend.xml#dnb_c24" xlink:label="loc_dnb_c24" />
    <label:label xlink:type="resource" xlink:label="label_dnb_c24" xml:lang="nl" xlink:role="http://www.xbrl.org/2008/role/label">Online banking based credit transfers</label:label>
    <gen:arc xlink:type="arc" xlink:arcrole="http://xbrl.org/arcrole/2008/element-label" xlink:from="loc_dnb_c24" xlink:to="label_dnb_c24" />
    <link:loc xlink:type="locator" xlink:href="t01.02-rend.xml#dnb_c25" xlink:label="loc_dnb_c25" />
    <label:label xlink:type="resource" xlink:label="label_dnb_c25" xml:lang="nl" xlink:role="http://www.xbrl.org/2008/role/label">of which: E-commerce payments</label:label>
    <gen:arc xlink:type="arc" xlink:arcrole="http://xbrl.org/arcrole/2008/element-label" xlink:from="loc_dnb_c25" xlink:to="label_dnb_c25" />
    <link:loc xlink:type="locator" xlink:href="t01.02-rend.xml#dnb_c26" xlink:label="loc_dnb_c26" />
    <label:label xlink:type="resource" xlink:label="label_dnb_c26" xml:lang="nl" xlink:role="http://www.xbrl.org/2008/role/label">ATM or other PSP terminal</label:label>
    <gen:arc xlink:type="arc" xlink:arcrole="http://xbrl.org/arcrole/2008/element-label" xlink:from="loc_dnb_c26" xlink:to="label_dnb_c26" />
    <link:loc xlink:type="locator" xlink:href="t01.02-rend.xml#dnb_c27" xlink:label="loc_dnb_c27" />
    <label:label xlink:type="resource" xlink:label="label_dnb_c27" xml:lang="nl" xlink:role="http://www.xbrl.org/2008/role/label">Mobile payment solution</label:label>
    <gen:arc xlink:type="arc" xlink:arcrole="http://xbrl.org/arcrole/2008/element-label" xlink:from="loc_dnb_c27" xlink:to="label_dnb_c27" />
    <link:loc xlink:type="locator" xlink:href="t01.02-rend.xml#dnb_c28" xlink:label="loc_dnb_c28" />
    <label:label xlink:type="resource" xlink:label="label_dnb_c28" xml:lang="nl" xlink:role="http://www.xbrl.org/2008/role/label">of which: P2P mobile payment solution</label:label>
    <gen:arc xlink:type="arc" xlink:arcrole="http://xbrl.org/arcrole/2008/element-label" xlink:from="loc_dnb_c28" xlink:to="label_dnb_c28" />
    <link:loc xlink:type="locator" xlink:href="t01.02-rend.xml#dnb_c29" xlink:label="loc_dnb_c29" />
    <label:label xlink:type="resource" xlink:label="label_dnb_c29" xml:lang="nl" xlink:role="http://www.xbrl.org/2008/role/label">Other</label:label>
    <gen:arc xlink:type="arc" xlink:arcrole="http://xbrl.org/arcrole/2008/element-label" xlink:from="loc_dnb_c29" xlink:to="label_dnb_c29" />
    <link:loc xlink:type="locator" xlink:href="t01.02-rend.xml#dnb_c30" xlink:label="loc_dnb_c30" />
    <label:label xlink:type="resource" xlink:label="label_dnb_c30" xml:lang="nl" xlink:role="http://www.xbrl.org/2008/role/label">of which: Initiated by Payment Initiation Service Provider (PISP)</label:label>
    <gen:arc xlink:type="arc" xlink:arcrole="http://xbrl.org/arcrole/2008/element-label" xlink:from="loc_dnb_c30" xlink:to="label_dnb_c30" />
    <link:loc xlink:type="locator" xlink:href="t01.02-rend.xml#dnb_c31" xlink:label="loc_dnb_c31" />
    <label:label xlink:type="resource" xlink:label="label_dnb_c31" xml:lang="nl" xlink:role="http://www.xbrl.org/2008/role/label">Initiated electronically, of which: broken down by payment scheme:</label:label>
    <gen:arc xlink:type="arc" xlink:arcrole="http://xbrl.org/arcrole/2008/element-label" xlink:from="loc_dnb_c31" xlink:to="label_dnb_c31" />
    <link:loc xlink:type="locator" xlink:href="t01.02-rend.xml#dnb_c32" xlink:label="loc_dnb_c32" />
    <label:label xlink:type="resource" xlink:label="label_dnb_c32" xml:lang="nl" xlink:role="http://www.xbrl.org/2008/role/label">via SEPA Credit Transfer scheme</label:label>
    <gen:arc xlink:type="arc" xlink:arcrole="http://xbrl.org/arcrole/2008/element-label" xlink:from="loc_dnb_c32" xlink:to="label_dnb_c32" />
    <link:loc xlink:type="locator" xlink:href="t01.02-rend.xml#dnb_c33" xlink:label="loc_dnb_c33" />
    <label:label xlink:type="resource" xlink:label="label_dnb_c33" xml:lang="nl" xlink:role="http://www.xbrl.org/2008/role/label">via SEPA Instant Credit Transfer scheme</label:label>
    <gen:arc xlink:type="arc" xlink:arcrole="http://xbrl.org/arcrole/2008/element-label" xlink:from="loc_dnb_c33" xlink:to="label_dnb_c33" />
    <link:loc xlink:type="locator" xlink:href="t01.02-rend.xml#dnb_c34" xlink:label="loc_dnb_c34" />
    <label:label xlink:type="resource" xlink:label="label_dnb_c34" xml:lang="nl" xlink:role="http://www.xbrl.org/2008/role/label">via SEPA One-Leg Out Instant Credit Transfer scheme</label:label>
    <gen:arc xlink:type="arc" xlink:arcrole="http://xbrl.org/arcrole/2008/element-label" xlink:from="loc_dnb_c34" xlink:to="label_dnb_c34" />
    <link:loc xlink:type="locator" xlink:href="t01.02-rend.xml#dnb_c35" xlink:label="loc_dnb_c35" />
    <label:label xlink:type="resource" xlink:label="label_dnb_c35" xml:lang="nl" xlink:role="http://www.xbrl.org/2008/role/label">on-us intrabank transactions</label:label>
    <gen:arc xlink:type="arc" xlink:arcrole="http://xbrl.org/arcrole/2008/element-label" xlink:from="loc_dnb_c35" xlink:to="label_dnb_c35" />
    <link:loc xlink:type="locator" xlink:href="t01.02-rend.xml#dnb_c36" xlink:label="loc_dnb_c36" />
    <label:label xlink:type="resource" xlink:label="label_dnb_c36" xml:lang="nl" xlink:role="http://www.xbrl.org/2008/role/label">not applicable</label:label>
    <gen:arc xlink:type="arc" xlink:arcrole="http://xbrl.org/arcrole/2008/element-label" xlink:from="loc_dnb_c36" xlink:to="label_dnb_c36" />
    <link:loc xlink:type="locator" xlink:href="t01.02-rend.xml#dnb_c37" xlink:label="loc_dnb_c37" />
    <label:label xlink:type="resource" xlink:label="label_dnb_c37" xml:lang="nl" xlink:role="http://www.xbrl.org/2008/role/label">Initiated electronically, of which broken down by authentication channel:</label:label>
    <gen:arc xlink:type="arc" xlink:arcrole="http://xbrl.org/arcrole/2008/element-label" xlink:from="loc_dnb_c37" xlink:to="label_dnb_c37" />
    <link:loc xlink:type="locator" xlink:href="t01.02-rend.xml#dnb_c38" xlink:label="loc_dnb_c38" />
    <label:label xlink:type="resource" xlink:label="label_dnb_c38" xml:lang="nl" xlink:role="http://www.xbrl.org/2008/role/label">Authenticated via Strong Customer Authentication (SCA)</label:label>
    <gen:arc xlink:type="arc" xlink:arcrole="http://xbrl.org/arcrole/2008/element-label" xlink:from="loc_dnb_c38" xlink:to="label_dnb_c38" />
    <link:loc xlink:type="locator" xlink:href="t01.02-rend.xml#dnb_c39" xlink:label="loc_dnb_c39" />
    <label:label xlink:type="resource" xlink:label="label_dnb_c39" xml:lang="nl" xlink:role="http://www.xbrl.org/2008/role/label">via SEPA Credit Transfer scheme</label:label>
    <gen:arc xlink:type="arc" xlink:arcrole="http://xbrl.org/arcrole/2008/element-label" xlink:from="loc_dnb_c39" xlink:to="label_dnb_c39" />
    <link:loc xlink:type="locator" xlink:href="t01.02-rend.xml#dnb_c40" xlink:label="loc_dnb_c40" />
    <label:label xlink:type="resource" xlink:label="label_dnb_c40" xml:lang="nl" xlink:role="http://www.xbrl.org/2008/role/label">via SEPA Instant Credit Transfer scheme</label:label>
    <gen:arc xlink:type="arc" xlink:arcrole="http://xbrl.org/arcrole/2008/element-label" xlink:from="loc_dnb_c40" xlink:to="label_dnb_c40" />
    <link:loc xlink:type="locator" xlink:href="t01.02-rend.xml#dnb_c41" xlink:label="loc_dnb_c41" />
    <label:label xlink:type="resource" xlink:label="label_dnb_c41" xml:lang="nl" xlink:role="http://www.xbrl.org/2008/role/label">via SEPA One-Leg Out Instant Credit Transfer scheme</label:label>
    <gen:arc xlink:type="arc" xlink:arcrole="http://xbrl.org/arcrole/2008/element-label" xlink:from="loc_dnb_c41" xlink:to="label_dnb_c41" />
    <link:loc xlink:type="locator" xlink:href="t01.02-rend.xml#dnb_c42" xlink:label="loc_dnb_c42" />
    <label:label xlink:type="resource" xlink:label="label_dnb_c42" xml:lang="nl" xlink:role="http://www.xbrl.org/2008/role/label">on-us intrabank transactions</label:label>
    <gen:arc xlink:type="arc" xlink:arcrole="http://xbrl.org/arcrole/2008/element-label" xlink:from="loc_dnb_c42" xlink:to="label_dnb_c42" />
    <link:loc xlink:type="locator" xlink:href="t01.02-rend.xml#dnb_c43" xlink:label="loc_dnb_c43" />
    <label:label xlink:type="resource" xlink:label="label_dnb_c43" xml:lang="nl" xlink:role="http://www.xbrl.org/2008/role/label">not applicable</label:label>
    <gen:arc xlink:type="arc" xlink:arcrole="http://xbrl.org/arcrole/2008/element-label" xlink:from="loc_dnb_c43" xlink:to="label_dnb_c43" />
    <link:loc xlink:type="locator" xlink:href="t01.02-rend.xml#dnb_c44" xlink:label="loc_dnb_c44" />
    <label:label xlink:type="resource" xlink:label="label_dnb_c44" xml:lang="nl" xlink:role="http://www.xbrl.org/2008/role/label">Authenticated via Strong Customer Authentication (SCA), of which fraudulent credit transfer by origin:</label:label>
    <gen:arc xlink:type="arc" xlink:arcrole="http://xbrl.org/arcrole/2008/element-label" xlink:from="loc_dnb_c44" xlink:to="label_dnb_c44" />
    <link:loc xlink:type="locator" xlink:href="t01.02-rend.xml#dnb_c45" xlink:label="loc_dnb_c45" />
    <label:label xlink:type="resource" xlink:label="label_dnb_c45" xml:lang="nl" xlink:role="http://www.xbrl.org/2008/role/label">Issuance of a payment order by the fraudster</label:label>
    <gen:arc xlink:type="arc" xlink:arcrole="http://xbrl.org/arcrole/2008/element-label" xlink:from="loc_dnb_c45" xlink:to="label_dnb_c45" />
    <link:loc xlink:type="locator" xlink:href="t01.02-rend.xml#dnb_c46" xlink:label="loc_dnb_c46" />
    <label:label xlink:type="resource" xlink:label="label_dnb_c46" xml:lang="nl" xlink:role="http://www.xbrl.org/2008/role/label">via SEPA Credit Transfer scheme</label:label>
    <gen:arc xlink:type="arc" xlink:arcrole="http://xbrl.org/arcrole/2008/element-label" xlink:from="loc_dnb_c46" xlink:to="label_dnb_c46" />
    <link:loc xlink:type="locator" xlink:href="t01.02-rend.xml#dnb_c47" xlink:label="loc_dnb_c47" />
    <label:label xlink:type="resource" xlink:label="label_dnb_c47" xml:lang="nl" xlink:role="http://www.xbrl.org/2008/role/label">via SEPA Instant Credit Transfer scheme</label:label>
    <gen:arc xlink:type="arc" xlink:arcrole="http://xbrl.org/arcrole/2008/element-label" xlink:from="loc_dnb_c47" xlink:to="label_dnb_c47" />
    <link:loc xlink:type="locator" xlink:href="t01.02-rend.xml#dnb_c48" xlink:label="loc_dnb_c48" />
    <label:label xlink:type="resource" xlink:label="label_dnb_c48" xml:lang="nl" xlink:role="http://www.xbrl.org/2008/role/label">via SEPA One-Leg Out Instant Credit Transfer scheme</label:label>
    <gen:arc xlink:type="arc" xlink:arcrole="http://xbrl.org/arcrole/2008/element-label" xlink:from="loc_dnb_c48" xlink:to="label_dnb_c48" />
    <link:loc xlink:type="locator" xlink:href="t01.02-rend.xml#dnb_c49" xlink:label="loc_dnb_c49" />
    <label:label xlink:type="resource" xlink:label="label_dnb_c49" xml:lang="nl" xlink:role="http://www.xbrl.org/2008/role/label">on-us intrabank transactions</label:label>
    <gen:arc xlink:type="arc" xlink:arcrole="http://xbrl.org/arcrole/2008/element-label" xlink:from="loc_dnb_c49" xlink:to="label_dnb_c49" />
    <link:loc xlink:type="locator" xlink:href="t01.02-rend.xml#dnb_c50" xlink:label="loc_dnb_c50" />
    <label:label xlink:type="resource" xlink:label="label_dnb_c50" xml:lang="nl" xlink:role="http://www.xbrl.org/2008/role/label">not applicable</label:label>
    <gen:arc xlink:type="arc" xlink:arcrole="http://xbrl.org/arcrole/2008/element-label" xlink:from="loc_dnb_c50" xlink:to="label_dnb_c50" />
    <link:loc xlink:type="locator" xlink:href="t01.02-rend.xml#dnb_c51" xlink:label="loc_dnb_c51" />
    <label:label xlink:type="resource" xlink:label="label_dnb_c51" xml:lang="nl" xlink:role="http://www.xbrl.org/2008/role/label">Modification of a payment order by the fraudster</label:label>
    <gen:arc xlink:type="arc" xlink:arcrole="http://xbrl.org/arcrole/2008/element-label" xlink:from="loc_dnb_c51" xlink:to="label_dnb_c51" />
    <link:loc xlink:type="locator" xlink:href="t01.02-rend.xml#dnb_c52" xlink:label="loc_dnb_c52" />
    <label:label xlink:type="resource" xlink:label="label_dnb_c52" xml:lang="nl" xlink:role="http://www.xbrl.org/2008/role/label">via SEPA Credit Transfer scheme</label:label>
    <gen:arc xlink:type="arc" xlink:arcrole="http://xbrl.org/arcrole/2008/element-label" xlink:from="loc_dnb_c52" xlink:to="label_dnb_c52" />
    <link:loc xlink:type="locator" xlink:href="t01.02-rend.xml#dnb_c53" xlink:label="loc_dnb_c53" />
    <label:label xlink:type="resource" xlink:label="label_dnb_c53" xml:lang="nl" xlink:role="http://www.xbrl.org/2008/role/label">via SEPA Instant Credit Transfer scheme</label:label>
    <gen:arc xlink:type="arc" xlink:arcrole="http://xbrl.org/arcrole/2008/element-label" xlink:from="loc_dnb_c53" xlink:to="label_dnb_c53" />
    <link:loc xlink:type="locator" xlink:href="t01.02-rend.xml#dnb_c54" xlink:label="loc_dnb_c54" />
    <label:label xlink:type="resource" xlink:label="label_dnb_c54" xml:lang="nl" xlink:role="http://www.xbrl.org/2008/role/label">via SEPA One-Leg Out Instant Credit Transfer scheme</label:label>
    <gen:arc xlink:type="arc" xlink:arcrole="http://xbrl.org/arcrole/2008/element-label" xlink:from="loc_dnb_c54" xlink:to="label_dnb_c54" />
    <link:loc xlink:type="locator" xlink:href="t01.02-rend.xml#dnb_c55" xlink:label="loc_dnb_c55" />
    <label:label xlink:type="resource" xlink:label="label_dnb_c55" xml:lang="nl" xlink:role="http://www.xbrl.org/2008/role/label">on-us intrabank transactions</label:label>
    <gen:arc xlink:type="arc" xlink:arcrole="http://xbrl.org/arcrole/2008/element-label" xlink:from="loc_dnb_c55" xlink:to="label_dnb_c55" />
    <link:loc xlink:type="locator" xlink:href="t01.02-rend.xml#dnb_c56" xlink:label="loc_dnb_c56" />
    <label:label xlink:type="resource" xlink:label="label_dnb_c56" xml:lang="nl" xlink:role="http://www.xbrl.org/2008/role/label">not applicable</label:label>
    <gen:arc xlink:type="arc" xlink:arcrole="http://xbrl.org/arcrole/2008/element-label" xlink:from="loc_dnb_c56" xlink:to="label_dnb_c56" />
    <link:loc xlink:type="locator" xlink:href="t01.02-rend.xml#dnb_c57" xlink:label="loc_dnb_c57" />
    <label:label xlink:type="resource" xlink:label="label_dnb_c57" xml:lang="nl" xlink:role="http://www.xbrl.org/2008/role/label">Manipulation of the payer by the fraudster to issue a payment order</label:label>
    <gen:arc xlink:type="arc" xlink:arcrole="http://xbrl.org/arcrole/2008/element-label" xlink:from="loc_dnb_c57" xlink:to="label_dnb_c57" />
    <link:loc xlink:type="locator" xlink:href="t01.02-rend.xml#dnb_c58" xlink:label="loc_dnb_c58" />
    <label:label xlink:type="resource" xlink:label="label_dnb_c58" xml:lang="nl" xlink:role="http://www.xbrl.org/2008/role/label">via SEPA Credit Transfer scheme</label:label>
    <gen:arc xlink:type="arc" xlink:arcrole="http://xbrl.org/arcrole/2008/element-label" xlink:from="loc_dnb_c58" xlink:to="label_dnb_c58" />
    <link:loc xlink:type="locator" xlink:href="t01.02-rend.xml#dnb_c59" xlink:label="loc_dnb_c59" />
    <label:label xlink:type="resource" xlink:label="label_dnb_c59" xml:lang="nl" xlink:role="http://www.xbrl.org/2008/role/label">via SEPA Instant Credit Transfer scheme</label:label>
    <gen:arc xlink:type="arc" xlink:arcrole="http://xbrl.org/arcrole/2008/element-label" xlink:from="loc_dnb_c59" xlink:to="label_dnb_c59" />
    <link:loc xlink:type="locator" xlink:href="t01.02-rend.xml#dnb_c60" xlink:label="loc_dnb_c60" />
    <label:label xlink:type="resource" xlink:label="label_dnb_c60" xml:lang="nl" xlink:role="http://www.xbrl.org/2008/role/label">via SEPA One-Leg Out Instant Credit Transfer scheme</label:label>
    <gen:arc xlink:type="arc" xlink:arcrole="http://xbrl.org/arcrole/2008/element-label" xlink:from="loc_dnb_c60" xlink:to="label_dnb_c60" />
    <link:loc xlink:type="locator" xlink:href="t01.02-rend.xml#dnb_c61" xlink:label="loc_dnb_c61" />
    <label:label xlink:type="resource" xlink:label="label_dnb_c61" xml:lang="nl" xlink:role="http://www.xbrl.org/2008/role/label">on-us intrabank transactions</label:label>
    <gen:arc xlink:type="arc" xlink:arcrole="http://xbrl.org/arcrole/2008/element-label" xlink:from="loc_dnb_c61" xlink:to="label_dnb_c61" />
    <link:loc xlink:type="locator" xlink:href="t01.02-rend.xml#dnb_c62" xlink:label="loc_dnb_c62" />
    <label:label xlink:type="resource" xlink:label="label_dnb_c62" xml:lang="nl" xlink:role="http://www.xbrl.org/2008/role/label">not applicable</label:label>
    <gen:arc xlink:type="arc" xlink:arcrole="http://xbrl.org/arcrole/2008/element-label" xlink:from="loc_dnb_c62" xlink:to="label_dnb_c62" />
    <link:loc xlink:type="locator" xlink:href="t01.02-rend.xml#dnb_c63" xlink:label="loc_dnb_c63" />
    <label:label xlink:type="resource" xlink:label="label_dnb_c63" xml:lang="nl" xlink:role="http://www.xbrl.org/2008/role/label">Authenticated via non-Strong Customer Authentication (non-SCA)</label:label>
    <gen:arc xlink:type="arc" xlink:arcrole="http://xbrl.org/arcrole/2008/element-label" xlink:from="loc_dnb_c63" xlink:to="label_dnb_c63" />
    <link:loc xlink:type="locator" xlink:href="t01.02-rend.xml#dnb_c64" xlink:label="loc_dnb_c64" />
    <label:label xlink:type="resource" xlink:label="label_dnb_c64" xml:lang="nl" xlink:role="http://www.xbrl.org/2008/role/label">via SEPA Credit Transfer scheme</label:label>
    <gen:arc xlink:type="arc" xlink:arcrole="http://xbrl.org/arcrole/2008/element-label" xlink:from="loc_dnb_c64" xlink:to="label_dnb_c64" />
    <link:loc xlink:type="locator" xlink:href="t01.02-rend.xml#dnb_c65" xlink:label="loc_dnb_c65" />
    <label:label xlink:type="resource" xlink:label="label_dnb_c65" xml:lang="nl" xlink:role="http://www.xbrl.org/2008/role/label">via SEPA Instant Credit Transfer scheme</label:label>
    <gen:arc xlink:type="arc" xlink:arcrole="http://xbrl.org/arcrole/2008/element-label" xlink:from="loc_dnb_c65" xlink:to="label_dnb_c65" />
    <link:loc xlink:type="locator" xlink:href="t01.02-rend.xml#dnb_c66" xlink:label="loc_dnb_c66" />
    <label:label xlink:type="resource" xlink:label="label_dnb_c66" xml:lang="nl" xlink:role="http://www.xbrl.org/2008/role/label">via SEPA One-Leg Out Instant Credit Transfer scheme</label:label>
    <gen:arc xlink:type="arc" xlink:arcrole="http://xbrl.org/arcrole/2008/element-label" xlink:from="loc_dnb_c66" xlink:to="label_dnb_c66" />
    <link:loc xlink:type="locator" xlink:href="t01.02-rend.xml#dnb_c67" xlink:label="loc_dnb_c67" />
    <label:label xlink:type="resource" xlink:label="label_dnb_c67" xml:lang="nl" xlink:role="http://www.xbrl.org/2008/role/label">on-us intrabank transactions</label:label>
    <gen:arc xlink:type="arc" xlink:arcrole="http://xbrl.org/arcrole/2008/element-label" xlink:from="loc_dnb_c67" xlink:to="label_dnb_c67" />
    <link:loc xlink:type="locator" xlink:href="t01.02-rend.xml#dnb_c68" xlink:label="loc_dnb_c68" />
    <label:label xlink:type="resource" xlink:label="label_dnb_c68" xml:lang="nl" xlink:role="http://www.xbrl.org/2008/role/label">not applicable</label:label>
    <gen:arc xlink:type="arc" xlink:arcrole="http://xbrl.org/arcrole/2008/element-label" xlink:from="loc_dnb_c68" xlink:to="label_dnb_c68" />
    <link:loc xlink:type="locator" xlink:href="t01.02-rend.xml#dnb_c69" xlink:label="loc_dnb_c69" />
    <label:label xlink:type="resource" xlink:label="label_dnb_c69" xml:lang="nl" xlink:role="http://www.xbrl.org/2008/role/label">Authenticated via non-Strong Customer Authentication (non-SCA), of which fraudulent credit transfer by origin:</label:label>
    <gen:arc xlink:type="arc" xlink:arcrole="http://xbrl.org/arcrole/2008/element-label" xlink:from="loc_dnb_c69" xlink:to="label_dnb_c69" />
    <link:loc xlink:type="locator" xlink:href="t01.02-rend.xml#dnb_c70" xlink:label="loc_dnb_c70" />
    <label:label xlink:type="resource" xlink:label="label_dnb_c70" xml:lang="nl" xlink:role="http://www.xbrl.org/2008/role/label">Issuance of a payment order by the fraudster</label:label>
    <gen:arc xlink:type="arc" xlink:arcrole="http://xbrl.org/arcrole/2008/element-label" xlink:from="loc_dnb_c70" xlink:to="label_dnb_c70" />
    <link:loc xlink:type="locator" xlink:href="t01.02-rend.xml#dnb_c71" xlink:label="loc_dnb_c71" />
    <label:label xlink:type="resource" xlink:label="label_dnb_c71" xml:lang="nl" xlink:role="http://www.xbrl.org/2008/role/label">via SEPA Credit Transfer scheme</label:label>
    <gen:arc xlink:type="arc" xlink:arcrole="http://xbrl.org/arcrole/2008/element-label" xlink:from="loc_dnb_c71" xlink:to="label_dnb_c71" />
    <link:loc xlink:type="locator" xlink:href="t01.02-rend.xml#dnb_c72" xlink:label="loc_dnb_c72" />
    <label:label xlink:type="resource" xlink:label="label_dnb_c72" xml:lang="nl" xlink:role="http://www.xbrl.org/2008/role/label">via SEPA Instant Credit Transfer scheme</label:label>
    <gen:arc xlink:type="arc" xlink:arcrole="http://xbrl.org/arcrole/2008/element-label" xlink:from="loc_dnb_c72" xlink:to="label_dnb_c72" />
    <link:loc xlink:type="locator" xlink:href="t01.02-rend.xml#dnb_c73" xlink:label="loc_dnb_c73" />
    <label:label xlink:type="resource" xlink:label="label_dnb_c73" xml:lang="nl" xlink:role="http://www.xbrl.org/2008/role/label">via SEPA One-Leg Out Instant Credit Transfer scheme</label:label>
    <gen:arc xlink:type="arc" xlink:arcrole="http://xbrl.org/arcrole/2008/element-label" xlink:from="loc_dnb_c73" xlink:to="label_dnb_c73" />
    <link:loc xlink:type="locator" xlink:href="t01.02-rend.xml#dnb_c74" xlink:label="loc_dnb_c74" />
    <label:label xlink:type="resource" xlink:label="label_dnb_c74" xml:lang="nl" xlink:role="http://www.xbrl.org/2008/role/label">on-us intrabank transactions</label:label>
    <gen:arc xlink:type="arc" xlink:arcrole="http://xbrl.org/arcrole/2008/element-label" xlink:from="loc_dnb_c74" xlink:to="label_dnb_c74" />
    <link:loc xlink:type="locator" xlink:href="t01.02-rend.xml#dnb_c75" xlink:label="loc_dnb_c75" />
    <label:label xlink:type="resource" xlink:label="label_dnb_c75" xml:lang="nl" xlink:role="http://www.xbrl.org/2008/role/label">not applicable</label:label>
    <gen:arc xlink:type="arc" xlink:arcrole="http://xbrl.org/arcrole/2008/element-label" xlink:from="loc_dnb_c75" xlink:to="label_dnb_c75" />
    <link:loc xlink:type="locator" xlink:href="t01.02-rend.xml#dnb_c76" xlink:label="loc_dnb_c76" />
    <label:label xlink:type="resource" xlink:label="label_dnb_c76" xml:lang="nl" xlink:role="http://www.xbrl.org/2008/role/label">Modification of a payment order by the fraudster</label:label>
    <gen:arc xlink:type="arc" xlink:arcrole="http://xbrl.org/arcrole/2008/element-label" xlink:from="loc_dnb_c76" xlink:to="label_dnb_c76" />
    <link:loc xlink:type="locator" xlink:href="t01.02-rend.xml#dnb_c77" xlink:label="loc_dnb_c77" />
    <label:label xlink:type="resource" xlink:label="label_dnb_c77" xml:lang="nl" xlink:role="http://www.xbrl.org/2008/role/label">via SEPA Credit Transfer scheme</label:label>
    <gen:arc xlink:type="arc" xlink:arcrole="http://xbrl.org/arcrole/2008/element-label" xlink:from="loc_dnb_c77" xlink:to="label_dnb_c77" />
    <link:loc xlink:type="locator" xlink:href="t01.02-rend.xml#dnb_c78" xlink:label="loc_dnb_c78" />
    <label:label xlink:type="resource" xlink:label="label_dnb_c78" xml:lang="nl" xlink:role="http://www.xbrl.org/2008/role/label">via SEPA Instant Credit Transfer scheme</label:label>
    <gen:arc xlink:type="arc" xlink:arcrole="http://xbrl.org/arcrole/2008/element-label" xlink:from="loc_dnb_c78" xlink:to="label_dnb_c78" />
    <link:loc xlink:type="locator" xlink:href="t01.02-rend.xml#dnb_c79" xlink:label="loc_dnb_c79" />
    <label:label xlink:type="resource" xlink:label="label_dnb_c79" xml:lang="nl" xlink:role="http://www.xbrl.org/2008/role/label">via SEPA One-Leg Out Instant Credit Transfer scheme</label:label>
    <gen:arc xlink:type="arc" xlink:arcrole="http://xbrl.org/arcrole/2008/element-label" xlink:from="loc_dnb_c79" xlink:to="label_dnb_c79" />
    <link:loc xlink:type="locator" xlink:href="t01.02-rend.xml#dnb_c80" xlink:label="loc_dnb_c80" />
    <label:label xlink:type="resource" xlink:label="label_dnb_c80" xml:lang="nl" xlink:role="http://www.xbrl.org/2008/role/label">on-us intrabank transactions</label:label>
    <gen:arc xlink:type="arc" xlink:arcrole="http://xbrl.org/arcrole/2008/element-label" xlink:from="loc_dnb_c80" xlink:to="label_dnb_c80" />
    <link:loc xlink:type="locator" xlink:href="t01.02-rend.xml#dnb_c81" xlink:label="loc_dnb_c81" />
    <label:label xlink:type="resource" xlink:label="label_dnb_c81" xml:lang="nl" xlink:role="http://www.xbrl.org/2008/role/label">not applicable</label:label>
    <gen:arc xlink:type="arc" xlink:arcrole="http://xbrl.org/arcrole/2008/element-label" xlink:from="loc_dnb_c81" xlink:to="label_dnb_c81" />
    <link:loc xlink:type="locator" xlink:href="t01.02-rend.xml#dnb_c82" xlink:label="loc_dnb_c82" />
    <label:label xlink:type="resource" xlink:label="label_dnb_c82" xml:lang="nl" xlink:role="http://www.xbrl.org/2008/role/label">Manipulation of the payer by the fraudster to issue a payment order</label:label>
    <gen:arc xlink:type="arc" xlink:arcrole="http://xbrl.org/arcrole/2008/element-label" xlink:from="loc_dnb_c82" xlink:to="label_dnb_c82" />
    <link:loc xlink:type="locator" xlink:href="t01.02-rend.xml#dnb_c83" xlink:label="loc_dnb_c83" />
    <label:label xlink:type="resource" xlink:label="label_dnb_c83" xml:lang="nl" xlink:role="http://www.xbrl.org/2008/role/label">via SEPA Credit Transfer scheme</label:label>
    <gen:arc xlink:type="arc" xlink:arcrole="http://xbrl.org/arcrole/2008/element-label" xlink:from="loc_dnb_c83" xlink:to="label_dnb_c83" />
    <link:loc xlink:type="locator" xlink:href="t01.02-rend.xml#dnb_c84" xlink:label="loc_dnb_c84" />
    <label:label xlink:type="resource" xlink:label="label_dnb_c84" xml:lang="nl" xlink:role="http://www.xbrl.org/2008/role/label">via SEPA Instant Credit Transfer scheme</label:label>
    <gen:arc xlink:type="arc" xlink:arcrole="http://xbrl.org/arcrole/2008/element-label" xlink:from="loc_dnb_c84" xlink:to="label_dnb_c84" />
    <link:loc xlink:type="locator" xlink:href="t01.02-rend.xml#dnb_c85" xlink:label="loc_dnb_c85" />
    <label:label xlink:type="resource" xlink:label="label_dnb_c85" xml:lang="nl" xlink:role="http://www.xbrl.org/2008/role/label">via SEPA One-Leg Out Instant Credit Transfer scheme</label:label>
    <gen:arc xlink:type="arc" xlink:arcrole="http://xbrl.org/arcrole/2008/element-label" xlink:from="loc_dnb_c85" xlink:to="label_dnb_c85" />
    <link:loc xlink:type="locator" xlink:href="t01.02-rend.xml#dnb_c86" xlink:label="loc_dnb_c86" />
    <label:label xlink:type="resource" xlink:label="label_dnb_c86" xml:lang="nl" xlink:role="http://www.xbrl.org/2008/role/label">on-us intrabank transactions</label:label>
    <gen:arc xlink:type="arc" xlink:arcrole="http://xbrl.org/arcrole/2008/element-label" xlink:from="loc_dnb_c86" xlink:to="label_dnb_c86" />
    <link:loc xlink:type="locator" xlink:href="t01.02-rend.xml#dnb_c87" xlink:label="loc_dnb_c87" />
    <label:label xlink:type="resource" xlink:label="label_dnb_c87" xml:lang="nl" xlink:role="http://www.xbrl.org/2008/role/label">not applicable</label:label>
    <gen:arc xlink:type="arc" xlink:arcrole="http://xbrl.org/arcrole/2008/element-label" xlink:from="loc_dnb_c87" xlink:to="label_dnb_c87" />
    <link:loc xlink:type="locator" xlink:href="t01.02-rend.xml#dnb_c88" xlink:label="loc_dnb_c88" />
    <label:label xlink:type="resource" xlink:label="label_dnb_c88" xml:lang="nl" xlink:role="http://www.xbrl.org/2008/role/label">Authenticated via non-Strong Customer Authentication (non-SCA), of which broken down by reason:</label:label>
    <gen:arc xlink:type="arc" xlink:arcrole="http://xbrl.org/arcrole/2008/element-label" xlink:from="loc_dnb_c88" xlink:to="label_dnb_c88" />
    <link:loc xlink:type="locator" xlink:href="t01.02-rend.xml#dnb_c89" xlink:label="loc_dnb_c89" />
    <label:label xlink:type="resource" xlink:label="label_dnb_c89" xml:lang="nl" xlink:role="http://www.xbrl.org/2008/role/label">Low value</label:label>
    <gen:arc xlink:type="arc" xlink:arcrole="http://xbrl.org/arcrole/2008/element-label" xlink:from="loc_dnb_c89" xlink:to="label_dnb_c89" />
    <link:loc xlink:type="locator" xlink:href="t01.02-rend.xml#dnb_c90" xlink:label="loc_dnb_c90" />
    <label:label xlink:type="resource" xlink:label="label_dnb_c90" xml:lang="nl" xlink:role="http://www.xbrl.org/2008/role/label">Payment to self</label:label>
    <gen:arc xlink:type="arc" xlink:arcrole="http://xbrl.org/arcrole/2008/element-label" xlink:from="loc_dnb_c90" xlink:to="label_dnb_c90" />
    <link:loc xlink:type="locator" xlink:href="t01.02-rend.xml#dnb_c91" xlink:label="loc_dnb_c91" />
    <label:label xlink:type="resource" xlink:label="label_dnb_c91" xml:lang="nl" xlink:role="http://www.xbrl.org/2008/role/label">Trusted beneficiaries</label:label>
    <gen:arc xlink:type="arc" xlink:arcrole="http://xbrl.org/arcrole/2008/element-label" xlink:from="loc_dnb_c91" xlink:to="label_dnb_c91" />
    <link:loc xlink:type="locator" xlink:href="t01.02-rend.xml#dnb_c92" xlink:label="loc_dnb_c92" />
    <label:label xlink:type="resource" xlink:label="label_dnb_c92" xml:lang="nl" xlink:role="http://www.xbrl.org/2008/role/label">Recurring transaction</label:label>
    <gen:arc xlink:type="arc" xlink:arcrole="http://xbrl.org/arcrole/2008/element-label" xlink:from="loc_dnb_c92" xlink:to="label_dnb_c92" />
    <link:loc xlink:type="locator" xlink:href="t01.02-rend.xml#dnb_c93" xlink:label="loc_dnb_c93" />
    <label:label xlink:type="resource" xlink:label="label_dnb_c93" xml:lang="nl" xlink:role="http://www.xbrl.org/2008/role/label">Secure corporate payment processes and protocols</label:label>
    <gen:arc xlink:type="arc" xlink:arcrole="http://xbrl.org/arcrole/2008/element-label" xlink:from="loc_dnb_c93" xlink:to="label_dnb_c93" />
    <link:loc xlink:type="locator" xlink:href="t01.02-rend.xml#dnb_c94" xlink:label="loc_dnb_c94" />
    <label:label xlink:type="resource" xlink:label="label_dnb_c94" xml:lang="nl" xlink:role="http://www.xbrl.org/2008/role/label">Transaction Risk Analysis</label:label>
    <gen:arc xlink:type="arc" xlink:arcrole="http://xbrl.org/arcrole/2008/element-label" xlink:from="loc_dnb_c94" xlink:to="label_dnb_c94" />
    <link:loc xlink:type="locator" xlink:href="t01.02-rend.xml#dnb_c95" xlink:label="loc_dnb_c95" />
    <label:label xlink:type="resource" xlink:label="label_dnb_c95" xml:lang="nl" xlink:role="http://www.xbrl.org/2008/role/label">Contactless low value</label:label>
    <gen:arc xlink:type="arc" xlink:arcrole="http://xbrl.org/arcrole/2008/element-label" xlink:from="loc_dnb_c95" xlink:to="label_dnb_c95" />
    <link:loc xlink:type="locator" xlink:href="t01.02-rend.xml#dnb_c96" xlink:label="loc_dnb_c96" />
    <label:label xlink:type="resource" xlink:label="label_dnb_c96" xml:lang="nl" xlink:role="http://www.xbrl.org/2008/role/label">Unattended terminal for transport fares or parking fees</label:label>
    <gen:arc xlink:type="arc" xlink:arcrole="http://xbrl.org/arcrole/2008/element-label" xlink:from="loc_dnb_c96" xlink:to="label_dnb_c96" />
    <link:loc xlink:type="locator" xlink:href="t01.02-rend.xml#dnb_c97" xlink:label="loc_dnb_c97" />
    <label:label xlink:type="resource" xlink:label="label_dnb_c97" xml:lang="nl" xlink:role="http://www.xbrl.org/2008/role/label">Direct debits</label:label>
    <gen:arc xlink:type="arc" xlink:arcrole="http://xbrl.org/arcrole/2008/element-label" xlink:from="loc_dnb_c97" xlink:to="label_dnb_c97" />
    <link:loc xlink:type="locator" xlink:href="t01.02-rend.xml#dnb_c98" xlink:label="loc_dnb_c98" />
    <label:label xlink:type="resource" xlink:label="label_dnb_c98" xml:lang="nl" xlink:role="http://www.xbrl.org/2008/role/label">Initiated in a file/batch</label:label>
    <gen:arc xlink:type="arc" xlink:arcrole="http://xbrl.org/arcrole/2008/element-label" xlink:from="loc_dnb_c98" xlink:to="label_dnb_c98" />
    <link:loc xlink:type="locator" xlink:href="t01.02-rend.xml#dnb_c99" xlink:label="loc_dnb_c99" />
    <label:label xlink:type="resource" xlink:label="label_dnb_c99" xml:lang="nl" xlink:role="http://www.xbrl.org/2008/role/label">Initiated on a single payment basis</label:label>
    <gen:arc xlink:type="arc" xlink:arcrole="http://xbrl.org/arcrole/2008/element-label" xlink:from="loc_dnb_c99" xlink:to="label_dnb_c99" />
    <link:loc xlink:type="locator" xlink:href="t01.02-rend.xml#dnb_c100" xlink:label="loc_dnb_c100" />
    <label:label xlink:type="resource" xlink:label="label_dnb_c100" xml:lang="nl" xlink:role="http://www.xbrl.org/2008/role/label">Consent given via an electronic mandate</label:label>
    <gen:arc xlink:type="arc" xlink:arcrole="http://xbrl.org/arcrole/2008/element-label" xlink:from="loc_dnb_c100" xlink:to="label_dnb_c100" />
    <link:loc xlink:type="locator" xlink:href="t01.02-rend.xml#dnb_c101" xlink:label="loc_dnb_c101" />
    <label:label xlink:type="resource" xlink:label="label_dnb_c101" xml:lang="nl" xlink:role="http://www.xbrl.org/2008/role/label">Consent given via an electronic mandate, of which broken down by payment scheme:</label:label>
    <gen:arc xlink:type="arc" xlink:arcrole="http://xbrl.org/arcrole/2008/element-label" xlink:from="loc_dnb_c101" xlink:to="label_dnb_c101" />
    <link:loc xlink:type="locator" xlink:href="t01.02-rend.xml#dnb_c102" xlink:label="loc_dnb_c102" />
    <label:label xlink:type="resource" xlink:label="label_dnb_c102" xml:lang="nl" xlink:role="http://www.xbrl.org/2008/role/label">via SEPA Direct Debit Core scheme</label:label>
    <gen:arc xlink:type="arc" xlink:arcrole="http://xbrl.org/arcrole/2008/element-label" xlink:from="loc_dnb_c102" xlink:to="label_dnb_c102" />
    <link:loc xlink:type="locator" xlink:href="t01.02-rend.xml#dnb_c103" xlink:label="loc_dnb_c103" />
    <label:label xlink:type="resource" xlink:label="label_dnb_c103" xml:lang="nl" xlink:role="http://www.xbrl.org/2008/role/label">via SEPA Direct Debit B2B scheme</label:label>
    <gen:arc xlink:type="arc" xlink:arcrole="http://xbrl.org/arcrole/2008/element-label" xlink:from="loc_dnb_c103" xlink:to="label_dnb_c103" />
    <link:loc xlink:type="locator" xlink:href="t01.02-rend.xml#dnb_c104" xlink:label="loc_dnb_c104" />
    <label:label xlink:type="resource" xlink:label="label_dnb_c104" xml:lang="nl" xlink:role="http://www.xbrl.org/2008/role/label">not applicable</label:label>
    <gen:arc xlink:type="arc" xlink:arcrole="http://xbrl.org/arcrole/2008/element-label" xlink:from="loc_dnb_c104" xlink:to="label_dnb_c104" />
    <link:loc xlink:type="locator" xlink:href="t01.02-rend.xml#dnb_c105" xlink:label="loc_dnb_c105" />
    <label:label xlink:type="resource" xlink:label="label_dnb_c105" xml:lang="nl" xlink:role="http://www.xbrl.org/2008/role/label">Consent given via an electronic mandate, of which fraudulent direct debits by origin:</label:label>
    <gen:arc xlink:type="arc" xlink:arcrole="http://xbrl.org/arcrole/2008/element-label" xlink:from="loc_dnb_c105" xlink:to="label_dnb_c105" />
    <link:loc xlink:type="locator" xlink:href="t01.02-rend.xml#dnb_c106" xlink:label="loc_dnb_c106" />
    <label:label xlink:type="resource" xlink:label="label_dnb_c106" xml:lang="nl" xlink:role="http://www.xbrl.org/2008/role/label">Unauthorised payment transaction</label:label>
    <gen:arc xlink:type="arc" xlink:arcrole="http://xbrl.org/arcrole/2008/element-label" xlink:from="loc_dnb_c106" xlink:to="label_dnb_c106" />
    <link:loc xlink:type="locator" xlink:href="t01.02-rend.xml#dnb_c107" xlink:label="loc_dnb_c107" />
    <label:label xlink:type="resource" xlink:label="label_dnb_c107" xml:lang="nl" xlink:role="http://www.xbrl.org/2008/role/label">via SEPA Direct Debit Core scheme</label:label>
    <gen:arc xlink:type="arc" xlink:arcrole="http://xbrl.org/arcrole/2008/element-label" xlink:from="loc_dnb_c107" xlink:to="label_dnb_c107" />
    <link:loc xlink:type="locator" xlink:href="t01.02-rend.xml#dnb_c108" xlink:label="loc_dnb_c108" />
    <label:label xlink:type="resource" xlink:label="label_dnb_c108" xml:lang="nl" xlink:role="http://www.xbrl.org/2008/role/label">via SEPA Direct Debit B2B scheme</label:label>
    <gen:arc xlink:type="arc" xlink:arcrole="http://xbrl.org/arcrole/2008/element-label" xlink:from="loc_dnb_c108" xlink:to="label_dnb_c108" />
    <link:loc xlink:type="locator" xlink:href="t01.02-rend.xml#dnb_c109" xlink:label="loc_dnb_c109" />
    <label:label xlink:type="resource" xlink:label="label_dnb_c109" xml:lang="nl" xlink:role="http://www.xbrl.org/2008/role/label">not applicable</label:label>
    <gen:arc xlink:type="arc" xlink:arcrole="http://xbrl.org/arcrole/2008/element-label" xlink:from="loc_dnb_c109" xlink:to="label_dnb_c109" />
    <link:loc xlink:type="locator" xlink:href="t01.02-rend.xml#dnb_c110" xlink:label="loc_dnb_c110" />
    <label:label xlink:type="resource" xlink:label="label_dnb_c110" xml:lang="nl" xlink:role="http://www.xbrl.org/2008/role/label">Manipulation of the payer</label:label>
    <gen:arc xlink:type="arc" xlink:arcrole="http://xbrl.org/arcrole/2008/element-label" xlink:from="loc_dnb_c110" xlink:to="label_dnb_c110" />
    <link:loc xlink:type="locator" xlink:href="t01.02-rend.xml#dnb_c111" xlink:label="loc_dnb_c111" />
    <label:label xlink:type="resource" xlink:label="label_dnb_c111" xml:lang="nl" xlink:role="http://www.xbrl.org/2008/role/label">via SEPA Direct Debit Core scheme</label:label>
    <gen:arc xlink:type="arc" xlink:arcrole="http://xbrl.org/arcrole/2008/element-label" xlink:from="loc_dnb_c111" xlink:to="label_dnb_c111" />
    <link:loc xlink:type="locator" xlink:href="t01.02-rend.xml#dnb_c112" xlink:label="loc_dnb_c112" />
    <label:label xlink:type="resource" xlink:label="label_dnb_c112" xml:lang="nl" xlink:role="http://www.xbrl.org/2008/role/label">via SEPA Direct Debit B2B scheme</label:label>
    <gen:arc xlink:type="arc" xlink:arcrole="http://xbrl.org/arcrole/2008/element-label" xlink:from="loc_dnb_c112" xlink:to="label_dnb_c112" />
    <link:loc xlink:type="locator" xlink:href="t01.02-rend.xml#dnb_c113" xlink:label="loc_dnb_c113" />
    <label:label xlink:type="resource" xlink:label="label_dnb_c113" xml:lang="nl" xlink:role="http://www.xbrl.org/2008/role/label">not applicable</label:label>
    <gen:arc xlink:type="arc" xlink:arcrole="http://xbrl.org/arcrole/2008/element-label" xlink:from="loc_dnb_c113" xlink:to="label_dnb_c113" />
    <link:loc xlink:type="locator" xlink:href="t01.02-rend.xml#dnb_c114" xlink:label="loc_dnb_c114" />
    <label:label xlink:type="resource" xlink:label="label_dnb_c114" xml:lang="nl" xlink:role="http://www.xbrl.org/2008/role/label">Consent given in other forms</label:label>
    <gen:arc xlink:type="arc" xlink:arcrole="http://xbrl.org/arcrole/2008/element-label" xlink:from="loc_dnb_c114" xlink:to="label_dnb_c114" />
    <link:loc xlink:type="locator" xlink:href="t01.02-rend.xml#dnb_c115" xlink:label="loc_dnb_c115" />
    <label:label xlink:type="resource" xlink:label="label_dnb_c115" xml:lang="nl" xlink:role="http://www.xbrl.org/2008/role/label">Consent given in other forms, of which broken down by payment scheme:</label:label>
    <gen:arc xlink:type="arc" xlink:arcrole="http://xbrl.org/arcrole/2008/element-label" xlink:from="loc_dnb_c115" xlink:to="label_dnb_c115" />
    <link:loc xlink:type="locator" xlink:href="t01.02-rend.xml#dnb_c116" xlink:label="loc_dnb_c116" />
    <label:label xlink:type="resource" xlink:label="label_dnb_c116" xml:lang="nl" xlink:role="http://www.xbrl.org/2008/role/label">via SEPA Direct Debit Core scheme</label:label>
    <gen:arc xlink:type="arc" xlink:arcrole="http://xbrl.org/arcrole/2008/element-label" xlink:from="loc_dnb_c116" xlink:to="label_dnb_c116" />
    <link:loc xlink:type="locator" xlink:href="t01.02-rend.xml#dnb_c117" xlink:label="loc_dnb_c117" />
    <label:label xlink:type="resource" xlink:label="label_dnb_c117" xml:lang="nl" xlink:role="http://www.xbrl.org/2008/role/label">via SEPA Direct Debit B2B scheme</label:label>
    <gen:arc xlink:type="arc" xlink:arcrole="http://xbrl.org/arcrole/2008/element-label" xlink:from="loc_dnb_c117" xlink:to="label_dnb_c117" />
    <link:loc xlink:type="locator" xlink:href="t01.02-rend.xml#dnb_c118" xlink:label="loc_dnb_c118" />
    <label:label xlink:type="resource" xlink:label="label_dnb_c118" xml:lang="nl" xlink:role="http://www.xbrl.org/2008/role/label">not applicable</label:label>
    <gen:arc xlink:type="arc" xlink:arcrole="http://xbrl.org/arcrole/2008/element-label" xlink:from="loc_dnb_c118" xlink:to="label_dnb_c118" />
    <link:loc xlink:type="locator" xlink:href="t01.02-rend.xml#dnb_c119" xlink:label="loc_dnb_c119" />
    <label:label xlink:type="resource" xlink:label="label_dnb_c119" xml:lang="nl" xlink:role="http://www.xbrl.org/2008/role/label">Consent given in other forms, of which fraudulent direct debits by origin:</label:label>
    <gen:arc xlink:type="arc" xlink:arcrole="http://xbrl.org/arcrole/2008/element-label" xlink:from="loc_dnb_c119" xlink:to="label_dnb_c119" />
    <link:loc xlink:type="locator" xlink:href="t01.02-rend.xml#dnb_c120" xlink:label="loc_dnb_c120" />
    <label:label xlink:type="resource" xlink:label="label_dnb_c120" xml:lang="nl" xlink:role="http://www.xbrl.org/2008/role/label">Unauthorised payment transaction</label:label>
    <gen:arc xlink:type="arc" xlink:arcrole="http://xbrl.org/arcrole/2008/element-label" xlink:from="loc_dnb_c120" xlink:to="label_dnb_c120" />
    <link:loc xlink:type="locator" xlink:href="t01.02-rend.xml#dnb_c121" xlink:label="loc_dnb_c121" />
    <label:label xlink:type="resource" xlink:label="label_dnb_c121" xml:lang="nl" xlink:role="http://www.xbrl.org/2008/role/label">via SEPA Direct Debit Core scheme</label:label>
    <gen:arc xlink:type="arc" xlink:arcrole="http://xbrl.org/arcrole/2008/element-label" xlink:from="loc_dnb_c121" xlink:to="label_dnb_c121" />
    <link:loc xlink:type="locator" xlink:href="t01.02-rend.xml#dnb_c122" xlink:label="loc_dnb_c122" />
    <label:label xlink:type="resource" xlink:label="label_dnb_c122" xml:lang="nl" xlink:role="http://www.xbrl.org/2008/role/label">via SEPA Direct Debit B2B scheme</label:label>
    <gen:arc xlink:type="arc" xlink:arcrole="http://xbrl.org/arcrole/2008/element-label" xlink:from="loc_dnb_c122" xlink:to="label_dnb_c122" />
    <link:loc xlink:type="locator" xlink:href="t01.02-rend.xml#dnb_c123" xlink:label="loc_dnb_c123" />
    <label:label xlink:type="resource" xlink:label="label_dnb_c123" xml:lang="nl" xlink:role="http://www.xbrl.org/2008/role/label">not applicable</label:label>
    <gen:arc xlink:type="arc" xlink:arcrole="http://xbrl.org/arcrole/2008/element-label" xlink:from="loc_dnb_c123" xlink:to="label_dnb_c123" />
    <link:loc xlink:type="locator" xlink:href="t01.02-rend.xml#dnb_c124" xlink:label="loc_dnb_c124" />
    <label:label xlink:type="resource" xlink:label="label_dnb_c124" xml:lang="nl" xlink:role="http://www.xbrl.org/2008/role/label">Manipulation of the payer</label:label>
    <gen:arc xlink:type="arc" xlink:arcrole="http://xbrl.org/arcrole/2008/element-label" xlink:from="loc_dnb_c124" xlink:to="label_dnb_c124" />
    <link:loc xlink:type="locator" xlink:href="t01.02-rend.xml#dnb_c125" xlink:label="loc_dnb_c125" />
    <label:label xlink:type="resource" xlink:label="label_dnb_c125" xml:lang="nl" xlink:role="http://www.xbrl.org/2008/role/label">via SEPA Direct Debit Core scheme</label:label>
    <gen:arc xlink:type="arc" xlink:arcrole="http://xbrl.org/arcrole/2008/element-label" xlink:from="loc_dnb_c125" xlink:to="label_dnb_c125" />
    <link:loc xlink:type="locator" xlink:href="t01.02-rend.xml#dnb_c126" xlink:label="loc_dnb_c126" />
    <label:label xlink:type="resource" xlink:label="label_dnb_c126" xml:lang="nl" xlink:role="http://www.xbrl.org/2008/role/label">via SEPA Direct Debit B2B scheme</label:label>
    <gen:arc xlink:type="arc" xlink:arcrole="http://xbrl.org/arcrole/2008/element-label" xlink:from="loc_dnb_c126" xlink:to="label_dnb_c126" />
    <link:loc xlink:type="locator" xlink:href="t01.02-rend.xml#dnb_c127" xlink:label="loc_dnb_c127" />
    <label:label xlink:type="resource" xlink:label="label_dnb_c127" xml:lang="nl" xlink:role="http://www.xbrl.org/2008/role/label">not applicable</label:label>
    <gen:arc xlink:type="arc" xlink:arcrole="http://xbrl.org/arcrole/2008/element-label" xlink:from="loc_dnb_c127" xlink:to="label_dnb_c127" />
    <link:loc xlink:type="locator" xlink:href="t01.02-rend.xml#dnb_c128" xlink:label="loc_dnb_c128" />
    <label:label xlink:type="resource" xlink:label="label_dnb_c128" xml:lang="nl" xlink:role="http://www.xbrl.org/2008/role/label">E-money payment transactions with e-money issued by resident PSPs</label:label>
    <gen:arc xlink:type="arc" xlink:arcrole="http://xbrl.org/arcrole/2008/element-label" xlink:from="loc_dnb_c128" xlink:to="label_dnb_c128" />
    <link:loc xlink:type="locator" xlink:href="t01.02-rend.xml#dnb_c129" xlink:label="loc_dnb_c129" />
    <label:label xlink:type="resource" xlink:label="label_dnb_c129" xml:lang="nl" xlink:role="http://www.xbrl.org/2008/role/label">With cards on which e-money can be stored directly</label:label>
    <gen:arc xlink:type="arc" xlink:arcrole="http://xbrl.org/arcrole/2008/element-label" xlink:from="loc_dnb_c129" xlink:to="label_dnb_c129" />
    <link:loc xlink:type="locator" xlink:href="t01.02-rend.xml#dnb_c130" xlink:label="loc_dnb_c130" />
    <label:label xlink:type="resource" xlink:label="label_dnb_c130" xml:lang="nl" xlink:role="http://www.xbrl.org/2008/role/label">With e-money accounts</label:label>
    <gen:arc xlink:type="arc" xlink:arcrole="http://xbrl.org/arcrole/2008/element-label" xlink:from="loc_dnb_c130" xlink:to="label_dnb_c130" />
    <link:loc xlink:type="locator" xlink:href="t01.02-rend.xml#dnb_c131" xlink:label="loc_dnb_c131" />
    <label:label xlink:type="resource" xlink:label="label_dnb_c131" xml:lang="nl" xlink:role="http://www.xbrl.org/2008/role/label">Accessed through a card</label:label>
    <gen:arc xlink:type="arc" xlink:arcrole="http://xbrl.org/arcrole/2008/element-label" xlink:from="loc_dnb_c131" xlink:to="label_dnb_c131" />
    <link:loc xlink:type="locator" xlink:href="t01.02-rend.xml#dnb_c132" xlink:label="loc_dnb_c132" />
    <label:label xlink:type="resource" xlink:label="label_dnb_c132" xml:lang="nl" xlink:role="http://www.xbrl.org/2008/role/label">Mobile payment solution</label:label>
    <gen:arc xlink:type="arc" xlink:arcrole="http://xbrl.org/arcrole/2008/element-label" xlink:from="loc_dnb_c132" xlink:to="label_dnb_c132" />
    <link:loc xlink:type="locator" xlink:href="t01.02-rend.xml#dnb_c133" xlink:label="loc_dnb_c133" />
    <label:label xlink:type="resource" xlink:label="label_dnb_c133" xml:lang="nl" xlink:role="http://www.xbrl.org/2008/role/label">of which: P2P payment solution</label:label>
    <gen:arc xlink:type="arc" xlink:arcrole="http://xbrl.org/arcrole/2008/element-label" xlink:from="loc_dnb_c133" xlink:to="label_dnb_c133" />
    <link:loc xlink:type="locator" xlink:href="t01.02-rend.xml#dnb_c134" xlink:label="loc_dnb_c134" />
    <label:label xlink:type="resource" xlink:label="label_dnb_c134" xml:lang="nl" xlink:role="http://www.xbrl.org/2008/role/label">Others</label:label>
    <gen:arc xlink:type="arc" xlink:arcrole="http://xbrl.org/arcrole/2008/element-label" xlink:from="loc_dnb_c134" xlink:to="label_dnb_c134" />
    <link:loc xlink:type="locator" xlink:href="t01.02-rend.xml#dnb_c135" xlink:label="loc_dnb_c135" />
    <label:label xlink:type="resource" xlink:label="label_dnb_c135" xml:lang="nl" xlink:role="http://www.xbrl.org/2008/role/label">Authenticated via Strong Customer Authentication (SCA)</label:label>
    <gen:arc xlink:type="arc" xlink:arcrole="http://xbrl.org/arcrole/2008/element-label" xlink:from="loc_dnb_c135" xlink:to="label_dnb_c135" />
    <link:loc xlink:type="locator" xlink:href="t01.02-rend.xml#dnb_c136" xlink:label="loc_dnb_c136" />
    <label:label xlink:type="resource" xlink:label="label_dnb_c136" xml:lang="nl" xlink:role="http://www.xbrl.org/2008/role/label">Authenticated via Strong Customer Authentication (SCA), of which fraudulent e-money payments by origin:</label:label>
    <gen:arc xlink:type="arc" xlink:arcrole="http://xbrl.org/arcrole/2008/element-label" xlink:from="loc_dnb_c136" xlink:to="label_dnb_c136" />
    <link:loc xlink:type="locator" xlink:href="t01.02-rend.xml#dnb_c137" xlink:label="loc_dnb_c137" />
    <label:label xlink:type="resource" xlink:label="label_dnb_c137" xml:lang="nl" xlink:role="http://www.xbrl.org/2008/role/label">Issuance of a payment order by the fraudster</label:label>
    <gen:arc xlink:type="arc" xlink:arcrole="http://xbrl.org/arcrole/2008/element-label" xlink:from="loc_dnb_c137" xlink:to="label_dnb_c137" />
    <link:loc xlink:type="locator" xlink:href="t01.02-rend.xml#dnb_c138" xlink:label="loc_dnb_c138" />
    <label:label xlink:type="resource" xlink:label="label_dnb_c138" xml:lang="nl" xlink:role="http://www.xbrl.org/2008/role/label">Lost or Stolen e-money card</label:label>
    <gen:arc xlink:type="arc" xlink:arcrole="http://xbrl.org/arcrole/2008/element-label" xlink:from="loc_dnb_c138" xlink:to="label_dnb_c138" />
    <link:loc xlink:type="locator" xlink:href="t01.02-rend.xml#dnb_c139" xlink:label="loc_dnb_c139" />
    <label:label xlink:type="resource" xlink:label="label_dnb_c139" xml:lang="nl" xlink:role="http://www.xbrl.org/2008/role/label">E-money card not received</label:label>
    <gen:arc xlink:type="arc" xlink:arcrole="http://xbrl.org/arcrole/2008/element-label" xlink:from="loc_dnb_c139" xlink:to="label_dnb_c139" />
    <link:loc xlink:type="locator" xlink:href="t01.02-rend.xml#dnb_c140" xlink:label="loc_dnb_c140" />
    <label:label xlink:type="resource" xlink:label="label_dnb_c140" xml:lang="nl" xlink:role="http://www.xbrl.org/2008/role/label">Counterfeit e-money card</label:label>
    <gen:arc xlink:type="arc" xlink:arcrole="http://xbrl.org/arcrole/2008/element-label" xlink:from="loc_dnb_c140" xlink:to="label_dnb_c140" />
    <link:loc xlink:type="locator" xlink:href="t01.02-rend.xml#dnb_c141" xlink:label="loc_dnb_c141" />
    <label:label xlink:type="resource" xlink:label="label_dnb_c141" xml:lang="nl" xlink:role="http://www.xbrl.org/2008/role/label">Card details theft</label:label>
    <gen:arc xlink:type="arc" xlink:arcrole="http://xbrl.org/arcrole/2008/element-label" xlink:from="loc_dnb_c141" xlink:to="label_dnb_c141" />
    <link:loc xlink:type="locator" xlink:href="t01.02-rend.xml#dnb_c142" xlink:label="loc_dnb_c142" />
    <label:label xlink:type="resource" xlink:label="label_dnb_c142" xml:lang="nl" xlink:role="http://www.xbrl.org/2008/role/label">Unauthorised e-money account</label:label>
    <gen:arc xlink:type="arc" xlink:arcrole="http://xbrl.org/arcrole/2008/element-label" xlink:from="loc_dnb_c142" xlink:to="label_dnb_c142" />
    <link:loc xlink:type="locator" xlink:href="t01.02-rend.xml#dnb_c143" xlink:label="loc_dnb_c143" />
    <label:label xlink:type="resource" xlink:label="label_dnb_c143" xml:lang="nl" xlink:role="http://www.xbrl.org/2008/role/label">Modification of a payment order by the fraudster</label:label>
    <gen:arc xlink:type="arc" xlink:arcrole="http://xbrl.org/arcrole/2008/element-label" xlink:from="loc_dnb_c143" xlink:to="label_dnb_c143" />
    <link:loc xlink:type="locator" xlink:href="t01.02-rend.xml#dnb_c144" xlink:label="loc_dnb_c144" />
    <label:label xlink:type="resource" xlink:label="label_dnb_c144" xml:lang="nl" xlink:role="http://www.xbrl.org/2008/role/label">Manipulation of the payer to make an e-money payment</label:label>
    <gen:arc xlink:type="arc" xlink:arcrole="http://xbrl.org/arcrole/2008/element-label" xlink:from="loc_dnb_c144" xlink:to="label_dnb_c144" />
    <link:loc xlink:type="locator" xlink:href="t01.02-rend.xml#dnb_c145" xlink:label="loc_dnb_c145" />
    <label:label xlink:type="resource" xlink:label="label_dnb_c145" xml:lang="nl" xlink:role="http://www.xbrl.org/2008/role/label">Authenticated via non-Strong Customer Authentication (non-SCA)</label:label>
    <gen:arc xlink:type="arc" xlink:arcrole="http://xbrl.org/arcrole/2008/element-label" xlink:from="loc_dnb_c145" xlink:to="label_dnb_c145" />
    <link:loc xlink:type="locator" xlink:href="t01.02-rend.xml#dnb_c146" xlink:label="loc_dnb_c146" />
    <label:label xlink:type="resource" xlink:label="label_dnb_c146" xml:lang="nl" xlink:role="http://www.xbrl.org/2008/role/label">Authenticated via non-Strong Customer Authentication (non-SCA), of which fraudulent e-money payments by origin:</label:label>
    <gen:arc xlink:type="arc" xlink:arcrole="http://xbrl.org/arcrole/2008/element-label" xlink:from="loc_dnb_c146" xlink:to="label_dnb_c146" />
    <link:loc xlink:type="locator" xlink:href="t01.02-rend.xml#dnb_c147" xlink:label="loc_dnb_c147" />
    <label:label xlink:type="resource" xlink:label="label_dnb_c147" xml:lang="nl" xlink:role="http://www.xbrl.org/2008/role/label">Issuance of a payment order by the fraudster</label:label>
    <gen:arc xlink:type="arc" xlink:arcrole="http://xbrl.org/arcrole/2008/element-label" xlink:from="loc_dnb_c147" xlink:to="label_dnb_c147" />
    <link:loc xlink:type="locator" xlink:href="t01.02-rend.xml#dnb_c148" xlink:label="loc_dnb_c148" />
    <label:label xlink:type="resource" xlink:label="label_dnb_c148" xml:lang="nl" xlink:role="http://www.xbrl.org/2008/role/label">Lost or Stolen e-money card</label:label>
    <gen:arc xlink:type="arc" xlink:arcrole="http://xbrl.org/arcrole/2008/element-label" xlink:from="loc_dnb_c148" xlink:to="label_dnb_c148" />
    <link:loc xlink:type="locator" xlink:href="t01.02-rend.xml#dnb_c149" xlink:label="loc_dnb_c149" />
    <label:label xlink:type="resource" xlink:label="label_dnb_c149" xml:lang="nl" xlink:role="http://www.xbrl.org/2008/role/label">E-money card not received</label:label>
    <gen:arc xlink:type="arc" xlink:arcrole="http://xbrl.org/arcrole/2008/element-label" xlink:from="loc_dnb_c149" xlink:to="label_dnb_c149" />
    <link:loc xlink:type="locator" xlink:href="t01.02-rend.xml#dnb_c150" xlink:label="loc_dnb_c150" />
    <label:label xlink:type="resource" xlink:label="label_dnb_c150" xml:lang="nl" xlink:role="http://www.xbrl.org/2008/role/label">Counterfeit e-money card</label:label>
    <gen:arc xlink:type="arc" xlink:arcrole="http://xbrl.org/arcrole/2008/element-label" xlink:from="loc_dnb_c150" xlink:to="label_dnb_c150" />
    <link:loc xlink:type="locator" xlink:href="t01.02-rend.xml#dnb_c151" xlink:label="loc_dnb_c151" />
    <label:label xlink:type="resource" xlink:label="label_dnb_c151" xml:lang="nl" xlink:role="http://www.xbrl.org/2008/role/label">Card details theft</label:label>
    <gen:arc xlink:type="arc" xlink:arcrole="http://xbrl.org/arcrole/2008/element-label" xlink:from="loc_dnb_c151" xlink:to="label_dnb_c151" />
    <link:loc xlink:type="locator" xlink:href="t01.02-rend.xml#dnb_c152" xlink:label="loc_dnb_c152" />
    <label:label xlink:type="resource" xlink:label="label_dnb_c152" xml:lang="nl" xlink:role="http://www.xbrl.org/2008/role/label">Unauthorised e-money account transaction</label:label>
    <gen:arc xlink:type="arc" xlink:arcrole="http://xbrl.org/arcrole/2008/element-label" xlink:from="loc_dnb_c152" xlink:to="label_dnb_c152" />
    <link:loc xlink:type="locator" xlink:href="t01.02-rend.xml#dnb_c153" xlink:label="loc_dnb_c153" />
    <label:label xlink:type="resource" xlink:label="label_dnb_c153" xml:lang="nl" xlink:role="http://www.xbrl.org/2008/role/label">Modification of a payment order by the fraudster</label:label>
    <gen:arc xlink:type="arc" xlink:arcrole="http://xbrl.org/arcrole/2008/element-label" xlink:from="loc_dnb_c153" xlink:to="label_dnb_c153" />
    <link:loc xlink:type="locator" xlink:href="t01.02-rend.xml#dnb_c154" xlink:label="loc_dnb_c154" />
    <label:label xlink:type="resource" xlink:label="label_dnb_c154" xml:lang="nl" xlink:role="http://www.xbrl.org/2008/role/label">Manipulation of the payer to make an e-money payment</label:label>
    <gen:arc xlink:type="arc" xlink:arcrole="http://xbrl.org/arcrole/2008/element-label" xlink:from="loc_dnb_c154" xlink:to="label_dnb_c154" />
    <link:loc xlink:type="locator" xlink:href="t01.02-rend.xml#dnb_c155" xlink:label="loc_dnb_c155" />
    <label:label xlink:type="resource" xlink:label="label_dnb_c155" xml:lang="nl" xlink:role="http://www.xbrl.org/2008/role/label">Authenticated via non-Strong Customer Authentication (non-SCA), of which broken down by reason:</label:label>
    <gen:arc xlink:type="arc" xlink:arcrole="http://xbrl.org/arcrole/2008/element-label" xlink:from="loc_dnb_c155" xlink:to="label_dnb_c155" />
    <link:loc xlink:type="locator" xlink:href="t01.02-rend.xml#dnb_c156" xlink:label="loc_dnb_c156" />
    <label:label xlink:type="resource" xlink:label="label_dnb_c156" xml:lang="nl" xlink:role="http://www.xbrl.org/2008/role/label">Low value</label:label>
    <gen:arc xlink:type="arc" xlink:arcrole="http://xbrl.org/arcrole/2008/element-label" xlink:from="loc_dnb_c156" xlink:to="label_dnb_c156" />
    <link:loc xlink:type="locator" xlink:href="t01.02-rend.xml#dnb_c157" xlink:label="loc_dnb_c157" />
    <label:label xlink:type="resource" xlink:label="label_dnb_c157" xml:lang="nl" xlink:role="http://www.xbrl.org/2008/role/label">Trusted beneficiaries</label:label>
    <gen:arc xlink:type="arc" xlink:arcrole="http://xbrl.org/arcrole/2008/element-label" xlink:from="loc_dnb_c157" xlink:to="label_dnb_c157" />
    <link:loc xlink:type="locator" xlink:href="t01.02-rend.xml#dnb_c158" xlink:label="loc_dnb_c158" />
    <label:label xlink:type="resource" xlink:label="label_dnb_c158" xml:lang="nl" xlink:role="http://www.xbrl.org/2008/role/label">Recurring transaction</label:label>
    <gen:arc xlink:type="arc" xlink:arcrole="http://xbrl.org/arcrole/2008/element-label" xlink:from="loc_dnb_c158" xlink:to="label_dnb_c158" />
    <link:loc xlink:type="locator" xlink:href="t01.02-rend.xml#dnb_c159" xlink:label="loc_dnb_c159" />
    <label:label xlink:type="resource" xlink:label="label_dnb_c159" xml:lang="nl" xlink:role="http://www.xbrl.org/2008/role/label">Payment to self</label:label>
    <gen:arc xlink:type="arc" xlink:arcrole="http://xbrl.org/arcrole/2008/element-label" xlink:from="loc_dnb_c159" xlink:to="label_dnb_c159" />
    <link:loc xlink:type="locator" xlink:href="t01.02-rend.xml#dnb_c160" xlink:label="loc_dnb_c160" />
    <label:label xlink:type="resource" xlink:label="label_dnb_c160" xml:lang="nl" xlink:role="http://www.xbrl.org/2008/role/label">Secure corporate payment processes and protocols</label:label>
    <gen:arc xlink:type="arc" xlink:arcrole="http://xbrl.org/arcrole/2008/element-label" xlink:from="loc_dnb_c160" xlink:to="label_dnb_c160" />
    <link:loc xlink:type="locator" xlink:href="t01.02-rend.xml#dnb_c161" xlink:label="loc_dnb_c161" />
    <label:label xlink:type="resource" xlink:label="label_dnb_c161" xml:lang="nl" xlink:role="http://www.xbrl.org/2008/role/label">Transaction Risk Analysis</label:label>
    <gen:arc xlink:type="arc" xlink:arcrole="http://xbrl.org/arcrole/2008/element-label" xlink:from="loc_dnb_c161" xlink:to="label_dnb_c161" />
    <link:loc xlink:type="locator" xlink:href="t01.02-rend.xml#dnb_c162" xlink:label="loc_dnb_c162" />
    <label:label xlink:type="resource" xlink:label="label_dnb_c162" xml:lang="nl" xlink:role="http://www.xbrl.org/2008/role/label">Contactless low value</label:label>
    <gen:arc xlink:type="arc" xlink:arcrole="http://xbrl.org/arcrole/2008/element-label" xlink:from="loc_dnb_c162" xlink:to="label_dnb_c162" />
    <link:loc xlink:type="locator" xlink:href="t01.02-rend.xml#dnb_c163" xlink:label="loc_dnb_c163" />
    <label:label xlink:type="resource" xlink:label="label_dnb_c163" xml:lang="nl" xlink:role="http://www.xbrl.org/2008/role/label">Unattended terminal for transport fares or parking fees</label:label>
    <gen:arc xlink:type="arc" xlink:arcrole="http://xbrl.org/arcrole/2008/element-label" xlink:from="loc_dnb_c163" xlink:to="label_dnb_c163" />
    <link:loc xlink:type="locator" xlink:href="t01.02-rend.xml#dnb_c164" xlink:label="loc_dnb_c164" />
    <label:label xlink:type="resource" xlink:label="label_dnb_c164" xml:lang="nl" xlink:role="http://www.xbrl.org/2008/role/label">Merchant initiated transaction (MIT)</label:label>
    <gen:arc xlink:type="arc" xlink:arcrole="http://xbrl.org/arcrole/2008/element-label" xlink:from="loc_dnb_c164" xlink:to="label_dnb_c164" />
    <link:loc xlink:type="locator" xlink:href="t01.02-rend.xml#dnb_c165" xlink:label="loc_dnb_c165" />
    <label:label xlink:type="resource" xlink:label="label_dnb_c165" xml:lang="nl" xlink:role="http://www.xbrl.org/2008/role/label">Other</label:label>
    <gen:arc xlink:type="arc" xlink:arcrole="http://xbrl.org/arcrole/2008/element-label" xlink:from="loc_dnb_c165" xlink:to="label_dnb_c165" />
    <link:loc xlink:type="locator" xlink:href="t01.02-rend.xml#dnb_c166" xlink:label="loc_dnb_c166" />
    <label:label xlink:type="resource" xlink:label="label_dnb_c166" xml:lang="nl" xlink:role="http://www.xbrl.org/2008/role/label">Cheques</label:label>
    <gen:arc xlink:type="arc" xlink:arcrole="http://xbrl.org/arcrole/2008/element-label" xlink:from="loc_dnb_c166" xlink:to="label_dnb_c166" />
    <link:loc xlink:type="locator" xlink:href="t01.02-rend.xml#dnb_c167" xlink:label="loc_dnb_c167" />
    <label:label xlink:type="resource" xlink:label="label_dnb_c167" xml:lang="nl" xlink:role="http://www.xbrl.org/2008/role/label">Money remittances</label:label>
    <gen:arc xlink:type="arc" xlink:arcrole="http://xbrl.org/arcrole/2008/element-label" xlink:from="loc_dnb_c167" xlink:to="label_dnb_c167" />
    <link:loc xlink:type="locator" xlink:href="t01.02-rend.xml#dnb_c168" xlink:label="loc_dnb_c168" />
    <label:label xlink:type="resource" xlink:label="label_dnb_c168" xml:lang="nl" xlink:role="http://www.xbrl.org/2008/role/label">Other payment services</label:label>
    <gen:arc xlink:type="arc" xlink:arcrole="http://xbrl.org/arcrole/2008/element-label" xlink:from="loc_dnb_c168" xlink:to="label_dnb_c168" />
    <link:loc xlink:type="locator" xlink:href="t01.02-rend.xml#dnb_c169" xlink:label="loc_dnb_c169" />
    <label:label xlink:type="resource" xlink:label="label_dnb_c169" xml:lang="nl" xlink:role="http://www.xbrl.org/2008/role/label">Total payment transactions involving non-MFIs</label:label>
    <gen:arc xlink:type="arc" xlink:arcrole="http://xbrl.org/arcrole/2008/element-label" xlink:from="loc_dnb_c169" xlink:to="label_dnb_c169" />
    <link:loc xlink:type="locator" xlink:href="t01.02-rend.xml#dnb_c170" xlink:label="loc_dnb_c170" />
    <label:label xlink:type="resource" xlink:label="label_dnb_c170" xml:lang="nl" xlink:role="http://www.xbrl.org/2008/role/label">Payment inititation services</label:label>
    <gen:arc xlink:type="arc" xlink:arcrole="http://xbrl.org/arcrole/2008/element-label" xlink:from="loc_dnb_c170" xlink:to="label_dnb_c170" />
    <link:loc xlink:type="locator" xlink:href="t01.02-rend.xml#dnb_c171" xlink:label="loc_dnb_c171" />
    <label:label xlink:type="resource" xlink:label="label_dnb_c171" xml:lang="nl" xlink:role="http://www.xbrl.org/2008/role/label">Authenticated via Strong Customer Authentication (SCA)</label:label>
    <gen:arc xlink:type="arc" xlink:arcrole="http://xbrl.org/arcrole/2008/element-label" xlink:from="loc_dnb_c171" xlink:to="label_dnb_c171" />
    <link:loc xlink:type="locator" xlink:href="t01.02-rend.xml#dnb_c172" xlink:label="loc_dnb_c172" />
    <label:label xlink:type="resource" xlink:label="label_dnb_c172" xml:lang="nl" xlink:role="http://www.xbrl.org/2008/role/label">Authenticated via non-Strong Customer Authentication (non-SCA)</label:label>
    <gen:arc xlink:type="arc" xlink:arcrole="http://xbrl.org/arcrole/2008/element-label" xlink:from="loc_dnb_c172" xlink:to="label_dnb_c172" />
    <link:loc xlink:type="locator" xlink:href="t01.02-rend.xml#dnb_c173" xlink:label="loc_dnb_c173" />
    <label:label xlink:type="resource" xlink:label="label_dnb_c173" xml:lang="nl" xlink:role="http://www.xbrl.org/2008/role/label">of which: credit transfers</label:label>
    <gen:arc xlink:type="arc" xlink:arcrole="http://xbrl.org/arcrole/2008/element-label" xlink:from="loc_dnb_c173" xlink:to="label_dnb_c173" />
    <link:loc xlink:type="locator" xlink:href="t01.02-rend.xml#dnb_c174" xlink:label="loc_dnb_c174" />
    <label:label xlink:type="resource" xlink:label="label_dnb_c174" xml:lang="nl" xlink:role="http://www.xbrl.org/2008/role/label">of which: other</label:label>
    <gen:arc xlink:type="arc" xlink:arcrole="http://xbrl.org/arcrole/2008/element-label" xlink:from="loc_dnb_c174" xlink:to="label_dnb_c174" />
    <link:loc xlink:type="locator" xlink:href="t01.02-rend.xml#dnb_a3" xlink:label="loc_dnb_a3" />
    <label:label xlink:type="resource" xlink:label="label_dnb_a3" xml:lang="nl" xlink:role="http://www.xbrl.org/2008/role/label">Counterparty country/group</label:label>
    <gen:arc xlink:type="arc" xlink:arcrole="http://xbrl.org/arcrole/2008/element-label" xlink:from="loc_dnb_a3" xlink:to="label_dnb_a3" />
  </gen:link>
</link:linkbase>