﻿<?xml version="1.0" encoding="utf-8"?>
<!--© DNB-->
<!--Taxonomy Creation Date UTC 2025-05-21T09:34:14+02:00-->
<link:linkbase xmlns:xsi="http://www.w3.org/2001/XMLSchema-instance" xmlns:xlink="http://www.w3.org/1999/xlink" xmlns:link="http://www.xbrl.org/2003/linkbase" xmlns:gen="http://xbrl.org/2008/generic" xmlns:label="http://xbrl.org/2008/label" xsi:schemaLocation="http://www.xbrl.org/2003/linkbase http://www.xbrl.org/2003/xbrl-linkbase-2003-12-31.xsd http://xbrl.org/2008/generic http://www.xbrl.org/2008/generic-link.xsd http://xbrl.org/2008/label http://www.xbrl.org/2008/generic-label.xsd">
  <link:arcroleRef arcroleURI="http://www.eurofiling.info/xbrl/arcrole/group-table" xlink:type="simple" xlink:href="http://www.eurofiling.info/eu/fr/xbrl/ext/model.xsd#group-table" />
  <gen:link xlink:type="extended" xlink:role="http://www.xbrl.org/2003/role/link">
    <link:loc xlink:type="locator" xlink:href="pay-ch.xsd#dnb_PAY-CH" xlink:label="loc_dnb_PAY-CH" />
    <link:loc xlink:type="locator" xlink:href="../tab/tab.xsd#dnb_tgTG001" xlink:label="loc_dnb_tgTG001" />
    <gen:arc xlink:type="arc" xlink:arcrole="http://www.eurofiling.info/xbrl/arcrole/group-table" xlink:from="loc_dnb_PAY-CH" xlink:to="loc_dnb_tgTG001" order="1" />
    <link:loc xlink:type="locator" xlink:href="../tab/t01.01/t01.01-rend.xml#dnb_tT01.01" xlink:label="loc_dnb_tT01.01" />
    <gen:arc xlink:type="arc" xlink:arcrole="http://www.eurofiling.info/xbrl/arcrole/group-table" xlink:from="loc_dnb_tgTG001" xlink:to="loc_dnb_tT01.01" order="1" />
    <link:loc xlink:type="locator" xlink:href="../tab/t01.02/t01.02-rend.xml#dnb_tT01.02" xlink:label="loc_dnb_tT01.02" />
    <gen:arc xlink:type="arc" xlink:arcrole="http://www.eurofiling.info/xbrl/arcrole/group-table" xlink:from="loc_dnb_tgTG001" xlink:to="loc_dnb_tT01.02" order="2" />
    <link:loc xlink:type="locator" xlink:href="../tab/t01.03/t01.03-rend.xml#dnb_tT01.03" xlink:label="loc_dnb_tT01.03" />
    <gen:arc xlink:type="arc" xlink:arcrole="http://www.eurofiling.info/xbrl/arcrole/group-table" xlink:from="loc_dnb_tgTG001" xlink:to="loc_dnb_tT01.03" order="3" />
    <link:loc xlink:type="locator" xlink:href="../tab/t01.04/t01.04-rend.xml#dnb_tT01.04" xlink:label="loc_dnb_tT01.04" />
    <gen:arc xlink:type="arc" xlink:arcrole="http://www.eurofiling.info/xbrl/arcrole/group-table" xlink:from="loc_dnb_tgTG001" xlink:to="loc_dnb_tT01.04" order="4" />
    <link:loc xlink:type="locator" xlink:href="../tab/tab.xsd#dnb_tgTG003" xlink:label="loc_dnb_tgTG003" />
    <gen:arc xlink:type="arc" xlink:arcrole="http://www.eurofiling.info/xbrl/arcrole/group-table" xlink:from="loc_dnb_PAY-CH" xlink:to="loc_dnb_tgTG003" order="2" />
    <link:loc xlink:type="locator" xlink:href="../tab/t03.01/t03.01-rend.xml#dnb_tT03.01" xlink:label="loc_dnb_tT03.01" />
    <gen:arc xlink:type="arc" xlink:arcrole="http://www.eurofiling.info/xbrl/arcrole/group-table" xlink:from="loc_dnb_tgTG003" xlink:to="loc_dnb_tT03.01" order="1" />
    <link:loc xlink:type="locator" xlink:href="../tab/tab.xsd#dnb_tgTG004" xlink:label="loc_dnb_tgTG004" />
    <gen:arc xlink:type="arc" xlink:arcrole="http://www.eurofiling.info/xbrl/arcrole/group-table" xlink:from="loc_dnb_PAY-CH" xlink:to="loc_dnb_tgTG004" order="3" />
    <link:loc xlink:type="locator" xlink:href="../tab/t04.01/t04.01-rend.xml#dnb_tT04.01" xlink:label="loc_dnb_tT04.01" />
    <gen:arc xlink:type="arc" xlink:arcrole="http://www.eurofiling.info/xbrl/arcrole/group-table" xlink:from="loc_dnb_tgTG004" xlink:to="loc_dnb_tT04.01" order="1" />
    <link:loc xlink:type="locator" xlink:href="../tab/t04.02/t04.02-rend.xml#dnb_tT04.02" xlink:label="loc_dnb_tT04.02" />
    <gen:arc xlink:type="arc" xlink:arcrole="http://www.eurofiling.info/xbrl/arcrole/group-table" xlink:from="loc_dnb_tgTG004" xlink:to="loc_dnb_tT04.02" order="2" />
    <link:loc xlink:type="locator" xlink:href="../tab/tab.xsd#dnb_tgTG005" xlink:label="loc_dnb_tgTG005" />
    <gen:arc xlink:type="arc" xlink:arcrole="http://www.eurofiling.info/xbrl/arcrole/group-table" xlink:from="loc_dnb_PAY-CH" xlink:to="loc_dnb_tgTG005" order="4" />
    <link:loc xlink:type="locator" xlink:href="../tab/t05.01/t05.01-rend.xml#dnb_tT05.01" xlink:label="loc_dnb_tT05.01" />
    <gen:arc xlink:type="arc" xlink:arcrole="http://www.eurofiling.info/xbrl/arcrole/group-table" xlink:from="loc_dnb_tgTG005" xlink:to="loc_dnb_tT05.01" order="1" />
    <link:loc xlink:type="locator" xlink:href="../tab/t05.02/t05.02-rend.xml#dnb_tT05.02" xlink:label="loc_dnb_tT05.02" />
    <gen:arc xlink:type="arc" xlink:arcrole="http://www.eurofiling.info/xbrl/arcrole/group-table" xlink:from="loc_dnb_tgTG005" xlink:to="loc_dnb_tT05.02" order="2" />
    <link:loc xlink:type="locator" xlink:href="../tab/t05.03/t05.03-rend.xml#dnb_tT05.03" xlink:label="loc_dnb_tT05.03" />
    <gen:arc xlink:type="arc" xlink:arcrole="http://www.eurofiling.info/xbrl/arcrole/group-table" xlink:from="loc_dnb_tgTG005" xlink:to="loc_dnb_tT05.03" order="3" />
  </gen:link>
</link:linkbase>