﻿<?xml version="1.0" encoding="utf-8"?>
<!--© DNB-->
<!--Taxonomy Creation Date UTC 2025-05-21T09:34:14+02:00-->
<link:linkbase xmlns:xsi="http://www.w3.org/2001/XMLSchema-instance" xmlns:xlink="http://www.w3.org/1999/xlink" xmlns:link="http://www.xbrl.org/2003/linkbase" xmlns:gen="http://xbrl.org/2008/generic" xmlns:label="http://xbrl.org/2008/label" xsi:schemaLocation="http://www.xbrl.org/2003/linkbase http://www.xbrl.org/2003/xbrl-linkbase-2003-12-31.xsd http://xbrl.org/2008/generic http://www.xbrl.org/2008/generic-link.xsd http://xbrl.org/2008/label http://www.xbrl.org/2008/generic-label.xsd">
  <link:arcroleRef arcroleURI="http://www.eurofiling.info/xbrl/arcrole/group-table" xlink:type="simple" xlink:href="http://www.eurofiling.info/eu/fr/xbrl/ext/model.xsd#group-table" />
  <gen:link xlink:type="extended" xlink:role="http://www.xbrl.org/2003/role/link">
    <link:loc xlink:type="locator" xlink:href="pay-cq.xsd#dnb_PAY-CQ" xlink:label="loc_dnb_PAY-CQ" />
    <link:loc xlink:type="locator" xlink:href="../tab/tab.xsd#dnb_tgTG006" xlink:label="loc_dnb_tgTG006" />
    <gen:arc xlink:type="arc" xlink:arcrole="http://www.eurofiling.info/xbrl/arcrole/group-table" xlink:from="loc_dnb_PAY-CQ" xlink:to="loc_dnb_tgTG006" order="1" />
    <link:loc xlink:type="locator" xlink:href="../tab/t06.01/t06.01-rend.xml#dnb_tT06.01" xlink:label="loc_dnb_tT06.01" />
    <gen:arc xlink:type="arc" xlink:arcrole="http://www.eurofiling.info/xbrl/arcrole/group-table" xlink:from="loc_dnb_tgTG006" xlink:to="loc_dnb_tT06.01" order="1" />
    <link:loc xlink:type="locator" xlink:href="../tab/t06.02/t06.02-rend.xml#dnb_tT06.02" xlink:label="loc_dnb_tT06.02" />
    <gen:arc xlink:type="arc" xlink:arcrole="http://www.eurofiling.info/xbrl/arcrole/group-table" xlink:from="loc_dnb_tgTG006" xlink:to="loc_dnb_tT06.02" order="2" />
    <link:loc xlink:type="locator" xlink:href="../tab/t06.03/t06.03-rend.xml#dnb_tT06.03" xlink:label="loc_dnb_tT06.03" />
    <gen:arc xlink:type="arc" xlink:arcrole="http://www.eurofiling.info/xbrl/arcrole/group-table" xlink:from="loc_dnb_tgTG006" xlink:to="loc_dnb_tT06.03" order="3" />
  </gen:link>
</link:linkbase>