﻿<?xml version="1.0" encoding="utf-8"?>
<!--© DNB-->
<!--Taxonomy Creation Date UTC 2025-05-21T09:34:14+02:00-->
<link:linkbase xmlns:xsi="http://www.w3.org/2001/XMLSchema-instance" xmlns:xlink="http://www.w3.org/1999/xlink" xmlns:link="http://www.xbrl.org/2003/linkbase" xsi:schemaLocation="http://www.xbrl.org/2003/linkbase http://www.xbrl.org/2003/xbrl-linkbase-2003-12-31.xsd">
  <link:labelLink xlink:type="extended" xlink:role="http://www.xbrl.org/2003/role/link">
    <link:loc xlink:type="locator" xlink:href="tab.xsd#dnb_tgTG001" xlink:label="loc_dnb_tgTG001" />
    <link:label xlink:type="resource" xlink:label="label_dnb_tgTG001" xml:lang="nl" xlink:role="http://www.xbrl.org/2003/role/label">Table group: Payment transactions involving non-MFIs - full</link:label>
    <link:labelArc xlink:type="arc" xlink:arcrole="http://www.xbrl.org/2003/arcrole/concept-label" xlink:from="loc_dnb_tgTG001" xlink:to="label_dnb_tgTG001" />
    <link:loc xlink:type="locator" xlink:href="tab.xsd#dnb_tgTG002" xlink:label="loc_dnb_tgTG002" />
    <link:label xlink:type="resource" xlink:label="label_dnb_tgTG002" xml:lang="nl" xlink:role="http://www.xbrl.org/2003/role/label">Table group: Payment transactions involving non-MFIs - derogation specific</link:label>
    <link:labelArc xlink:type="arc" xlink:arcrole="http://www.xbrl.org/2003/arcrole/concept-label" xlink:from="loc_dnb_tgTG002" xlink:to="label_dnb_tgTG002" />
    <link:loc xlink:type="locator" xlink:href="tab.xsd#dnb_tgTG003" xlink:label="loc_dnb_tgTG003" />
    <link:label xlink:type="resource" xlink:label="label_dnb_tgTG003" xml:lang="nl" xlink:role="http://www.xbrl.org/2003/role/label">Table group: Losses due to fraud</link:label>
    <link:labelArc xlink:type="arc" xlink:arcrole="http://www.xbrl.org/2003/arcrole/concept-label" xlink:from="loc_dnb_tgTG003" xlink:to="label_dnb_tgTG003" />
    <link:loc xlink:type="locator" xlink:href="tab.xsd#dnb_tgTG004" xlink:label="loc_dnb_tgTG004" />
    <link:label xlink:type="resource" xlink:label="label_dnb_tgTG004" xml:lang="nl" xlink:role="http://www.xbrl.org/2003/role/label">Table group: Other payment service provider related information</link:label>
    <link:labelArc xlink:type="arc" xlink:arcrole="http://www.xbrl.org/2003/arcrole/concept-label" xlink:from="loc_dnb_tgTG004" xlink:to="label_dnb_tgTG004" />
    <link:loc xlink:type="locator" xlink:href="tab.xsd#dnb_tgTG005" xlink:label="loc_dnb_tgTG005" />
    <link:label xlink:type="resource" xlink:label="label_dnb_tgTG005" xml:lang="nl" xlink:role="http://www.xbrl.org/2003/role/label">Table group: Card and terminal related information</link:label>
    <link:labelArc xlink:type="arc" xlink:arcrole="http://www.xbrl.org/2003/arcrole/concept-label" xlink:from="loc_dnb_tgTG005" xlink:to="label_dnb_tgTG005" />
    <link:loc xlink:type="locator" xlink:href="tab.xsd#dnb_tgTG006" xlink:label="loc_dnb_tgTG006" />
    <link:label xlink:type="resource" xlink:label="label_dnb_tgTG006" xml:lang="nl" xlink:role="http://www.xbrl.org/2003/role/label">Table group: Payment transactions involving non-MFIs, quarterly reporting - full</link:label>
    <link:labelArc xlink:type="arc" xlink:arcrole="http://www.xbrl.org/2003/arcrole/concept-label" xlink:from="loc_dnb_tgTG006" xlink:to="label_dnb_tgTG006" />
    <link:loc xlink:type="locator" xlink:href="tab.xsd#dnb_tgTG007" xlink:label="loc_dnb_tgTG007" />
    <link:label xlink:type="resource" xlink:label="label_dnb_tgTG007" xml:lang="nl" xlink:role="http://www.xbrl.org/2003/role/label">Table group: Large Value Payment System specific</link:label>
    <link:labelArc xlink:type="arc" xlink:arcrole="http://www.xbrl.org/2003/arcrole/concept-label" xlink:from="loc_dnb_tgTG007" xlink:to="label_dnb_tgTG007" />
    <link:loc xlink:type="locator" xlink:href="tab.xsd#dnb_tgTG008" xlink:label="loc_dnb_tgTG008" />
    <link:label xlink:type="resource" xlink:label="label_dnb_tgTG008" xml:lang="nl" xlink:role="http://www.xbrl.org/2003/role/label">Table group: Retail Payments Systems specific</link:label>
    <link:labelArc xlink:type="arc" xlink:arcrole="http://www.xbrl.org/2003/arcrole/concept-label" xlink:from="loc_dnb_tgTG008" xlink:to="label_dnb_tgTG008" />
    <link:loc xlink:type="locator" xlink:href="tab.xsd#dnb_tgTG009" xlink:label="loc_dnb_tgTG009" />
    <link:label xlink:type="resource" xlink:label="label_dnb_tgTG009" xml:lang="nl" xlink:role="http://www.xbrl.org/2003/role/label">Table group: T2 and National Central Bank</link:label>
    <link:labelArc xlink:type="arc" xlink:arcrole="http://www.xbrl.org/2003/arcrole/concept-label" xlink:from="loc_dnb_tgTG009" xlink:to="label_dnb_tgTG009" />
  </link:labelLink>
</link:linkbase>