﻿<?xml version="1.0" encoding="utf-8"?>
<!--© DNB-->
<!--Taxonomy Creation Date UTC 2025-05-21T09:34:14+02:00-->
<link:linkbase xmlns:xsi="http://www.w3.org/2001/XMLSchema-instance" xmlns:xlink="http://www.w3.org/1999/xlink" xmlns:link="http://www.xbrl.org/2003/linkbase" xmlns:gen="http://xbrl.org/2008/generic" xmlns:label="http://xbrl.org/2008/label" xsi:schemaLocation="http://www.xbrl.org/2003/linkbase http://www.xbrl.org/2003/xbrl-linkbase-2003-12-31.xsd http://xbrl.org/2008/generic http://www.xbrl.org/2008/generic-link.xsd http://xbrl.org/2008/label http://www.xbrl.org/2008/generic-label.xsd">
  <link:arcroleRef arcroleURI="http://www.eurofiling.info/xbrl/arcrole/group-table" xlink:type="simple" xlink:href="http://www.eurofiling.info/eu/fr/xbrl/ext/model.xsd#group-table" />
  <gen:link xlink:type="extended" xlink:role="http://www.xbrl.org/2003/role/link">
    <link:loc xlink:type="locator" xlink:href="../tax.xsd#dnb_PAY" xlink:label="loc_dnb_PAY" />
    <link:loc xlink:type="locator" xlink:href="tab.xsd#dnb_tgTG001" xlink:label="loc_dnb_tgTG001" />
    <gen:arc xlink:type="arc" xlink:arcrole="http://www.eurofiling.info/xbrl/arcrole/group-table" xlink:from="loc_dnb_PAY" xlink:to="loc_dnb_tgTG001" order="1" />
    <link:loc xlink:type="locator" xlink:href="t01.01/t01.01-rend.xml#dnb_tT01.01" xlink:label="loc_dnb_tT01.01" />
    <gen:arc xlink:type="arc" xlink:arcrole="http://www.eurofiling.info/xbrl/arcrole/group-table" xlink:from="loc_dnb_tgTG001" xlink:to="loc_dnb_tT01.01" order="1" />
    <link:loc xlink:type="locator" xlink:href="t01.02/t01.02-rend.xml#dnb_tT01.02" xlink:label="loc_dnb_tT01.02" />
    <gen:arc xlink:type="arc" xlink:arcrole="http://www.eurofiling.info/xbrl/arcrole/group-table" xlink:from="loc_dnb_tgTG001" xlink:to="loc_dnb_tT01.02" order="2" />
    <link:loc xlink:type="locator" xlink:href="t01.03/t01.03-rend.xml#dnb_tT01.03" xlink:label="loc_dnb_tT01.03" />
    <gen:arc xlink:type="arc" xlink:arcrole="http://www.eurofiling.info/xbrl/arcrole/group-table" xlink:from="loc_dnb_tgTG001" xlink:to="loc_dnb_tT01.03" order="3" />
    <link:loc xlink:type="locator" xlink:href="t01.04/t01.04-rend.xml#dnb_tT01.04" xlink:label="loc_dnb_tT01.04" />
    <gen:arc xlink:type="arc" xlink:arcrole="http://www.eurofiling.info/xbrl/arcrole/group-table" xlink:from="loc_dnb_tgTG001" xlink:to="loc_dnb_tT01.04" order="4" />
    <link:loc xlink:type="locator" xlink:href="tab.xsd#dnb_tgTG002" xlink:label="loc_dnb_tgTG002" />
    <gen:arc xlink:type="arc" xlink:arcrole="http://www.eurofiling.info/xbrl/arcrole/group-table" xlink:from="loc_dnb_PAY" xlink:to="loc_dnb_tgTG002" order="2" />
    <link:loc xlink:type="locator" xlink:href="t02.01/t02.01-rend.xml#dnb_tT02.01" xlink:label="loc_dnb_tT02.01" />
    <gen:arc xlink:type="arc" xlink:arcrole="http://www.eurofiling.info/xbrl/arcrole/group-table" xlink:from="loc_dnb_tgTG002" xlink:to="loc_dnb_tT02.01" order="1" />
    <link:loc xlink:type="locator" xlink:href="t02.02/t02.02-rend.xml#dnb_tT02.02" xlink:label="loc_dnb_tT02.02" />
    <gen:arc xlink:type="arc" xlink:arcrole="http://www.eurofiling.info/xbrl/arcrole/group-table" xlink:from="loc_dnb_tgTG002" xlink:to="loc_dnb_tT02.02" order="2" />
    <link:loc xlink:type="locator" xlink:href="t02.03/t02.03-rend.xml#dnb_tT02.03" xlink:label="loc_dnb_tT02.03" />
    <gen:arc xlink:type="arc" xlink:arcrole="http://www.eurofiling.info/xbrl/arcrole/group-table" xlink:from="loc_dnb_tgTG002" xlink:to="loc_dnb_tT02.03" order="3" />
    <link:loc xlink:type="locator" xlink:href="tab.xsd#dnb_tgTG003" xlink:label="loc_dnb_tgTG003" />
    <gen:arc xlink:type="arc" xlink:arcrole="http://www.eurofiling.info/xbrl/arcrole/group-table" xlink:from="loc_dnb_PAY" xlink:to="loc_dnb_tgTG003" order="3" />
    <link:loc xlink:type="locator" xlink:href="t03.01/t03.01-rend.xml#dnb_tT03.01" xlink:label="loc_dnb_tT03.01" />
    <gen:arc xlink:type="arc" xlink:arcrole="http://www.eurofiling.info/xbrl/arcrole/group-table" xlink:from="loc_dnb_tgTG003" xlink:to="loc_dnb_tT03.01" order="1" />
    <link:loc xlink:type="locator" xlink:href="tab.xsd#dnb_tgTG004" xlink:label="loc_dnb_tgTG004" />
    <gen:arc xlink:type="arc" xlink:arcrole="http://www.eurofiling.info/xbrl/arcrole/group-table" xlink:from="loc_dnb_PAY" xlink:to="loc_dnb_tgTG004" order="4" />
    <link:loc xlink:type="locator" xlink:href="t04.01/t04.01-rend.xml#dnb_tT04.01" xlink:label="loc_dnb_tT04.01" />
    <gen:arc xlink:type="arc" xlink:arcrole="http://www.eurofiling.info/xbrl/arcrole/group-table" xlink:from="loc_dnb_tgTG004" xlink:to="loc_dnb_tT04.01" order="1" />
    <link:loc xlink:type="locator" xlink:href="t04.02/t04.02-rend.xml#dnb_tT04.02" xlink:label="loc_dnb_tT04.02" />
    <gen:arc xlink:type="arc" xlink:arcrole="http://www.eurofiling.info/xbrl/arcrole/group-table" xlink:from="loc_dnb_tgTG004" xlink:to="loc_dnb_tT04.02" order="2" />
    <link:loc xlink:type="locator" xlink:href="tab.xsd#dnb_tgTG005" xlink:label="loc_dnb_tgTG005" />
    <gen:arc xlink:type="arc" xlink:arcrole="http://www.eurofiling.info/xbrl/arcrole/group-table" xlink:from="loc_dnb_PAY" xlink:to="loc_dnb_tgTG005" order="5" />
    <link:loc xlink:type="locator" xlink:href="t05.01/t05.01-rend.xml#dnb_tT05.01" xlink:label="loc_dnb_tT05.01" />
    <gen:arc xlink:type="arc" xlink:arcrole="http://www.eurofiling.info/xbrl/arcrole/group-table" xlink:from="loc_dnb_tgTG005" xlink:to="loc_dnb_tT05.01" order="1" />
    <link:loc xlink:type="locator" xlink:href="t05.02/t05.02-rend.xml#dnb_tT05.02" xlink:label="loc_dnb_tT05.02" />
    <gen:arc xlink:type="arc" xlink:arcrole="http://www.eurofiling.info/xbrl/arcrole/group-table" xlink:from="loc_dnb_tgTG005" xlink:to="loc_dnb_tT05.02" order="2" />
    <link:loc xlink:type="locator" xlink:href="t05.03/t05.03-rend.xml#dnb_tT05.03" xlink:label="loc_dnb_tT05.03" />
    <gen:arc xlink:type="arc" xlink:arcrole="http://www.eurofiling.info/xbrl/arcrole/group-table" xlink:from="loc_dnb_tgTG005" xlink:to="loc_dnb_tT05.03" order="3" />
    <link:loc xlink:type="locator" xlink:href="tab.xsd#dnb_tgTG006" xlink:label="loc_dnb_tgTG006" />
    <gen:arc xlink:type="arc" xlink:arcrole="http://www.eurofiling.info/xbrl/arcrole/group-table" xlink:from="loc_dnb_PAY" xlink:to="loc_dnb_tgTG006" order="6" />
    <link:loc xlink:type="locator" xlink:href="t06.01/t06.01-rend.xml#dnb_tT06.01" xlink:label="loc_dnb_tT06.01" />
    <gen:arc xlink:type="arc" xlink:arcrole="http://www.eurofiling.info/xbrl/arcrole/group-table" xlink:from="loc_dnb_tgTG006" xlink:to="loc_dnb_tT06.01" order="1" />
    <link:loc xlink:type="locator" xlink:href="t06.02/t06.02-rend.xml#dnb_tT06.02" xlink:label="loc_dnb_tT06.02" />
    <gen:arc xlink:type="arc" xlink:arcrole="http://www.eurofiling.info/xbrl/arcrole/group-table" xlink:from="loc_dnb_tgTG006" xlink:to="loc_dnb_tT06.02" order="2" />
    <link:loc xlink:type="locator" xlink:href="t06.03/t06.03-rend.xml#dnb_tT06.03" xlink:label="loc_dnb_tT06.03" />
    <gen:arc xlink:type="arc" xlink:arcrole="http://www.eurofiling.info/xbrl/arcrole/group-table" xlink:from="loc_dnb_tgTG006" xlink:to="loc_dnb_tT06.03" order="3" />
    <link:loc xlink:type="locator" xlink:href="tab.xsd#dnb_tgTG007" xlink:label="loc_dnb_tgTG007" />
    <gen:arc xlink:type="arc" xlink:arcrole="http://www.eurofiling.info/xbrl/arcrole/group-table" xlink:from="loc_dnb_PAY" xlink:to="loc_dnb_tgTG007" order="7" />
    <link:loc xlink:type="locator" xlink:href="t07.01/t07.01-rend.xml#dnb_tT07.01" xlink:label="loc_dnb_tT07.01" />
    <gen:arc xlink:type="arc" xlink:arcrole="http://www.eurofiling.info/xbrl/arcrole/group-table" xlink:from="loc_dnb_tgTG007" xlink:to="loc_dnb_tT07.01" order="1" />
    <link:loc xlink:type="locator" xlink:href="t07.02/t07.02-rend.xml#dnb_tT07.02" xlink:label="loc_dnb_tT07.02" />
    <gen:arc xlink:type="arc" xlink:arcrole="http://www.eurofiling.info/xbrl/arcrole/group-table" xlink:from="loc_dnb_tgTG007" xlink:to="loc_dnb_tT07.02" order="2" />
    <link:loc xlink:type="locator" xlink:href="tab.xsd#dnb_tgTG008" xlink:label="loc_dnb_tgTG008" />
    <gen:arc xlink:type="arc" xlink:arcrole="http://www.eurofiling.info/xbrl/arcrole/group-table" xlink:from="loc_dnb_PAY" xlink:to="loc_dnb_tgTG008" order="8" />
    <link:loc xlink:type="locator" xlink:href="t08.01/t08.01-rend.xml#dnb_tT08.01" xlink:label="loc_dnb_tT08.01" />
    <gen:arc xlink:type="arc" xlink:arcrole="http://www.eurofiling.info/xbrl/arcrole/group-table" xlink:from="loc_dnb_tgTG008" xlink:to="loc_dnb_tT08.01" order="1" />
    <link:loc xlink:type="locator" xlink:href="t08.02/t08.02-rend.xml#dnb_tT08.02" xlink:label="loc_dnb_tT08.02" />
    <gen:arc xlink:type="arc" xlink:arcrole="http://www.eurofiling.info/xbrl/arcrole/group-table" xlink:from="loc_dnb_tgTG008" xlink:to="loc_dnb_tT08.02" order="2" />
    <link:loc xlink:type="locator" xlink:href="tab.xsd#dnb_tgTG009" xlink:label="loc_dnb_tgTG009" />
    <gen:arc xlink:type="arc" xlink:arcrole="http://www.eurofiling.info/xbrl/arcrole/group-table" xlink:from="loc_dnb_PAY" xlink:to="loc_dnb_tgTG009" order="9" />
    <link:loc xlink:type="locator" xlink:href="t09.01/t09.01-rend.xml#dnb_tT09.01" xlink:label="loc_dnb_tT09.01" />
    <gen:arc xlink:type="arc" xlink:arcrole="http://www.eurofiling.info/xbrl/arcrole/group-table" xlink:from="loc_dnb_tgTG009" xlink:to="loc_dnb_tT09.01" order="1" />
    <link:loc xlink:type="locator" xlink:href="t09.02/t09.02-rend.xml#dnb_tT09.02" xlink:label="loc_dnb_tT09.02" />
    <gen:arc xlink:type="arc" xlink:arcrole="http://www.eurofiling.info/xbrl/arcrole/group-table" xlink:from="loc_dnb_tgTG009" xlink:to="loc_dnb_tT09.02" order="2" />
    <link:loc xlink:type="locator" xlink:href="t09.03/t09.03-rend.xml#dnb_tT09.03" xlink:label="loc_dnb_tT09.03" />
    <gen:arc xlink:type="arc" xlink:arcrole="http://www.eurofiling.info/xbrl/arcrole/group-table" xlink:from="loc_dnb_tgTG009" xlink:to="loc_dnb_tT09.03" order="3" />
  </gen:link>
</link:linkbase>