﻿<?xml version="1.0" encoding="utf-8"?>
<!--© DNB-->
<!--Taxonomy Creation Date UTC 2025-05-21T09:34:14+02:00-->
<link:linkbase xmlns:xsi="http://www.w3.org/2001/XMLSchema-instance" xmlns:xlink="http://www.w3.org/1999/xlink" xmlns:link="http://www.xbrl.org/2003/linkbase" xmlns:gen="http://xbrl.org/2008/generic" xmlns:label="http://xbrl.org/2008/label" xmlns:formula="http://xbrl.org/2008/formula" xmlns:df="http://xbrl.org/2008/filter/dimension" xmlns:table="http://xbrl.org/2014/table" xmlns:model="http://www.eurofiling.info/xbrl/ext/model" xmlns:dnb_dim="http://www.dnb.nl/xbrl/dict/dim" xmlns:dnb_dom118="http://www.dnb.nl/xbrl/dict/dom/dom118" xmlns:dnb_dom032="http://www.dnb.nl/xbrl/dict/dom/dom032" xmlns:dnb_dom003="http://www.dnb.nl/xbrl/dict/dom/dom003" xmlns:dnb_dom030="http://www.dnb.nl/xbrl/dict/dom/dom030" xmlns:dnb_dom124="http://www.dnb.nl/xbrl/dict/dom/dom124" xmlns:dnb_dom063="http://www.dnb.nl/xbrl/dict/dom/dom063" xmlns:dnb_dom064="http://www.dnb.nl/xbrl/dict/dom/dom064" xmlns:dnb_met="http://www.dnb.nl/xbrl/dict/met" xsi:schemaLocation="http://www.xbrl.org/2003/linkbase http://www.xbrl.org/2003/xbrl-linkbase-2003-12-31.xsd http://xbrl.org/2008/generic http://www.xbrl.org/2008/generic-link.xsd http://xbrl.org/2008/label http://www.xbrl.org/2008/generic-label.xsd http://xbrl.org/2008/formula http://www.xbrl.org/2008/formula.xsd http://xbrl.org/2008/filter/dimension http://www.xbrl.org/2008/dimension-filter.xsd http://xbrl.org/2014/table http://www.xbrl.org/2014/table.xsd http://www.eurofiling.info/xbrl/ext/model http://www.eurofiling.info/eu/fr/xbrl/ext/model.xsd">
  <link:arcroleRef arcroleURI="http://xbrl.org/arcrole/2014/breakdown-tree" xlink:type="simple" xlink:href="http://www.xbrl.org/2014/table.xsd#breakdown-tree" />
  <link:arcroleRef arcroleURI="http://xbrl.org/arcrole/2014/definition-node-subtree" xlink:type="simple" xlink:href="http://www.xbrl.org/2014/table.xsd#definition-node-subtree" />
  <link:arcroleRef arcroleURI="http://xbrl.org/arcrole/2014/table-breakdown" xlink:type="simple" xlink:href="http://www.xbrl.org/2014/table.xsd#table-breakdown" />
  <link:roleRef roleURI="http://www.dnb.nl/xbrl/role/fws/DNB-NR/pay-2022-01/2025-12-31/tab/T08.02" xlink:type="simple" xlink:href="t08.02.xsd#role" />
  <gen:link xlink:type="extended" xlink:role="http://www.dnb.nl/xbrl/role/fws/DNB-NR/pay-2022-01/2025-12-31/tab/T08.02">
    <table:table xlink:type="resource" xlink:label="dnb_tT08.02" id="dnb_tT08.02" />
    <table:breakdown xlink:type="resource" xlink:label="dnb_a1" parentChildOrder="parent-first" id="dnb_a1" />
    <table:tableBreakdownArc xlink:type="arc" xlink:arcrole="http://xbrl.org/arcrole/2014/table-breakdown" xlink:from="dnb_tT08.02" xlink:to="dnb_a1" axis="x" order="1" />
    <table:ruleNode xlink:type="resource" xlink:label="dnb_a1.root" abstract="true" merge="true" id="dnb_a1.root" />
    <table:breakdownTreeArc xlink:type="arc" xlink:arcrole="http://xbrl.org/arcrole/2014/breakdown-tree" xlink:from="dnb_a1" xlink:to="dnb_a1.root" order="0" />
    <table:ruleNode xlink:type="resource" xlink:label="dnb_c1" abstract="true" id="dnb_c1" />
    <table:definitionNodeSubtreeArc xlink:type="arc" xlink:arcrole="http://xbrl.org/arcrole/2014/definition-node-subtree" xlink:from="dnb_a1.root" xlink:to="dnb_c1" order="1" />
    <table:definitionNodeSubtreeArc xlink:type="arc" xlink:arcrole="http://xbrl.org/arcrole/2014/definition-node-subtree" xlink:from="dnb_c1" xlink:to="dnb_c2" order="1" />
    <table:ruleNode xlink:type="resource" xlink:label="dnb_c2" id="dnb_c2">
      <formula:concept>
        <formula:qname>dnb_met:ii003</formula:qname>
      </formula:concept>
      <formula:explicitDimension dimension="dnb_dim:dim209">
        <formula:member>
          <formula:qname>dnb_dom118:mem015</formula:qname>
        </formula:member>
      </formula:explicitDimension>
      <formula:explicitDimension dimension="dnb_dim:dim099">
        <formula:member>
          <formula:qname>dnb_dom032:mem004</formula:qname>
        </formula:member>
      </formula:explicitDimension>
      <formula:explicitDimension dimension="dnb_dim:dim208">
        <formula:member>
          <formula:qname>dnb_dom003:mem008</formula:qname>
        </formula:member>
      </formula:explicitDimension>
      <formula:explicitDimension dimension="dnb_dim:dim044">
        <formula:member>
          <formula:qname>dnb_dom030:mem273</formula:qname>
        </formula:member>
      </formula:explicitDimension>
    </table:ruleNode>
    <table:definitionNodeSubtreeArc xlink:type="arc" xlink:arcrole="http://xbrl.org/arcrole/2014/definition-node-subtree" xlink:from="dnb_c1" xlink:to="dnb_c3" order="2" />
    <table:ruleNode xlink:type="resource" xlink:label="dnb_c3" id="dnb_c3">
      <formula:concept>
        <formula:qname>dnb_met:mi004</formula:qname>
      </formula:concept>
      <formula:explicitDimension dimension="dnb_dim:dim209">
        <formula:member>
          <formula:qname>dnb_dom118:mem015</formula:qname>
        </formula:member>
      </formula:explicitDimension>
      <formula:explicitDimension dimension="dnb_dim:dim099">
        <formula:member>
          <formula:qname>dnb_dom032:mem004</formula:qname>
        </formula:member>
      </formula:explicitDimension>
      <formula:explicitDimension dimension="dnb_dim:dim208">
        <formula:member>
          <formula:qname>dnb_dom003:mem008</formula:qname>
        </formula:member>
      </formula:explicitDimension>
      <formula:explicitDimension dimension="dnb_dim:dim044">
        <formula:member>
          <formula:qname>dnb_dom030:mem273</formula:qname>
        </formula:member>
      </formula:explicitDimension>
    </table:ruleNode>
    <table:ruleNode xlink:type="resource" xlink:label="dnb_c4" abstract="true" id="dnb_c4" />
    <table:definitionNodeSubtreeArc xlink:type="arc" xlink:arcrole="http://xbrl.org/arcrole/2014/definition-node-subtree" xlink:from="dnb_a1.root" xlink:to="dnb_c4" order="2" />
    <table:definitionNodeSubtreeArc xlink:type="arc" xlink:arcrole="http://xbrl.org/arcrole/2014/definition-node-subtree" xlink:from="dnb_c4" xlink:to="dnb_c5" order="1" />
    <table:ruleNode xlink:type="resource" xlink:label="dnb_c5" id="dnb_c5">
      <formula:concept>
        <formula:qname>dnb_met:ii003</formula:qname>
      </formula:concept>
      <formula:explicitDimension dimension="dnb_dim:dim209">
        <formula:member>
          <formula:qname>dnb_dom118:mem015</formula:qname>
        </formula:member>
      </formula:explicitDimension>
      <formula:explicitDimension dimension="dnb_dim:dim099">
        <formula:member>
          <formula:qname>dnb_dom032:mem004</formula:qname>
        </formula:member>
      </formula:explicitDimension>
      <formula:explicitDimension dimension="dnb_dim:dim208">
        <formula:member>
          <formula:qname>dnb_dom003:mem008</formula:qname>
        </formula:member>
      </formula:explicitDimension>
      <formula:explicitDimension dimension="dnb_dim:dim044">
        <formula:member>
          <formula:qname>dnb_dom030:mem278</formula:qname>
        </formula:member>
      </formula:explicitDimension>
    </table:ruleNode>
    <table:definitionNodeSubtreeArc xlink:type="arc" xlink:arcrole="http://xbrl.org/arcrole/2014/definition-node-subtree" xlink:from="dnb_c4" xlink:to="dnb_c6" order="2" />
    <table:ruleNode xlink:type="resource" xlink:label="dnb_c6" id="dnb_c6">
      <formula:concept>
        <formula:qname>dnb_met:mi004</formula:qname>
      </formula:concept>
      <formula:explicitDimension dimension="dnb_dim:dim209">
        <formula:member>
          <formula:qname>dnb_dom118:mem015</formula:qname>
        </formula:member>
      </formula:explicitDimension>
      <formula:explicitDimension dimension="dnb_dim:dim099">
        <formula:member>
          <formula:qname>dnb_dom032:mem004</formula:qname>
        </formula:member>
      </formula:explicitDimension>
      <formula:explicitDimension dimension="dnb_dim:dim208">
        <formula:member>
          <formula:qname>dnb_dom003:mem008</formula:qname>
        </formula:member>
      </formula:explicitDimension>
      <formula:explicitDimension dimension="dnb_dim:dim044">
        <formula:member>
          <formula:qname>dnb_dom030:mem278</formula:qname>
        </formula:member>
      </formula:explicitDimension>
    </table:ruleNode>
    <table:ruleNode xlink:type="resource" xlink:label="dnb_c7" abstract="true" id="dnb_c7" />
    <table:definitionNodeSubtreeArc xlink:type="arc" xlink:arcrole="http://xbrl.org/arcrole/2014/definition-node-subtree" xlink:from="dnb_a1.root" xlink:to="dnb_c7" order="3" />
    <table:definitionNodeSubtreeArc xlink:type="arc" xlink:arcrole="http://xbrl.org/arcrole/2014/definition-node-subtree" xlink:from="dnb_c7" xlink:to="dnb_c8" order="1" />
    <table:ruleNode xlink:type="resource" xlink:label="dnb_c8" id="dnb_c8">
      <formula:concept>
        <formula:qname>dnb_met:ii003</formula:qname>
      </formula:concept>
      <formula:explicitDimension dimension="dnb_dim:dim209">
        <formula:member>
          <formula:qname>dnb_dom118:mem015</formula:qname>
        </formula:member>
      </formula:explicitDimension>
      <formula:explicitDimension dimension="dnb_dim:dim099">
        <formula:member>
          <formula:qname>dnb_dom032:mem004</formula:qname>
        </formula:member>
      </formula:explicitDimension>
      <formula:explicitDimension dimension="dnb_dim:dim208">
        <formula:member>
          <formula:qname>dnb_dom003:mem008</formula:qname>
        </formula:member>
      </formula:explicitDimension>
      <formula:explicitDimension dimension="dnb_dim:dim044">
        <formula:member>
          <formula:qname>dnb_dom030:mem275</formula:qname>
        </formula:member>
      </formula:explicitDimension>
    </table:ruleNode>
    <table:definitionNodeSubtreeArc xlink:type="arc" xlink:arcrole="http://xbrl.org/arcrole/2014/definition-node-subtree" xlink:from="dnb_c7" xlink:to="dnb_c9" order="2" />
    <table:ruleNode xlink:type="resource" xlink:label="dnb_c9" id="dnb_c9">
      <formula:concept>
        <formula:qname>dnb_met:mi004</formula:qname>
      </formula:concept>
      <formula:explicitDimension dimension="dnb_dim:dim209">
        <formula:member>
          <formula:qname>dnb_dom118:mem015</formula:qname>
        </formula:member>
      </formula:explicitDimension>
      <formula:explicitDimension dimension="dnb_dim:dim099">
        <formula:member>
          <formula:qname>dnb_dom032:mem004</formula:qname>
        </formula:member>
      </formula:explicitDimension>
      <formula:explicitDimension dimension="dnb_dim:dim208">
        <formula:member>
          <formula:qname>dnb_dom003:mem008</formula:qname>
        </formula:member>
      </formula:explicitDimension>
      <formula:explicitDimension dimension="dnb_dim:dim044">
        <formula:member>
          <formula:qname>dnb_dom030:mem275</formula:qname>
        </formula:member>
      </formula:explicitDimension>
    </table:ruleNode>
    <table:ruleNode xlink:type="resource" xlink:label="dnb_c10" abstract="true" id="dnb_c10" />
    <table:definitionNodeSubtreeArc xlink:type="arc" xlink:arcrole="http://xbrl.org/arcrole/2014/definition-node-subtree" xlink:from="dnb_a1.root" xlink:to="dnb_c10" order="4" />
    <table:definitionNodeSubtreeArc xlink:type="arc" xlink:arcrole="http://xbrl.org/arcrole/2014/definition-node-subtree" xlink:from="dnb_c10" xlink:to="dnb_c11" order="1" />
    <table:ruleNode xlink:type="resource" xlink:label="dnb_c11" id="dnb_c11">
      <formula:concept>
        <formula:qname>dnb_met:ii003</formula:qname>
      </formula:concept>
      <formula:explicitDimension dimension="dnb_dim:dim209">
        <formula:member>
          <formula:qname>dnb_dom118:mem015</formula:qname>
        </formula:member>
      </formula:explicitDimension>
      <formula:explicitDimension dimension="dnb_dim:dim099">
        <formula:member>
          <formula:qname>dnb_dom032:mem004</formula:qname>
        </formula:member>
      </formula:explicitDimension>
      <formula:explicitDimension dimension="dnb_dim:dim208">
        <formula:member>
          <formula:qname>dnb_dom003:mem008</formula:qname>
        </formula:member>
      </formula:explicitDimension>
      <formula:explicitDimension dimension="dnb_dim:dim044">
        <formula:member>
          <formula:qname>dnb_dom030:mem281</formula:qname>
        </formula:member>
      </formula:explicitDimension>
    </table:ruleNode>
    <table:definitionNodeSubtreeArc xlink:type="arc" xlink:arcrole="http://xbrl.org/arcrole/2014/definition-node-subtree" xlink:from="dnb_c10" xlink:to="dnb_c12" order="2" />
    <table:ruleNode xlink:type="resource" xlink:label="dnb_c12" id="dnb_c12">
      <formula:concept>
        <formula:qname>dnb_met:mi004</formula:qname>
      </formula:concept>
      <formula:explicitDimension dimension="dnb_dim:dim209">
        <formula:member>
          <formula:qname>dnb_dom118:mem015</formula:qname>
        </formula:member>
      </formula:explicitDimension>
      <formula:explicitDimension dimension="dnb_dim:dim099">
        <formula:member>
          <formula:qname>dnb_dom032:mem004</formula:qname>
        </formula:member>
      </formula:explicitDimension>
      <formula:explicitDimension dimension="dnb_dim:dim208">
        <formula:member>
          <formula:qname>dnb_dom003:mem008</formula:qname>
        </formula:member>
      </formula:explicitDimension>
      <formula:explicitDimension dimension="dnb_dim:dim044">
        <formula:member>
          <formula:qname>dnb_dom030:mem281</formula:qname>
        </formula:member>
      </formula:explicitDimension>
    </table:ruleNode>
    <table:definitionNodeSubtreeArc xlink:type="arc" xlink:arcrole="http://xbrl.org/arcrole/2014/definition-node-subtree" xlink:from="dnb_c10" xlink:to="dnb_c13" order="3" />
    <table:ruleNode xlink:type="resource" xlink:label="dnb_c13" id="dnb_c13">
      <formula:concept>
        <formula:qname>dnb_met:ri053</formula:qname>
      </formula:concept>
      <formula:explicitDimension dimension="dnb_dim:dim209">
        <formula:member>
          <formula:qname>dnb_dom118:mem015</formula:qname>
        </formula:member>
      </formula:explicitDimension>
      <formula:explicitDimension dimension="dnb_dim:dim099">
        <formula:member>
          <formula:qname>dnb_dom032:mem004</formula:qname>
        </formula:member>
      </formula:explicitDimension>
      <formula:explicitDimension dimension="dnb_dim:dim208">
        <formula:member>
          <formula:qname>dnb_dom003:mem008</formula:qname>
        </formula:member>
      </formula:explicitDimension>
      <formula:explicitDimension dimension="dnb_dim:dim044">
        <formula:member>
          <formula:qname>dnb_dom030:mem281</formula:qname>
        </formula:member>
      </formula:explicitDimension>
    </table:ruleNode>
    <table:breakdown xlink:type="resource" xlink:label="dnb_a2" parentChildOrder="parent-first" id="dnb_a2" />
    <table:tableBreakdownArc xlink:type="arc" xlink:arcrole="http://xbrl.org/arcrole/2014/table-breakdown" xlink:from="dnb_tT08.02" xlink:to="dnb_a2" axis="y" order="2" />
    <table:ruleNode xlink:type="resource" xlink:label="dnb_a2.root" abstract="true" merge="true" id="dnb_a2.root" />
    <table:breakdownTreeArc xlink:type="arc" xlink:arcrole="http://xbrl.org/arcrole/2014/breakdown-tree" xlink:from="dnb_a2" xlink:to="dnb_a2.root" order="0" />
    <table:definitionNodeSubtreeArc xlink:type="arc" xlink:arcrole="http://xbrl.org/arcrole/2014/definition-node-subtree" xlink:from="dnb_a2.root" xlink:to="dnb_c14" order="1" />
    <table:ruleNode xlink:type="resource" xlink:label="dnb_c14" id="dnb_c14">
      <formula:explicitDimension dimension="dnb_dim:dim217">
        <formula:member>
          <formula:qname>dnb_dom124:mem003</formula:qname>
        </formula:member>
      </formula:explicitDimension>
      <formula:explicitDimension dimension="dnb_dim:dim221">
        <formula:member>
          <formula:qname>dnb_dom063:mem026</formula:qname>
        </formula:member>
      </formula:explicitDimension>
      <formula:explicitDimension dimension="dnb_dim:dim212">
        <formula:member>
          <formula:qname>dnb_dom064:mem019</formula:qname>
        </formula:member>
      </formula:explicitDimension>
    </table:ruleNode>
    <table:definitionNodeSubtreeArc xlink:type="arc" xlink:arcrole="http://xbrl.org/arcrole/2014/definition-node-subtree" xlink:from="dnb_c14" xlink:to="dnb_c15" order="1" />
    <table:ruleNode xlink:type="resource" xlink:label="dnb_c15" id="dnb_c15">
      <formula:explicitDimension dimension="dnb_dim:dim217">
        <formula:member>
          <formula:qname>dnb_dom124:mem003</formula:qname>
        </formula:member>
      </formula:explicitDimension>
      <formula:explicitDimension dimension="dnb_dim:dim221">
        <formula:member>
          <formula:qname>dnb_dom063:mem036</formula:qname>
        </formula:member>
      </formula:explicitDimension>
      <formula:explicitDimension dimension="dnb_dim:dim212">
        <formula:member>
          <formula:qname>dnb_dom064:mem019</formula:qname>
        </formula:member>
      </formula:explicitDimension>
    </table:ruleNode>
    <table:definitionNodeSubtreeArc xlink:type="arc" xlink:arcrole="http://xbrl.org/arcrole/2014/definition-node-subtree" xlink:from="dnb_c15" xlink:to="dnb_c16" order="1" />
    <table:ruleNode xlink:type="resource" xlink:label="dnb_c16" id="dnb_c16">
      <formula:explicitDimension dimension="dnb_dim:dim217">
        <formula:member>
          <formula:qname>dnb_dom124:mem003</formula:qname>
        </formula:member>
      </formula:explicitDimension>
      <formula:explicitDimension dimension="dnb_dim:dim221">
        <formula:member>
          <formula:qname>dnb_dom063:mem036</formula:qname>
        </formula:member>
      </formula:explicitDimension>
      <formula:explicitDimension dimension="dnb_dim:dim212">
        <formula:member>
          <formula:qname>dnb_dom064:mem035</formula:qname>
        </formula:member>
      </formula:explicitDimension>
    </table:ruleNode>
    <table:definitionNodeSubtreeArc xlink:type="arc" xlink:arcrole="http://xbrl.org/arcrole/2014/definition-node-subtree" xlink:from="dnb_c15" xlink:to="dnb_c17" order="2" />
    <table:ruleNode xlink:type="resource" xlink:label="dnb_c17" id="dnb_c17">
      <formula:explicitDimension dimension="dnb_dim:dim217">
        <formula:member>
          <formula:qname>dnb_dom124:mem003</formula:qname>
        </formula:member>
      </formula:explicitDimension>
      <formula:explicitDimension dimension="dnb_dim:dim221">
        <formula:member>
          <formula:qname>dnb_dom063:mem036</formula:qname>
        </formula:member>
      </formula:explicitDimension>
      <formula:explicitDimension dimension="dnb_dim:dim212">
        <formula:member>
          <formula:qname>dnb_dom064:mem023</formula:qname>
        </formula:member>
      </formula:explicitDimension>
    </table:ruleNode>
    <table:definitionNodeSubtreeArc xlink:type="arc" xlink:arcrole="http://xbrl.org/arcrole/2014/definition-node-subtree" xlink:from="dnb_c17" xlink:to="dnb_c18" order="1" />
    <table:ruleNode xlink:type="resource" xlink:label="dnb_c18" id="dnb_c18">
      <formula:explicitDimension dimension="dnb_dim:dim217">
        <formula:member>
          <formula:qname>dnb_dom124:mem003</formula:qname>
        </formula:member>
      </formula:explicitDimension>
      <formula:explicitDimension dimension="dnb_dim:dim221">
        <formula:member>
          <formula:qname>dnb_dom063:mem037</formula:qname>
        </formula:member>
      </formula:explicitDimension>
      <formula:explicitDimension dimension="dnb_dim:dim212">
        <formula:member>
          <formula:qname>dnb_dom064:mem023</formula:qname>
        </formula:member>
      </formula:explicitDimension>
    </table:ruleNode>
    <table:definitionNodeSubtreeArc xlink:type="arc" xlink:arcrole="http://xbrl.org/arcrole/2014/definition-node-subtree" xlink:from="dnb_c14" xlink:to="dnb_c19" order="2" />
    <table:ruleNode xlink:type="resource" xlink:label="dnb_c19" id="dnb_c19">
      <formula:explicitDimension dimension="dnb_dim:dim217">
        <formula:member>
          <formula:qname>dnb_dom124:mem003</formula:qname>
        </formula:member>
      </formula:explicitDimension>
      <formula:explicitDimension dimension="dnb_dim:dim221">
        <formula:member>
          <formula:qname>dnb_dom063:mem041</formula:qname>
        </formula:member>
      </formula:explicitDimension>
      <formula:explicitDimension dimension="dnb_dim:dim212">
        <formula:member>
          <formula:qname>dnb_dom064:mem019</formula:qname>
        </formula:member>
      </formula:explicitDimension>
    </table:ruleNode>
    <table:definitionNodeSubtreeArc xlink:type="arc" xlink:arcrole="http://xbrl.org/arcrole/2014/definition-node-subtree" xlink:from="dnb_c14" xlink:to="dnb_c20" order="3" />
    <table:ruleNode xlink:type="resource" xlink:label="dnb_c20" id="dnb_c20">
      <formula:explicitDimension dimension="dnb_dim:dim217">
        <formula:member>
          <formula:qname>dnb_dom124:mem003</formula:qname>
        </formula:member>
      </formula:explicitDimension>
      <formula:explicitDimension dimension="dnb_dim:dim221">
        <formula:member>
          <formula:qname>dnb_dom063:mem027</formula:qname>
        </formula:member>
      </formula:explicitDimension>
      <formula:explicitDimension dimension="dnb_dim:dim212">
        <formula:member>
          <formula:qname>dnb_dom064:mem019</formula:qname>
        </formula:member>
      </formula:explicitDimension>
    </table:ruleNode>
    <table:definitionNodeSubtreeArc xlink:type="arc" xlink:arcrole="http://xbrl.org/arcrole/2014/definition-node-subtree" xlink:from="dnb_c14" xlink:to="dnb_c21" order="4" />
    <table:ruleNode xlink:type="resource" xlink:label="dnb_c21" id="dnb_c21">
      <formula:explicitDimension dimension="dnb_dim:dim217">
        <formula:member>
          <formula:qname>dnb_dom124:mem003</formula:qname>
        </formula:member>
      </formula:explicitDimension>
      <formula:explicitDimension dimension="dnb_dim:dim221">
        <formula:member>
          <formula:qname>dnb_dom063:mem033</formula:qname>
        </formula:member>
      </formula:explicitDimension>
      <formula:explicitDimension dimension="dnb_dim:dim212">
        <formula:member>
          <formula:qname>dnb_dom064:mem020</formula:qname>
        </formula:member>
      </formula:explicitDimension>
    </table:ruleNode>
    <table:definitionNodeSubtreeArc xlink:type="arc" xlink:arcrole="http://xbrl.org/arcrole/2014/definition-node-subtree" xlink:from="dnb_c14" xlink:to="dnb_c22" order="5" />
    <table:ruleNode xlink:type="resource" xlink:label="dnb_c22" id="dnb_c22">
      <formula:explicitDimension dimension="dnb_dim:dim217">
        <formula:member>
          <formula:qname>dnb_dom124:mem003</formula:qname>
        </formula:member>
      </formula:explicitDimension>
      <formula:explicitDimension dimension="dnb_dim:dim221">
        <formula:member>
          <formula:qname>dnb_dom063:mem031</formula:qname>
        </formula:member>
      </formula:explicitDimension>
      <formula:explicitDimension dimension="dnb_dim:dim212">
        <formula:member>
          <formula:qname>dnb_dom064:mem020</formula:qname>
        </formula:member>
      </formula:explicitDimension>
    </table:ruleNode>
    <table:definitionNodeSubtreeArc xlink:type="arc" xlink:arcrole="http://xbrl.org/arcrole/2014/definition-node-subtree" xlink:from="dnb_c14" xlink:to="dnb_c23" order="6" />
    <table:ruleNode xlink:type="resource" xlink:label="dnb_c23" id="dnb_c23">
      <formula:explicitDimension dimension="dnb_dim:dim217">
        <formula:member>
          <formula:qname>dnb_dom124:mem003</formula:qname>
        </formula:member>
      </formula:explicitDimension>
      <formula:explicitDimension dimension="dnb_dim:dim221">
        <formula:member>
          <formula:qname>dnb_dom063:mem043</formula:qname>
        </formula:member>
      </formula:explicitDimension>
      <formula:explicitDimension dimension="dnb_dim:dim212">
        <formula:member>
          <formula:qname>dnb_dom064:mem019</formula:qname>
        </formula:member>
      </formula:explicitDimension>
    </table:ruleNode>
    <table:definitionNodeSubtreeArc xlink:type="arc" xlink:arcrole="http://xbrl.org/arcrole/2014/definition-node-subtree" xlink:from="dnb_c14" xlink:to="dnb_c24" order="7" />
    <table:ruleNode xlink:type="resource" xlink:label="dnb_c24" id="dnb_c24">
      <formula:explicitDimension dimension="dnb_dim:dim217">
        <formula:member>
          <formula:qname>dnb_dom124:mem003</formula:qname>
        </formula:member>
      </formula:explicitDimension>
      <formula:explicitDimension dimension="dnb_dim:dim221">
        <formula:member>
          <formula:qname>dnb_dom063:mem035</formula:qname>
        </formula:member>
      </formula:explicitDimension>
      <formula:explicitDimension dimension="dnb_dim:dim212">
        <formula:member>
          <formula:qname>dnb_dom064:mem019</formula:qname>
        </formula:member>
      </formula:explicitDimension>
    </table:ruleNode>
    <table:definitionNodeSubtreeArc xlink:type="arc" xlink:arcrole="http://xbrl.org/arcrole/2014/definition-node-subtree" xlink:from="dnb_c14" xlink:to="dnb_c25" order="8" />
    <table:ruleNode xlink:type="resource" xlink:label="dnb_c25" id="dnb_c25">
      <formula:explicitDimension dimension="dnb_dim:dim217">
        <formula:member>
          <formula:qname>dnb_dom124:mem003</formula:qname>
        </formula:member>
      </formula:explicitDimension>
      <formula:explicitDimension dimension="dnb_dim:dim221">
        <formula:member>
          <formula:qname>dnb_dom063:mem048</formula:qname>
        </formula:member>
      </formula:explicitDimension>
      <formula:explicitDimension dimension="dnb_dim:dim212">
        <formula:member>
          <formula:qname>dnb_dom064:mem019</formula:qname>
        </formula:member>
      </formula:explicitDimension>
    </table:ruleNode>
    <table:definitionNodeSubtreeArc xlink:type="arc" xlink:arcrole="http://xbrl.org/arcrole/2014/definition-node-subtree" xlink:from="dnb_a2.root" xlink:to="dnb_c26" order="2" />
    <table:ruleNode xlink:type="resource" xlink:label="dnb_c26" id="dnb_c26">
      <formula:explicitDimension dimension="dnb_dim:dim217">
        <formula:member>
          <formula:qname>dnb_dom124:mem002</formula:qname>
        </formula:member>
      </formula:explicitDimension>
      <formula:explicitDimension dimension="dnb_dim:dim221">
        <formula:member>
          <formula:qname>dnb_dom063:mem026</formula:qname>
        </formula:member>
      </formula:explicitDimension>
      <formula:explicitDimension dimension="dnb_dim:dim212">
        <formula:member>
          <formula:qname>dnb_dom064:mem019</formula:qname>
        </formula:member>
      </formula:explicitDimension>
    </table:ruleNode>
    <table:definitionNodeSubtreeArc xlink:type="arc" xlink:arcrole="http://xbrl.org/arcrole/2014/definition-node-subtree" xlink:from="dnb_a2.root" xlink:to="dnb_c27" order="3" />
    <table:ruleNode xlink:type="resource" xlink:label="dnb_c27" id="dnb_c27">
      <formula:explicitDimension dimension="dnb_dim:dim217">
        <formula:member>
          <formula:qname>dnb_dom124:mem001</formula:qname>
        </formula:member>
      </formula:explicitDimension>
      <formula:explicitDimension dimension="dnb_dim:dim221">
        <formula:member>
          <formula:qname>dnb_dom063:mem026</formula:qname>
        </formula:member>
      </formula:explicitDimension>
      <formula:explicitDimension dimension="dnb_dim:dim212">
        <formula:member>
          <formula:qname>dnb_dom064:mem019</formula:qname>
        </formula:member>
      </formula:explicitDimension>
    </table:ruleNode>
    <table:breakdown xlink:type="resource" xlink:label="dnb_a3" parentChildOrder="parent-first" id="dnb_a3" />
    <table:tableBreakdownArc xlink:type="arc" xlink:arcrole="http://xbrl.org/arcrole/2014/table-breakdown" xlink:from="dnb_tT08.02" xlink:to="dnb_a3" axis="z" order="3" />
    <table:breakdownTreeArc xlink:type="arc" xlink:arcrole="http://xbrl.org/arcrole/2014/breakdown-tree" xlink:from="dnb_a3" xlink:to="dnb_a3.root" order="0" />
    <table:aspectNode xlink:type="resource" xlink:label="dnb_a3.root" id="dnb_a3.root">
      <table:dimensionAspect>dnb_dim:dim228</table:dimensionAspect>
    </table:aspectNode>
  </gen:link>
</link:linkbase>