﻿<?xml version="1.0" encoding="utf-8"?>
<!--© DNB-->
<!--Taxonomy Creation Date UTC 2025-05-21T09:34:14+02:00-->
<link:linkbase xmlns:xsi="http://www.w3.org/2001/XMLSchema-instance" xmlns:xlink="http://www.w3.org/1999/xlink" xmlns:link="http://www.xbrl.org/2003/linkbase" xmlns:gen="http://xbrl.org/2008/generic" xmlns:label="http://xbrl.org/2008/label" xmlns:formula="http://xbrl.org/2008/formula" xmlns:df="http://xbrl.org/2008/filter/dimension" xmlns:table="http://xbrl.org/2014/table" xmlns:model="http://www.eurofiling.info/xbrl/ext/model" xmlns:dnb_dim="http://www.dnb.nl/xbrl/dict/dim" xmlns:dnb_dom118="http://www.dnb.nl/xbrl/dict/dom/dom118" xmlns:dnb_dom032="http://www.dnb.nl/xbrl/dict/dom/dom032" xmlns:dnb_dom001="http://www.dnb.nl/xbrl/dict/dom/dom001" xmlns:dnb_dom119="http://www.dnb.nl/xbrl/dict/dom/dom119" xmlns:dnb_dom030="http://www.dnb.nl/xbrl/dict/dom/dom030" xmlns:dnb_dom063="http://www.dnb.nl/xbrl/dict/dom/dom063" xmlns:dnb_dom128="http://www.dnb.nl/xbrl/dict/dom/dom128" xmlns:dnb_dom120="http://www.dnb.nl/xbrl/dict/dom/dom120" xmlns:dnb_met="http://www.dnb.nl/xbrl/dict/met" xsi:schemaLocation="http://www.xbrl.org/2003/linkbase http://www.xbrl.org/2003/xbrl-linkbase-2003-12-31.xsd http://xbrl.org/2008/generic http://www.xbrl.org/2008/generic-link.xsd http://xbrl.org/2008/label http://www.xbrl.org/2008/generic-label.xsd http://xbrl.org/2008/formula http://www.xbrl.org/2008/formula.xsd http://xbrl.org/2008/filter/dimension http://www.xbrl.org/2008/dimension-filter.xsd http://xbrl.org/2014/table http://www.xbrl.org/2014/table.xsd http://www.eurofiling.info/xbrl/ext/model http://www.eurofiling.info/eu/fr/xbrl/ext/model.xsd">
  <link:arcroleRef arcroleURI="http://xbrl.org/arcrole/2014/breakdown-tree" xlink:type="simple" xlink:href="http://www.xbrl.org/2014/table.xsd#breakdown-tree" />
  <link:arcroleRef arcroleURI="http://xbrl.org/arcrole/2014/definition-node-subtree" xlink:type="simple" xlink:href="http://www.xbrl.org/2014/table.xsd#definition-node-subtree" />
  <link:arcroleRef arcroleURI="http://xbrl.org/arcrole/2014/table-breakdown" xlink:type="simple" xlink:href="http://www.xbrl.org/2014/table.xsd#table-breakdown" />
  <link:roleRef roleURI="http://www.dnb.nl/xbrl/role/fws/DNB-NR/pay-2022-01/2025-12-31/tab/T03.01" xlink:type="simple" xlink:href="t03.01.xsd#role" />
  <gen:link xlink:type="extended" xlink:role="http://www.dnb.nl/xbrl/role/fws/DNB-NR/pay-2022-01/2025-12-31/tab/T03.01">
    <table:table xlink:type="resource" xlink:label="dnb_tT03.01" id="dnb_tT03.01" />
    <table:breakdown xlink:type="resource" xlink:label="dnb_a1" parentChildOrder="parent-first" id="dnb_a1" />
    <table:tableBreakdownArc xlink:type="arc" xlink:arcrole="http://xbrl.org/arcrole/2014/table-breakdown" xlink:from="dnb_tT03.01" xlink:to="dnb_a1" axis="x" order="1" />
    <table:ruleNode xlink:type="resource" xlink:label="dnb_a1.root" abstract="true" merge="true" id="dnb_a1.root" />
    <table:breakdownTreeArc xlink:type="arc" xlink:arcrole="http://xbrl.org/arcrole/2014/breakdown-tree" xlink:from="dnb_a1" xlink:to="dnb_a1.root" order="0" />
    <table:definitionNodeSubtreeArc xlink:type="arc" xlink:arcrole="http://xbrl.org/arcrole/2014/definition-node-subtree" xlink:from="dnb_a1.root" xlink:to="dnb_c1" order="1" />
    <table:ruleNode xlink:type="resource" xlink:label="dnb_c1" id="dnb_c1">
      <formula:concept>
        <formula:qname>dnb_met:mi004</formula:qname>
      </formula:concept>
      <formula:explicitDimension dimension="dnb_dim:dim209">
        <formula:member>
          <formula:qname>dnb_dom118:mem009</formula:qname>
        </formula:member>
      </formula:explicitDimension>
      <formula:explicitDimension dimension="dnb_dim:dim099">
        <formula:member>
          <formula:qname>dnb_dom032:mem004</formula:qname>
        </formula:member>
      </formula:explicitDimension>
      <formula:explicitDimension dimension="dnb_dim:dim210">
        <formula:member>
          <formula:qname>dnb_dom001:mem007</formula:qname>
        </formula:member>
      </formula:explicitDimension>
      <formula:explicitDimension dimension="dnb_dim:dim211">
        <formula:member>
          <formula:qname>dnb_dom119:mem004</formula:qname>
        </formula:member>
      </formula:explicitDimension>
      <formula:explicitDimension dimension="dnb_dim:dim044">
        <formula:member>
          <formula:qname>dnb_dom030:mem281</formula:qname>
        </formula:member>
      </formula:explicitDimension>
    </table:ruleNode>
    <table:breakdown xlink:type="resource" xlink:label="dnb_a2" parentChildOrder="parent-first" id="dnb_a2" />
    <table:tableBreakdownArc xlink:type="arc" xlink:arcrole="http://xbrl.org/arcrole/2014/table-breakdown" xlink:from="dnb_tT03.01" xlink:to="dnb_a2" axis="y" order="2" />
    <table:ruleNode xlink:type="resource" xlink:label="dnb_a2.root" abstract="true" merge="true" id="dnb_a2.root" />
    <table:breakdownTreeArc xlink:type="arc" xlink:arcrole="http://xbrl.org/arcrole/2014/breakdown-tree" xlink:from="dnb_a2" xlink:to="dnb_a2.root" order="0" />
    <table:ruleNode xlink:type="resource" xlink:label="dnb_c2" abstract="true" id="dnb_c2" />
    <table:definitionNodeSubtreeArc xlink:type="arc" xlink:arcrole="http://xbrl.org/arcrole/2014/definition-node-subtree" xlink:from="dnb_a2.root" xlink:to="dnb_c2" order="1" />
    <table:ruleNode xlink:type="resource" xlink:label="dnb_c3" abstract="true" id="dnb_c3" />
    <table:definitionNodeSubtreeArc xlink:type="arc" xlink:arcrole="http://xbrl.org/arcrole/2014/definition-node-subtree" xlink:from="dnb_c2" xlink:to="dnb_c3" order="1" />
    <table:definitionNodeSubtreeArc xlink:type="arc" xlink:arcrole="http://xbrl.org/arcrole/2014/definition-node-subtree" xlink:from="dnb_c3" xlink:to="dnb_c4" order="1" />
    <table:ruleNode xlink:type="resource" xlink:label="dnb_c4" id="dnb_c4">
      <formula:explicitDimension dimension="dnb_dim:dim221">
        <formula:member>
          <formula:qname>dnb_dom063:mem036</formula:qname>
        </formula:member>
      </formula:explicitDimension>
      <formula:explicitDimension dimension="dnb_dim:dim223">
        <formula:member>
          <formula:qname>dnb_dom128:mem003</formula:qname>
        </formula:member>
      </formula:explicitDimension>
      <formula:explicitDimension dimension="dnb_dim:dim213">
        <formula:member>
          <formula:qname>dnb_dom120:mem003</formula:qname>
        </formula:member>
      </formula:explicitDimension>
    </table:ruleNode>
    <table:definitionNodeSubtreeArc xlink:type="arc" xlink:arcrole="http://xbrl.org/arcrole/2014/definition-node-subtree" xlink:from="dnb_c3" xlink:to="dnb_c5" order="2" />
    <table:ruleNode xlink:type="resource" xlink:label="dnb_c5" id="dnb_c5">
      <formula:explicitDimension dimension="dnb_dim:dim221">
        <formula:member>
          <formula:qname>dnb_dom063:mem036</formula:qname>
        </formula:member>
      </formula:explicitDimension>
      <formula:explicitDimension dimension="dnb_dim:dim223">
        <formula:member>
          <formula:qname>dnb_dom128:mem003</formula:qname>
        </formula:member>
      </formula:explicitDimension>
      <formula:explicitDimension dimension="dnb_dim:dim213">
        <formula:member>
          <formula:qname>dnb_dom120:mem002</formula:qname>
        </formula:member>
      </formula:explicitDimension>
    </table:ruleNode>
    <table:definitionNodeSubtreeArc xlink:type="arc" xlink:arcrole="http://xbrl.org/arcrole/2014/definition-node-subtree" xlink:from="dnb_c3" xlink:to="dnb_c6" order="3" />
    <table:ruleNode xlink:type="resource" xlink:label="dnb_c6" id="dnb_c6">
      <formula:explicitDimension dimension="dnb_dim:dim221">
        <formula:member>
          <formula:qname>dnb_dom063:mem036</formula:qname>
        </formula:member>
      </formula:explicitDimension>
      <formula:explicitDimension dimension="dnb_dim:dim223">
        <formula:member>
          <formula:qname>dnb_dom128:mem003</formula:qname>
        </formula:member>
      </formula:explicitDimension>
      <formula:explicitDimension dimension="dnb_dim:dim213">
        <formula:member>
          <formula:qname>dnb_dom120:mem001</formula:qname>
        </formula:member>
      </formula:explicitDimension>
    </table:ruleNode>
    <table:ruleNode xlink:type="resource" xlink:label="dnb_c7" abstract="true" id="dnb_c7" />
    <table:definitionNodeSubtreeArc xlink:type="arc" xlink:arcrole="http://xbrl.org/arcrole/2014/definition-node-subtree" xlink:from="dnb_a2.root" xlink:to="dnb_c7" order="2" />
    <table:ruleNode xlink:type="resource" xlink:label="dnb_c8" abstract="true" id="dnb_c8" />
    <table:definitionNodeSubtreeArc xlink:type="arc" xlink:arcrole="http://xbrl.org/arcrole/2014/definition-node-subtree" xlink:from="dnb_c7" xlink:to="dnb_c8" order="1" />
    <table:definitionNodeSubtreeArc xlink:type="arc" xlink:arcrole="http://xbrl.org/arcrole/2014/definition-node-subtree" xlink:from="dnb_c8" xlink:to="dnb_c9" order="1" />
    <table:ruleNode xlink:type="resource" xlink:label="dnb_c9" id="dnb_c9">
      <formula:explicitDimension dimension="dnb_dim:dim221">
        <formula:member>
          <formula:qname>dnb_dom063:mem041</formula:qname>
        </formula:member>
      </formula:explicitDimension>
      <formula:explicitDimension dimension="dnb_dim:dim223">
        <formula:member>
          <formula:qname>dnb_dom128:mem002</formula:qname>
        </formula:member>
      </formula:explicitDimension>
      <formula:explicitDimension dimension="dnb_dim:dim213">
        <formula:member>
          <formula:qname>dnb_dom120:mem003</formula:qname>
        </formula:member>
      </formula:explicitDimension>
    </table:ruleNode>
    <table:definitionNodeSubtreeArc xlink:type="arc" xlink:arcrole="http://xbrl.org/arcrole/2014/definition-node-subtree" xlink:from="dnb_c8" xlink:to="dnb_c10" order="2" />
    <table:ruleNode xlink:type="resource" xlink:label="dnb_c10" id="dnb_c10">
      <formula:explicitDimension dimension="dnb_dim:dim221">
        <formula:member>
          <formula:qname>dnb_dom063:mem041</formula:qname>
        </formula:member>
      </formula:explicitDimension>
      <formula:explicitDimension dimension="dnb_dim:dim223">
        <formula:member>
          <formula:qname>dnb_dom128:mem002</formula:qname>
        </formula:member>
      </formula:explicitDimension>
      <formula:explicitDimension dimension="dnb_dim:dim213">
        <formula:member>
          <formula:qname>dnb_dom120:mem002</formula:qname>
        </formula:member>
      </formula:explicitDimension>
    </table:ruleNode>
    <table:definitionNodeSubtreeArc xlink:type="arc" xlink:arcrole="http://xbrl.org/arcrole/2014/definition-node-subtree" xlink:from="dnb_c8" xlink:to="dnb_c11" order="3" />
    <table:ruleNode xlink:type="resource" xlink:label="dnb_c11" id="dnb_c11">
      <formula:explicitDimension dimension="dnb_dim:dim221">
        <formula:member>
          <formula:qname>dnb_dom063:mem041</formula:qname>
        </formula:member>
      </formula:explicitDimension>
      <formula:explicitDimension dimension="dnb_dim:dim223">
        <formula:member>
          <formula:qname>dnb_dom128:mem002</formula:qname>
        </formula:member>
      </formula:explicitDimension>
      <formula:explicitDimension dimension="dnb_dim:dim213">
        <formula:member>
          <formula:qname>dnb_dom120:mem001</formula:qname>
        </formula:member>
      </formula:explicitDimension>
    </table:ruleNode>
    <table:ruleNode xlink:type="resource" xlink:label="dnb_c12" abstract="true" id="dnb_c12" />
    <table:definitionNodeSubtreeArc xlink:type="arc" xlink:arcrole="http://xbrl.org/arcrole/2014/definition-node-subtree" xlink:from="dnb_a2.root" xlink:to="dnb_c12" order="3" />
    <table:ruleNode xlink:type="resource" xlink:label="dnb_c13" abstract="true" id="dnb_c13" />
    <table:definitionNodeSubtreeArc xlink:type="arc" xlink:arcrole="http://xbrl.org/arcrole/2014/definition-node-subtree" xlink:from="dnb_c12" xlink:to="dnb_c13" order="1" />
    <table:definitionNodeSubtreeArc xlink:type="arc" xlink:arcrole="http://xbrl.org/arcrole/2014/definition-node-subtree" xlink:from="dnb_c13" xlink:to="dnb_c14" order="1" />
    <table:ruleNode xlink:type="resource" xlink:label="dnb_c14" id="dnb_c14">
      <formula:explicitDimension dimension="dnb_dim:dim221">
        <formula:member>
          <formula:qname>dnb_dom063:mem027</formula:qname>
        </formula:member>
      </formula:explicitDimension>
      <formula:explicitDimension dimension="dnb_dim:dim223">
        <formula:member>
          <formula:qname>dnb_dom128:mem003</formula:qname>
        </formula:member>
      </formula:explicitDimension>
      <formula:explicitDimension dimension="dnb_dim:dim213">
        <formula:member>
          <formula:qname>dnb_dom120:mem003</formula:qname>
        </formula:member>
      </formula:explicitDimension>
    </table:ruleNode>
    <table:definitionNodeSubtreeArc xlink:type="arc" xlink:arcrole="http://xbrl.org/arcrole/2014/definition-node-subtree" xlink:from="dnb_c13" xlink:to="dnb_c15" order="2" />
    <table:ruleNode xlink:type="resource" xlink:label="dnb_c15" id="dnb_c15">
      <formula:explicitDimension dimension="dnb_dim:dim221">
        <formula:member>
          <formula:qname>dnb_dom063:mem027</formula:qname>
        </formula:member>
      </formula:explicitDimension>
      <formula:explicitDimension dimension="dnb_dim:dim223">
        <formula:member>
          <formula:qname>dnb_dom128:mem003</formula:qname>
        </formula:member>
      </formula:explicitDimension>
      <formula:explicitDimension dimension="dnb_dim:dim213">
        <formula:member>
          <formula:qname>dnb_dom120:mem002</formula:qname>
        </formula:member>
      </formula:explicitDimension>
    </table:ruleNode>
    <table:definitionNodeSubtreeArc xlink:type="arc" xlink:arcrole="http://xbrl.org/arcrole/2014/definition-node-subtree" xlink:from="dnb_c13" xlink:to="dnb_c16" order="3" />
    <table:ruleNode xlink:type="resource" xlink:label="dnb_c16" id="dnb_c16">
      <formula:explicitDimension dimension="dnb_dim:dim221">
        <formula:member>
          <formula:qname>dnb_dom063:mem027</formula:qname>
        </formula:member>
      </formula:explicitDimension>
      <formula:explicitDimension dimension="dnb_dim:dim223">
        <formula:member>
          <formula:qname>dnb_dom128:mem003</formula:qname>
        </formula:member>
      </formula:explicitDimension>
      <formula:explicitDimension dimension="dnb_dim:dim213">
        <formula:member>
          <formula:qname>dnb_dom120:mem001</formula:qname>
        </formula:member>
      </formula:explicitDimension>
    </table:ruleNode>
    <table:ruleNode xlink:type="resource" xlink:label="dnb_c17" abstract="true" id="dnb_c17" />
    <table:definitionNodeSubtreeArc xlink:type="arc" xlink:arcrole="http://xbrl.org/arcrole/2014/definition-node-subtree" xlink:from="dnb_a2.root" xlink:to="dnb_c17" order="4" />
    <table:ruleNode xlink:type="resource" xlink:label="dnb_c18" abstract="true" id="dnb_c18" />
    <table:definitionNodeSubtreeArc xlink:type="arc" xlink:arcrole="http://xbrl.org/arcrole/2014/definition-node-subtree" xlink:from="dnb_c17" xlink:to="dnb_c18" order="1" />
    <table:definitionNodeSubtreeArc xlink:type="arc" xlink:arcrole="http://xbrl.org/arcrole/2014/definition-node-subtree" xlink:from="dnb_c18" xlink:to="dnb_c19" order="1" />
    <table:ruleNode xlink:type="resource" xlink:label="dnb_c19" id="dnb_c19">
      <formula:explicitDimension dimension="dnb_dim:dim221">
        <formula:member>
          <formula:qname>dnb_dom063:mem027</formula:qname>
        </formula:member>
      </formula:explicitDimension>
      <formula:explicitDimension dimension="dnb_dim:dim223">
        <formula:member>
          <formula:qname>dnb_dom128:mem002</formula:qname>
        </formula:member>
      </formula:explicitDimension>
      <formula:explicitDimension dimension="dnb_dim:dim213">
        <formula:member>
          <formula:qname>dnb_dom120:mem003</formula:qname>
        </formula:member>
      </formula:explicitDimension>
    </table:ruleNode>
    <table:definitionNodeSubtreeArc xlink:type="arc" xlink:arcrole="http://xbrl.org/arcrole/2014/definition-node-subtree" xlink:from="dnb_c18" xlink:to="dnb_c20" order="2" />
    <table:ruleNode xlink:type="resource" xlink:label="dnb_c20" id="dnb_c20">
      <formula:explicitDimension dimension="dnb_dim:dim221">
        <formula:member>
          <formula:qname>dnb_dom063:mem027</formula:qname>
        </formula:member>
      </formula:explicitDimension>
      <formula:explicitDimension dimension="dnb_dim:dim223">
        <formula:member>
          <formula:qname>dnb_dom128:mem002</formula:qname>
        </formula:member>
      </formula:explicitDimension>
      <formula:explicitDimension dimension="dnb_dim:dim213">
        <formula:member>
          <formula:qname>dnb_dom120:mem002</formula:qname>
        </formula:member>
      </formula:explicitDimension>
    </table:ruleNode>
    <table:definitionNodeSubtreeArc xlink:type="arc" xlink:arcrole="http://xbrl.org/arcrole/2014/definition-node-subtree" xlink:from="dnb_c18" xlink:to="dnb_c21" order="3" />
    <table:ruleNode xlink:type="resource" xlink:label="dnb_c21" id="dnb_c21">
      <formula:explicitDimension dimension="dnb_dim:dim221">
        <formula:member>
          <formula:qname>dnb_dom063:mem027</formula:qname>
        </formula:member>
      </formula:explicitDimension>
      <formula:explicitDimension dimension="dnb_dim:dim223">
        <formula:member>
          <formula:qname>dnb_dom128:mem002</formula:qname>
        </formula:member>
      </formula:explicitDimension>
      <formula:explicitDimension dimension="dnb_dim:dim213">
        <formula:member>
          <formula:qname>dnb_dom120:mem001</formula:qname>
        </formula:member>
      </formula:explicitDimension>
    </table:ruleNode>
    <table:ruleNode xlink:type="resource" xlink:label="dnb_c22" abstract="true" id="dnb_c22" />
    <table:definitionNodeSubtreeArc xlink:type="arc" xlink:arcrole="http://xbrl.org/arcrole/2014/definition-node-subtree" xlink:from="dnb_a2.root" xlink:to="dnb_c22" order="5" />
    <table:ruleNode xlink:type="resource" xlink:label="dnb_c23" abstract="true" id="dnb_c23" />
    <table:definitionNodeSubtreeArc xlink:type="arc" xlink:arcrole="http://xbrl.org/arcrole/2014/definition-node-subtree" xlink:from="dnb_c22" xlink:to="dnb_c23" order="1" />
    <table:definitionNodeSubtreeArc xlink:type="arc" xlink:arcrole="http://xbrl.org/arcrole/2014/definition-node-subtree" xlink:from="dnb_c23" xlink:to="dnb_c24" order="1" />
    <table:ruleNode xlink:type="resource" xlink:label="dnb_c24" id="dnb_c24">
      <formula:explicitDimension dimension="dnb_dim:dim221">
        <formula:member>
          <formula:qname>dnb_dom063:mem034</formula:qname>
        </formula:member>
      </formula:explicitDimension>
      <formula:explicitDimension dimension="dnb_dim:dim223">
        <formula:member>
          <formula:qname>dnb_dom128:mem003</formula:qname>
        </formula:member>
      </formula:explicitDimension>
      <formula:explicitDimension dimension="dnb_dim:dim213">
        <formula:member>
          <formula:qname>dnb_dom120:mem003</formula:qname>
        </formula:member>
      </formula:explicitDimension>
    </table:ruleNode>
    <table:definitionNodeSubtreeArc xlink:type="arc" xlink:arcrole="http://xbrl.org/arcrole/2014/definition-node-subtree" xlink:from="dnb_c23" xlink:to="dnb_c25" order="2" />
    <table:ruleNode xlink:type="resource" xlink:label="dnb_c25" id="dnb_c25">
      <formula:explicitDimension dimension="dnb_dim:dim221">
        <formula:member>
          <formula:qname>dnb_dom063:mem034</formula:qname>
        </formula:member>
      </formula:explicitDimension>
      <formula:explicitDimension dimension="dnb_dim:dim223">
        <formula:member>
          <formula:qname>dnb_dom128:mem003</formula:qname>
        </formula:member>
      </formula:explicitDimension>
      <formula:explicitDimension dimension="dnb_dim:dim213">
        <formula:member>
          <formula:qname>dnb_dom120:mem002</formula:qname>
        </formula:member>
      </formula:explicitDimension>
    </table:ruleNode>
    <table:definitionNodeSubtreeArc xlink:type="arc" xlink:arcrole="http://xbrl.org/arcrole/2014/definition-node-subtree" xlink:from="dnb_c23" xlink:to="dnb_c26" order="3" />
    <table:ruleNode xlink:type="resource" xlink:label="dnb_c26" id="dnb_c26">
      <formula:explicitDimension dimension="dnb_dim:dim221">
        <formula:member>
          <formula:qname>dnb_dom063:mem034</formula:qname>
        </formula:member>
      </formula:explicitDimension>
      <formula:explicitDimension dimension="dnb_dim:dim223">
        <formula:member>
          <formula:qname>dnb_dom128:mem003</formula:qname>
        </formula:member>
      </formula:explicitDimension>
      <formula:explicitDimension dimension="dnb_dim:dim213">
        <formula:member>
          <formula:qname>dnb_dom120:mem001</formula:qname>
        </formula:member>
      </formula:explicitDimension>
    </table:ruleNode>
    <table:ruleNode xlink:type="resource" xlink:label="dnb_c27" abstract="true" id="dnb_c27" />
    <table:definitionNodeSubtreeArc xlink:type="arc" xlink:arcrole="http://xbrl.org/arcrole/2014/definition-node-subtree" xlink:from="dnb_a2.root" xlink:to="dnb_c27" order="6" />
    <table:ruleNode xlink:type="resource" xlink:label="dnb_c28" abstract="true" id="dnb_c28" />
    <table:definitionNodeSubtreeArc xlink:type="arc" xlink:arcrole="http://xbrl.org/arcrole/2014/definition-node-subtree" xlink:from="dnb_c27" xlink:to="dnb_c28" order="1" />
    <table:definitionNodeSubtreeArc xlink:type="arc" xlink:arcrole="http://xbrl.org/arcrole/2014/definition-node-subtree" xlink:from="dnb_c28" xlink:to="dnb_c29" order="1" />
    <table:ruleNode xlink:type="resource" xlink:label="dnb_c29" id="dnb_c29">
      <formula:explicitDimension dimension="dnb_dim:dim221">
        <formula:member>
          <formula:qname>dnb_dom063:mem043</formula:qname>
        </formula:member>
      </formula:explicitDimension>
      <formula:explicitDimension dimension="dnb_dim:dim223">
        <formula:member>
          <formula:qname>dnb_dom128:mem003</formula:qname>
        </formula:member>
      </formula:explicitDimension>
      <formula:explicitDimension dimension="dnb_dim:dim213">
        <formula:member>
          <formula:qname>dnb_dom120:mem003</formula:qname>
        </formula:member>
      </formula:explicitDimension>
    </table:ruleNode>
    <table:definitionNodeSubtreeArc xlink:type="arc" xlink:arcrole="http://xbrl.org/arcrole/2014/definition-node-subtree" xlink:from="dnb_c28" xlink:to="dnb_c30" order="2" />
    <table:ruleNode xlink:type="resource" xlink:label="dnb_c30" id="dnb_c30">
      <formula:explicitDimension dimension="dnb_dim:dim221">
        <formula:member>
          <formula:qname>dnb_dom063:mem043</formula:qname>
        </formula:member>
      </formula:explicitDimension>
      <formula:explicitDimension dimension="dnb_dim:dim223">
        <formula:member>
          <formula:qname>dnb_dom128:mem003</formula:qname>
        </formula:member>
      </formula:explicitDimension>
      <formula:explicitDimension dimension="dnb_dim:dim213">
        <formula:member>
          <formula:qname>dnb_dom120:mem002</formula:qname>
        </formula:member>
      </formula:explicitDimension>
    </table:ruleNode>
    <table:definitionNodeSubtreeArc xlink:type="arc" xlink:arcrole="http://xbrl.org/arcrole/2014/definition-node-subtree" xlink:from="dnb_c28" xlink:to="dnb_c31" order="3" />
    <table:ruleNode xlink:type="resource" xlink:label="dnb_c31" id="dnb_c31">
      <formula:explicitDimension dimension="dnb_dim:dim221">
        <formula:member>
          <formula:qname>dnb_dom063:mem043</formula:qname>
        </formula:member>
      </formula:explicitDimension>
      <formula:explicitDimension dimension="dnb_dim:dim223">
        <formula:member>
          <formula:qname>dnb_dom128:mem003</formula:qname>
        </formula:member>
      </formula:explicitDimension>
      <formula:explicitDimension dimension="dnb_dim:dim213">
        <formula:member>
          <formula:qname>dnb_dom120:mem001</formula:qname>
        </formula:member>
      </formula:explicitDimension>
    </table:ruleNode>
  </gen:link>
</link:linkbase>