﻿<?xml version="1.0" encoding="utf-8"?>
<!--© DNB-->
<!--Taxonomy Creation Date UTC 2025-05-21T09:34:14+02:00-->
<link:linkbase xmlns:xsi="http://www.w3.org/2001/XMLSchema-instance" xmlns:xlink="http://www.w3.org/1999/xlink" xmlns:link="http://www.xbrl.org/2003/linkbase" xmlns:gen="http://xbrl.org/2008/generic" xmlns:label="http://xbrl.org/2008/label" xsi:schemaLocation="http://www.xbrl.org/2003/linkbase http://www.xbrl.org/2003/xbrl-linkbase-2003-12-31.xsd http://xbrl.org/2008/generic http://www.xbrl.org/2008/generic-link.xsd http://xbrl.org/2008/label http://www.xbrl.org/2008/generic-label.xsd">
  <link:arcroleRef arcroleURI="http://xbrl.org/arcrole/2008/element-label" xlink:type="simple" xlink:href="http://www.xbrl.org/2008/generic-label.xsd#element-label" />
  <link:roleRef roleURI="http://www.eurofiling.info/xbrl/role/filing-indicator-code" xlink:type="simple" xlink:href="http://www.eurofiling.info/eu/fr/xbrl/ext/model.xsd#filing-indicator-code" />
  <link:roleRef roleURI="http://www.eurofiling.info/xbrl/role/rc-code" xlink:type="simple" xlink:href="http://www.eurofiling.info/eu/fr/xbrl/ext/model.xsd#rc-code" />
  <gen:link xlink:type="extended" xlink:role="http://www.xbrl.org/2003/role/link">
    <link:loc xlink:type="locator" xlink:href="t02.02-rend.xml#dnb_tT02.02" xlink:label="loc_dnb_tT02.02" />
    <label:label xlink:type="resource" xlink:label="label_dnb_tT02.02" xml:lang="en" xlink:role="http://www.eurofiling.info/xbrl/role/filing-indicator-code">TG002</label:label>
    <gen:arc xlink:type="arc" xlink:arcrole="http://xbrl.org/arcrole/2008/element-label" xlink:from="loc_dnb_tT02.02" xlink:to="label_dnb_tT02.02" />
    <label:label xlink:type="resource" xlink:label="label_dnb_tT02.02_1" xml:lang="en" xlink:role="http://www.eurofiling.info/xbrl/role/rc-code">T02.02</label:label>
    <gen:arc xlink:type="arc" xlink:arcrole="http://xbrl.org/arcrole/2008/element-label" xlink:from="loc_dnb_tT02.02" xlink:to="label_dnb_tT02.02_1" />
    <link:loc xlink:type="locator" xlink:href="t02.02-rend.xml#dnb_c3" xlink:label="loc_dnb_c3" />
    <label:label xlink:type="resource" xlink:label="label_dnb_c3" xml:lang="en" xlink:role="http://www.eurofiling.info/xbrl/role/rc-code">010</label:label>
    <gen:arc xlink:type="arc" xlink:arcrole="http://xbrl.org/arcrole/2008/element-label" xlink:from="loc_dnb_c3" xlink:to="label_dnb_c3" />
    <label:label xlink:type="resource" xlink:label="label_dnb_c3_1" xml:lang="nl" xlink:role="http://www.eurofiling.info/xbrl/role/rc-code">010</label:label>
    <gen:arc xlink:type="arc" xlink:arcrole="http://xbrl.org/arcrole/2008/element-label" xlink:from="loc_dnb_c3" xlink:to="label_dnb_c3_1" />
    <link:loc xlink:type="locator" xlink:href="t02.02-rend.xml#dnb_c4" xlink:label="loc_dnb_c4" />
    <label:label xlink:type="resource" xlink:label="label_dnb_c4" xml:lang="en" xlink:role="http://www.eurofiling.info/xbrl/role/rc-code">020</label:label>
    <gen:arc xlink:type="arc" xlink:arcrole="http://xbrl.org/arcrole/2008/element-label" xlink:from="loc_dnb_c4" xlink:to="label_dnb_c4" />
    <label:label xlink:type="resource" xlink:label="label_dnb_c4_1" xml:lang="nl" xlink:role="http://www.eurofiling.info/xbrl/role/rc-code">020</label:label>
    <gen:arc xlink:type="arc" xlink:arcrole="http://xbrl.org/arcrole/2008/element-label" xlink:from="loc_dnb_c4" xlink:to="label_dnb_c4_1" />
    <link:loc xlink:type="locator" xlink:href="t02.02-rend.xml#dnb_c5" xlink:label="loc_dnb_c5" />
    <label:label xlink:type="resource" xlink:label="label_dnb_c5" xml:lang="en" xlink:role="http://www.eurofiling.info/xbrl/role/rc-code">030</label:label>
    <gen:arc xlink:type="arc" xlink:arcrole="http://xbrl.org/arcrole/2008/element-label" xlink:from="loc_dnb_c5" xlink:to="label_dnb_c5" />
    <label:label xlink:type="resource" xlink:label="label_dnb_c5_1" xml:lang="nl" xlink:role="http://www.eurofiling.info/xbrl/role/rc-code">030</label:label>
    <gen:arc xlink:type="arc" xlink:arcrole="http://xbrl.org/arcrole/2008/element-label" xlink:from="loc_dnb_c5" xlink:to="label_dnb_c5_1" />
    <link:loc xlink:type="locator" xlink:href="t02.02-rend.xml#dnb_c7" xlink:label="loc_dnb_c7" />
    <label:label xlink:type="resource" xlink:label="label_dnb_c7" xml:lang="en" xlink:role="http://www.eurofiling.info/xbrl/role/rc-code">040</label:label>
    <gen:arc xlink:type="arc" xlink:arcrole="http://xbrl.org/arcrole/2008/element-label" xlink:from="loc_dnb_c7" xlink:to="label_dnb_c7" />
    <label:label xlink:type="resource" xlink:label="label_dnb_c7_1" xml:lang="nl" xlink:role="http://www.eurofiling.info/xbrl/role/rc-code">040</label:label>
    <gen:arc xlink:type="arc" xlink:arcrole="http://xbrl.org/arcrole/2008/element-label" xlink:from="loc_dnb_c7" xlink:to="label_dnb_c7_1" />
    <link:loc xlink:type="locator" xlink:href="t02.02-rend.xml#dnb_c8" xlink:label="loc_dnb_c8" />
    <label:label xlink:type="resource" xlink:label="label_dnb_c8" xml:lang="en" xlink:role="http://www.eurofiling.info/xbrl/role/rc-code">050</label:label>
    <gen:arc xlink:type="arc" xlink:arcrole="http://xbrl.org/arcrole/2008/element-label" xlink:from="loc_dnb_c8" xlink:to="label_dnb_c8" />
    <label:label xlink:type="resource" xlink:label="label_dnb_c8_1" xml:lang="nl" xlink:role="http://www.eurofiling.info/xbrl/role/rc-code">050</label:label>
    <gen:arc xlink:type="arc" xlink:arcrole="http://xbrl.org/arcrole/2008/element-label" xlink:from="loc_dnb_c8" xlink:to="label_dnb_c8_1" />
    <link:loc xlink:type="locator" xlink:href="t02.02-rend.xml#dnb_c9" xlink:label="loc_dnb_c9" />
    <label:label xlink:type="resource" xlink:label="label_dnb_c9" xml:lang="en" xlink:role="http://www.eurofiling.info/xbrl/role/rc-code">060</label:label>
    <gen:arc xlink:type="arc" xlink:arcrole="http://xbrl.org/arcrole/2008/element-label" xlink:from="loc_dnb_c9" xlink:to="label_dnb_c9" />
    <label:label xlink:type="resource" xlink:label="label_dnb_c9_1" xml:lang="nl" xlink:role="http://www.eurofiling.info/xbrl/role/rc-code">060</label:label>
    <gen:arc xlink:type="arc" xlink:arcrole="http://xbrl.org/arcrole/2008/element-label" xlink:from="loc_dnb_c9" xlink:to="label_dnb_c9_1" />
    <link:loc xlink:type="locator" xlink:href="t02.02-rend.xml#dnb_c12" xlink:label="loc_dnb_c12" />
    <label:label xlink:type="resource" xlink:label="label_dnb_c12" xml:lang="en" xlink:role="http://www.eurofiling.info/xbrl/role/rc-code">070</label:label>
    <gen:arc xlink:type="arc" xlink:arcrole="http://xbrl.org/arcrole/2008/element-label" xlink:from="loc_dnb_c12" xlink:to="label_dnb_c12" />
    <label:label xlink:type="resource" xlink:label="label_dnb_c12_1" xml:lang="nl" xlink:role="http://www.eurofiling.info/xbrl/role/rc-code">070</label:label>
    <gen:arc xlink:type="arc" xlink:arcrole="http://xbrl.org/arcrole/2008/element-label" xlink:from="loc_dnb_c12" xlink:to="label_dnb_c12_1" />
    <link:loc xlink:type="locator" xlink:href="t02.02-rend.xml#dnb_c13" xlink:label="loc_dnb_c13" />
    <label:label xlink:type="resource" xlink:label="label_dnb_c13" xml:lang="en" xlink:role="http://www.eurofiling.info/xbrl/role/rc-code">080</label:label>
    <gen:arc xlink:type="arc" xlink:arcrole="http://xbrl.org/arcrole/2008/element-label" xlink:from="loc_dnb_c13" xlink:to="label_dnb_c13" />
    <label:label xlink:type="resource" xlink:label="label_dnb_c13_1" xml:lang="nl" xlink:role="http://www.eurofiling.info/xbrl/role/rc-code">080</label:label>
    <gen:arc xlink:type="arc" xlink:arcrole="http://xbrl.org/arcrole/2008/element-label" xlink:from="loc_dnb_c13" xlink:to="label_dnb_c13_1" />
    <link:loc xlink:type="locator" xlink:href="t02.02-rend.xml#dnb_c14" xlink:label="loc_dnb_c14" />
    <label:label xlink:type="resource" xlink:label="label_dnb_c14" xml:lang="en" xlink:role="http://www.eurofiling.info/xbrl/role/rc-code">090</label:label>
    <gen:arc xlink:type="arc" xlink:arcrole="http://xbrl.org/arcrole/2008/element-label" xlink:from="loc_dnb_c14" xlink:to="label_dnb_c14" />
    <label:label xlink:type="resource" xlink:label="label_dnb_c14_1" xml:lang="nl" xlink:role="http://www.eurofiling.info/xbrl/role/rc-code">090</label:label>
    <gen:arc xlink:type="arc" xlink:arcrole="http://xbrl.org/arcrole/2008/element-label" xlink:from="loc_dnb_c14" xlink:to="label_dnb_c14_1" />
    <link:loc xlink:type="locator" xlink:href="t02.02-rend.xml#dnb_c16" xlink:label="loc_dnb_c16" />
    <label:label xlink:type="resource" xlink:label="label_dnb_c16" xml:lang="en" xlink:role="http://www.eurofiling.info/xbrl/role/rc-code">100</label:label>
    <gen:arc xlink:type="arc" xlink:arcrole="http://xbrl.org/arcrole/2008/element-label" xlink:from="loc_dnb_c16" xlink:to="label_dnb_c16" />
    <label:label xlink:type="resource" xlink:label="label_dnb_c16_1" xml:lang="nl" xlink:role="http://www.eurofiling.info/xbrl/role/rc-code">100</label:label>
    <gen:arc xlink:type="arc" xlink:arcrole="http://xbrl.org/arcrole/2008/element-label" xlink:from="loc_dnb_c16" xlink:to="label_dnb_c16_1" />
    <link:loc xlink:type="locator" xlink:href="t02.02-rend.xml#dnb_c17" xlink:label="loc_dnb_c17" />
    <label:label xlink:type="resource" xlink:label="label_dnb_c17" xml:lang="en" xlink:role="http://www.eurofiling.info/xbrl/role/rc-code">110</label:label>
    <gen:arc xlink:type="arc" xlink:arcrole="http://xbrl.org/arcrole/2008/element-label" xlink:from="loc_dnb_c17" xlink:to="label_dnb_c17" />
    <label:label xlink:type="resource" xlink:label="label_dnb_c17_1" xml:lang="nl" xlink:role="http://www.eurofiling.info/xbrl/role/rc-code">110</label:label>
    <gen:arc xlink:type="arc" xlink:arcrole="http://xbrl.org/arcrole/2008/element-label" xlink:from="loc_dnb_c17" xlink:to="label_dnb_c17_1" />
    <link:loc xlink:type="locator" xlink:href="t02.02-rend.xml#dnb_c18" xlink:label="loc_dnb_c18" />
    <label:label xlink:type="resource" xlink:label="label_dnb_c18" xml:lang="en" xlink:role="http://www.eurofiling.info/xbrl/role/rc-code">120</label:label>
    <gen:arc xlink:type="arc" xlink:arcrole="http://xbrl.org/arcrole/2008/element-label" xlink:from="loc_dnb_c18" xlink:to="label_dnb_c18" />
    <label:label xlink:type="resource" xlink:label="label_dnb_c18_1" xml:lang="nl" xlink:role="http://www.eurofiling.info/xbrl/role/rc-code">120</label:label>
    <gen:arc xlink:type="arc" xlink:arcrole="http://xbrl.org/arcrole/2008/element-label" xlink:from="loc_dnb_c18" xlink:to="label_dnb_c18_1" />
    <link:loc xlink:type="locator" xlink:href="t02.02-rend.xml#dnb_c19" xlink:label="loc_dnb_c19" />
    <label:label xlink:type="resource" xlink:label="label_dnb_c19" xml:lang="en" xlink:role="http://www.eurofiling.info/xbrl/role/rc-code">0010</label:label>
    <gen:arc xlink:type="arc" xlink:arcrole="http://xbrl.org/arcrole/2008/element-label" xlink:from="loc_dnb_c19" xlink:to="label_dnb_c19" />
    <label:label xlink:type="resource" xlink:label="label_dnb_c19_1" xml:lang="nl" xlink:role="http://www.eurofiling.info/xbrl/role/rc-code">0010</label:label>
    <gen:arc xlink:type="arc" xlink:arcrole="http://xbrl.org/arcrole/2008/element-label" xlink:from="loc_dnb_c19" xlink:to="label_dnb_c19_1" />
    <link:loc xlink:type="locator" xlink:href="t02.02-rend.xml#dnb_c20" xlink:label="loc_dnb_c20" />
    <label:label xlink:type="resource" xlink:label="label_dnb_c20" xml:lang="en" xlink:role="http://www.eurofiling.info/xbrl/role/rc-code">0020</label:label>
    <gen:arc xlink:type="arc" xlink:arcrole="http://xbrl.org/arcrole/2008/element-label" xlink:from="loc_dnb_c20" xlink:to="label_dnb_c20" />
    <label:label xlink:type="resource" xlink:label="label_dnb_c20_1" xml:lang="nl" xlink:role="http://www.eurofiling.info/xbrl/role/rc-code">0020</label:label>
    <gen:arc xlink:type="arc" xlink:arcrole="http://xbrl.org/arcrole/2008/element-label" xlink:from="loc_dnb_c20" xlink:to="label_dnb_c20_1" />
    <link:loc xlink:type="locator" xlink:href="t02.02-rend.xml#dnb_c21" xlink:label="loc_dnb_c21" />
    <label:label xlink:type="resource" xlink:label="label_dnb_c21" xml:lang="en" xlink:role="http://www.eurofiling.info/xbrl/role/rc-code">0030</label:label>
    <gen:arc xlink:type="arc" xlink:arcrole="http://xbrl.org/arcrole/2008/element-label" xlink:from="loc_dnb_c21" xlink:to="label_dnb_c21" />
    <label:label xlink:type="resource" xlink:label="label_dnb_c21_1" xml:lang="nl" xlink:role="http://www.eurofiling.info/xbrl/role/rc-code">0030</label:label>
    <gen:arc xlink:type="arc" xlink:arcrole="http://xbrl.org/arcrole/2008/element-label" xlink:from="loc_dnb_c21" xlink:to="label_dnb_c21_1" />
    <link:loc xlink:type="locator" xlink:href="t02.02-rend.xml#dnb_c22" xlink:label="loc_dnb_c22" />
    <label:label xlink:type="resource" xlink:label="label_dnb_c22" xml:lang="en" xlink:role="http://www.eurofiling.info/xbrl/role/rc-code">0110</label:label>
    <gen:arc xlink:type="arc" xlink:arcrole="http://xbrl.org/arcrole/2008/element-label" xlink:from="loc_dnb_c22" xlink:to="label_dnb_c22" />
    <label:label xlink:type="resource" xlink:label="label_dnb_c22_1" xml:lang="nl" xlink:role="http://www.eurofiling.info/xbrl/role/rc-code">0110</label:label>
    <gen:arc xlink:type="arc" xlink:arcrole="http://xbrl.org/arcrole/2008/element-label" xlink:from="loc_dnb_c22" xlink:to="label_dnb_c22_1" />
    <link:loc xlink:type="locator" xlink:href="t02.02-rend.xml#dnb_c23" xlink:label="loc_dnb_c23" />
    <label:label xlink:type="resource" xlink:label="label_dnb_c23" xml:lang="en" xlink:role="http://www.eurofiling.info/xbrl/role/rc-code">0120</label:label>
    <gen:arc xlink:type="arc" xlink:arcrole="http://xbrl.org/arcrole/2008/element-label" xlink:from="loc_dnb_c23" xlink:to="label_dnb_c23" />
    <label:label xlink:type="resource" xlink:label="label_dnb_c23_1" xml:lang="nl" xlink:role="http://www.eurofiling.info/xbrl/role/rc-code">0120</label:label>
    <gen:arc xlink:type="arc" xlink:arcrole="http://xbrl.org/arcrole/2008/element-label" xlink:from="loc_dnb_c23" xlink:to="label_dnb_c23_1" />
    <link:loc xlink:type="locator" xlink:href="t02.02-rend.xml#dnb_c25" xlink:label="loc_dnb_c25" />
    <label:label xlink:type="resource" xlink:label="label_dnb_c25" xml:lang="en" xlink:role="http://www.eurofiling.info/xbrl/role/rc-code">0170</label:label>
    <gen:arc xlink:type="arc" xlink:arcrole="http://xbrl.org/arcrole/2008/element-label" xlink:from="loc_dnb_c25" xlink:to="label_dnb_c25" />
    <label:label xlink:type="resource" xlink:label="label_dnb_c25_1" xml:lang="nl" xlink:role="http://www.eurofiling.info/xbrl/role/rc-code">0170</label:label>
    <gen:arc xlink:type="arc" xlink:arcrole="http://xbrl.org/arcrole/2008/element-label" xlink:from="loc_dnb_c25" xlink:to="label_dnb_c25_1" />
    <link:loc xlink:type="locator" xlink:href="t02.02-rend.xml#dnb_c27" xlink:label="loc_dnb_c27" />
    <label:label xlink:type="resource" xlink:label="label_dnb_c27" xml:lang="en" xlink:role="http://www.eurofiling.info/xbrl/role/rc-code">0220</label:label>
    <gen:arc xlink:type="arc" xlink:arcrole="http://xbrl.org/arcrole/2008/element-label" xlink:from="loc_dnb_c27" xlink:to="label_dnb_c27" />
    <label:label xlink:type="resource" xlink:label="label_dnb_c27_1" xml:lang="nl" xlink:role="http://www.eurofiling.info/xbrl/role/rc-code">0220</label:label>
    <gen:arc xlink:type="arc" xlink:arcrole="http://xbrl.org/arcrole/2008/element-label" xlink:from="loc_dnb_c27" xlink:to="label_dnb_c27_1" />
    <link:loc xlink:type="locator" xlink:href="t02.02-rend.xml#dnb_c28" xlink:label="loc_dnb_c28" />
    <label:label xlink:type="resource" xlink:label="label_dnb_c28" xml:lang="en" xlink:role="http://www.eurofiling.info/xbrl/role/rc-code">0270</label:label>
    <gen:arc xlink:type="arc" xlink:arcrole="http://xbrl.org/arcrole/2008/element-label" xlink:from="loc_dnb_c28" xlink:to="label_dnb_c28" />
    <label:label xlink:type="resource" xlink:label="label_dnb_c28_1" xml:lang="nl" xlink:role="http://www.eurofiling.info/xbrl/role/rc-code">0270</label:label>
    <gen:arc xlink:type="arc" xlink:arcrole="http://xbrl.org/arcrole/2008/element-label" xlink:from="loc_dnb_c28" xlink:to="label_dnb_c28_1" />
    <link:loc xlink:type="locator" xlink:href="t02.02-rend.xml#dnb_c29" xlink:label="loc_dnb_c29" />
    <label:label xlink:type="resource" xlink:label="label_dnb_c29" xml:lang="en" xlink:role="http://www.eurofiling.info/xbrl/role/rc-code">0320</label:label>
    <gen:arc xlink:type="arc" xlink:arcrole="http://xbrl.org/arcrole/2008/element-label" xlink:from="loc_dnb_c29" xlink:to="label_dnb_c29" />
    <label:label xlink:type="resource" xlink:label="label_dnb_c29_1" xml:lang="nl" xlink:role="http://www.eurofiling.info/xbrl/role/rc-code">0320</label:label>
    <gen:arc xlink:type="arc" xlink:arcrole="http://xbrl.org/arcrole/2008/element-label" xlink:from="loc_dnb_c29" xlink:to="label_dnb_c29_1" />
    <link:loc xlink:type="locator" xlink:href="t02.02-rend.xml#dnb_c30" xlink:label="loc_dnb_c30" />
    <label:label xlink:type="resource" xlink:label="label_dnb_c30" xml:lang="en" xlink:role="http://www.eurofiling.info/xbrl/role/rc-code">0370</label:label>
    <gen:arc xlink:type="arc" xlink:arcrole="http://xbrl.org/arcrole/2008/element-label" xlink:from="loc_dnb_c30" xlink:to="label_dnb_c30" />
    <label:label xlink:type="resource" xlink:label="label_dnb_c30_1" xml:lang="nl" xlink:role="http://www.eurofiling.info/xbrl/role/rc-code">0370</label:label>
    <gen:arc xlink:type="arc" xlink:arcrole="http://xbrl.org/arcrole/2008/element-label" xlink:from="loc_dnb_c30" xlink:to="label_dnb_c30_1" />
    <link:loc xlink:type="locator" xlink:href="t02.02-rend.xml#dnb_c32" xlink:label="loc_dnb_c32" />
    <label:label xlink:type="resource" xlink:label="label_dnb_c32" xml:lang="en" xlink:role="http://www.eurofiling.info/xbrl/role/rc-code">0420</label:label>
    <gen:arc xlink:type="arc" xlink:arcrole="http://xbrl.org/arcrole/2008/element-label" xlink:from="loc_dnb_c32" xlink:to="label_dnb_c32" />
    <label:label xlink:type="resource" xlink:label="label_dnb_c32_1" xml:lang="nl" xlink:role="http://www.eurofiling.info/xbrl/role/rc-code">0420</label:label>
    <gen:arc xlink:type="arc" xlink:arcrole="http://xbrl.org/arcrole/2008/element-label" xlink:from="loc_dnb_c32" xlink:to="label_dnb_c32_1" />
    <link:loc xlink:type="locator" xlink:href="t02.02-rend.xml#dnb_c33" xlink:label="loc_dnb_c33" />
    <label:label xlink:type="resource" xlink:label="label_dnb_c33" xml:lang="en" xlink:role="http://www.eurofiling.info/xbrl/role/rc-code">0470</label:label>
    <gen:arc xlink:type="arc" xlink:arcrole="http://xbrl.org/arcrole/2008/element-label" xlink:from="loc_dnb_c33" xlink:to="label_dnb_c33" />
    <label:label xlink:type="resource" xlink:label="label_dnb_c33_1" xml:lang="nl" xlink:role="http://www.eurofiling.info/xbrl/role/rc-code">0470</label:label>
    <gen:arc xlink:type="arc" xlink:arcrole="http://xbrl.org/arcrole/2008/element-label" xlink:from="loc_dnb_c33" xlink:to="label_dnb_c33_1" />
    <link:loc xlink:type="locator" xlink:href="t02.02-rend.xml#dnb_c34" xlink:label="loc_dnb_c34" />
    <label:label xlink:type="resource" xlink:label="label_dnb_c34" xml:lang="en" xlink:role="http://www.eurofiling.info/xbrl/role/rc-code">0520</label:label>
    <gen:arc xlink:type="arc" xlink:arcrole="http://xbrl.org/arcrole/2008/element-label" xlink:from="loc_dnb_c34" xlink:to="label_dnb_c34" />
    <label:label xlink:type="resource" xlink:label="label_dnb_c34_1" xml:lang="nl" xlink:role="http://www.eurofiling.info/xbrl/role/rc-code">0520</label:label>
    <gen:arc xlink:type="arc" xlink:arcrole="http://xbrl.org/arcrole/2008/element-label" xlink:from="loc_dnb_c34" xlink:to="label_dnb_c34_1" />
    <link:loc xlink:type="locator" xlink:href="t02.02-rend.xml#dnb_c36" xlink:label="loc_dnb_c36" />
    <label:label xlink:type="resource" xlink:label="label_dnb_c36" xml:lang="en" xlink:role="http://www.eurofiling.info/xbrl/role/rc-code">0570</label:label>
    <gen:arc xlink:type="arc" xlink:arcrole="http://xbrl.org/arcrole/2008/element-label" xlink:from="loc_dnb_c36" xlink:to="label_dnb_c36" />
    <label:label xlink:type="resource" xlink:label="label_dnb_c36_1" xml:lang="nl" xlink:role="http://www.eurofiling.info/xbrl/role/rc-code">0570</label:label>
    <gen:arc xlink:type="arc" xlink:arcrole="http://xbrl.org/arcrole/2008/element-label" xlink:from="loc_dnb_c36" xlink:to="label_dnb_c36_1" />
    <link:loc xlink:type="locator" xlink:href="t02.02-rend.xml#dnb_c37" xlink:label="loc_dnb_c37" />
    <label:label xlink:type="resource" xlink:label="label_dnb_c37" xml:lang="en" xlink:role="http://www.eurofiling.info/xbrl/role/rc-code">0580</label:label>
    <gen:arc xlink:type="arc" xlink:arcrole="http://xbrl.org/arcrole/2008/element-label" xlink:from="loc_dnb_c37" xlink:to="label_dnb_c37" />
    <label:label xlink:type="resource" xlink:label="label_dnb_c37_1" xml:lang="nl" xlink:role="http://www.eurofiling.info/xbrl/role/rc-code">0580</label:label>
    <gen:arc xlink:type="arc" xlink:arcrole="http://xbrl.org/arcrole/2008/element-label" xlink:from="loc_dnb_c37" xlink:to="label_dnb_c37_1" />
    <link:loc xlink:type="locator" xlink:href="t02.02-rend.xml#dnb_c38" xlink:label="loc_dnb_c38" />
    <label:label xlink:type="resource" xlink:label="label_dnb_c38" xml:lang="en" xlink:role="http://www.eurofiling.info/xbrl/role/rc-code">0590</label:label>
    <gen:arc xlink:type="arc" xlink:arcrole="http://xbrl.org/arcrole/2008/element-label" xlink:from="loc_dnb_c38" xlink:to="label_dnb_c38" />
    <label:label xlink:type="resource" xlink:label="label_dnb_c38_1" xml:lang="nl" xlink:role="http://www.eurofiling.info/xbrl/role/rc-code">0590</label:label>
    <gen:arc xlink:type="arc" xlink:arcrole="http://xbrl.org/arcrole/2008/element-label" xlink:from="loc_dnb_c38" xlink:to="label_dnb_c38_1" />
    <link:loc xlink:type="locator" xlink:href="t02.02-rend.xml#dnb_c39" xlink:label="loc_dnb_c39" />
    <label:label xlink:type="resource" xlink:label="label_dnb_c39" xml:lang="en" xlink:role="http://www.eurofiling.info/xbrl/role/rc-code">0600</label:label>
    <gen:arc xlink:type="arc" xlink:arcrole="http://xbrl.org/arcrole/2008/element-label" xlink:from="loc_dnb_c39" xlink:to="label_dnb_c39" />
    <label:label xlink:type="resource" xlink:label="label_dnb_c39_1" xml:lang="nl" xlink:role="http://www.eurofiling.info/xbrl/role/rc-code">0600</label:label>
    <gen:arc xlink:type="arc" xlink:arcrole="http://xbrl.org/arcrole/2008/element-label" xlink:from="loc_dnb_c39" xlink:to="label_dnb_c39_1" />
    <link:loc xlink:type="locator" xlink:href="t02.02-rend.xml#dnb_c40" xlink:label="loc_dnb_c40" />
    <label:label xlink:type="resource" xlink:label="label_dnb_c40" xml:lang="en" xlink:role="http://www.eurofiling.info/xbrl/role/rc-code">0610</label:label>
    <gen:arc xlink:type="arc" xlink:arcrole="http://xbrl.org/arcrole/2008/element-label" xlink:from="loc_dnb_c40" xlink:to="label_dnb_c40" />
    <label:label xlink:type="resource" xlink:label="label_dnb_c40_1" xml:lang="nl" xlink:role="http://www.eurofiling.info/xbrl/role/rc-code">0610</label:label>
    <gen:arc xlink:type="arc" xlink:arcrole="http://xbrl.org/arcrole/2008/element-label" xlink:from="loc_dnb_c40" xlink:to="label_dnb_c40_1" />
    <link:loc xlink:type="locator" xlink:href="t02.02-rend.xml#dnb_c41" xlink:label="loc_dnb_c41" />
    <label:label xlink:type="resource" xlink:label="label_dnb_c41" xml:lang="en" xlink:role="http://www.eurofiling.info/xbrl/role/rc-code">0620</label:label>
    <gen:arc xlink:type="arc" xlink:arcrole="http://xbrl.org/arcrole/2008/element-label" xlink:from="loc_dnb_c41" xlink:to="label_dnb_c41" />
    <label:label xlink:type="resource" xlink:label="label_dnb_c41_1" xml:lang="nl" xlink:role="http://www.eurofiling.info/xbrl/role/rc-code">0620</label:label>
    <gen:arc xlink:type="arc" xlink:arcrole="http://xbrl.org/arcrole/2008/element-label" xlink:from="loc_dnb_c41" xlink:to="label_dnb_c41_1" />
    <link:loc xlink:type="locator" xlink:href="t02.02-rend.xml#dnb_c42" xlink:label="loc_dnb_c42" />
    <label:label xlink:type="resource" xlink:label="label_dnb_c42" xml:lang="en" xlink:role="http://www.eurofiling.info/xbrl/role/rc-code">0630</label:label>
    <gen:arc xlink:type="arc" xlink:arcrole="http://xbrl.org/arcrole/2008/element-label" xlink:from="loc_dnb_c42" xlink:to="label_dnb_c42" />
    <label:label xlink:type="resource" xlink:label="label_dnb_c42_1" xml:lang="nl" xlink:role="http://www.eurofiling.info/xbrl/role/rc-code">0630</label:label>
    <gen:arc xlink:type="arc" xlink:arcrole="http://xbrl.org/arcrole/2008/element-label" xlink:from="loc_dnb_c42" xlink:to="label_dnb_c42_1" />
    <link:loc xlink:type="locator" xlink:href="t02.02-rend.xml#dnb_c43" xlink:label="loc_dnb_c43" />
    <label:label xlink:type="resource" xlink:label="label_dnb_c43" xml:lang="en" xlink:role="http://www.eurofiling.info/xbrl/role/rc-code">0640</label:label>
    <gen:arc xlink:type="arc" xlink:arcrole="http://xbrl.org/arcrole/2008/element-label" xlink:from="loc_dnb_c43" xlink:to="label_dnb_c43" />
    <label:label xlink:type="resource" xlink:label="label_dnb_c43_1" xml:lang="nl" xlink:role="http://www.eurofiling.info/xbrl/role/rc-code">0640</label:label>
    <gen:arc xlink:type="arc" xlink:arcrole="http://xbrl.org/arcrole/2008/element-label" xlink:from="loc_dnb_c43" xlink:to="label_dnb_c43_1" />
    <link:loc xlink:type="locator" xlink:href="t02.02-rend.xml#dnb_c44" xlink:label="loc_dnb_c44" />
    <label:label xlink:type="resource" xlink:label="label_dnb_c44" xml:lang="en" xlink:role="http://www.eurofiling.info/xbrl/role/rc-code">0650</label:label>
    <gen:arc xlink:type="arc" xlink:arcrole="http://xbrl.org/arcrole/2008/element-label" xlink:from="loc_dnb_c44" xlink:to="label_dnb_c44" />
    <label:label xlink:type="resource" xlink:label="label_dnb_c44_1" xml:lang="nl" xlink:role="http://www.eurofiling.info/xbrl/role/rc-code">0650</label:label>
    <gen:arc xlink:type="arc" xlink:arcrole="http://xbrl.org/arcrole/2008/element-label" xlink:from="loc_dnb_c44" xlink:to="label_dnb_c44_1" />
    <link:loc xlink:type="locator" xlink:href="t02.02-rend.xml#dnb_c45" xlink:label="loc_dnb_c45" />
    <label:label xlink:type="resource" xlink:label="label_dnb_c45" xml:lang="en" xlink:role="http://www.eurofiling.info/xbrl/role/rc-code">0680</label:label>
    <gen:arc xlink:type="arc" xlink:arcrole="http://xbrl.org/arcrole/2008/element-label" xlink:from="loc_dnb_c45" xlink:to="label_dnb_c45" />
    <label:label xlink:type="resource" xlink:label="label_dnb_c45_1" xml:lang="nl" xlink:role="http://www.eurofiling.info/xbrl/role/rc-code">0680</label:label>
    <gen:arc xlink:type="arc" xlink:arcrole="http://xbrl.org/arcrole/2008/element-label" xlink:from="loc_dnb_c45" xlink:to="label_dnb_c45_1" />
    <link:loc xlink:type="locator" xlink:href="t02.02-rend.xml#dnb_c47" xlink:label="loc_dnb_c47" />
    <label:label xlink:type="resource" xlink:label="label_dnb_c47" xml:lang="en" xlink:role="http://www.eurofiling.info/xbrl/role/rc-code">0720</label:label>
    <gen:arc xlink:type="arc" xlink:arcrole="http://xbrl.org/arcrole/2008/element-label" xlink:from="loc_dnb_c47" xlink:to="label_dnb_c47" />
    <label:label xlink:type="resource" xlink:label="label_dnb_c47_1" xml:lang="nl" xlink:role="http://www.eurofiling.info/xbrl/role/rc-code">0720</label:label>
    <gen:arc xlink:type="arc" xlink:arcrole="http://xbrl.org/arcrole/2008/element-label" xlink:from="loc_dnb_c47" xlink:to="label_dnb_c47_1" />
    <link:loc xlink:type="locator" xlink:href="t02.02-rend.xml#dnb_c48" xlink:label="loc_dnb_c48" />
    <label:label xlink:type="resource" xlink:label="label_dnb_c48" xml:lang="en" xlink:role="http://www.eurofiling.info/xbrl/role/rc-code">0760</label:label>
    <gen:arc xlink:type="arc" xlink:arcrole="http://xbrl.org/arcrole/2008/element-label" xlink:from="loc_dnb_c48" xlink:to="label_dnb_c48" />
    <label:label xlink:type="resource" xlink:label="label_dnb_c48_1" xml:lang="nl" xlink:role="http://www.eurofiling.info/xbrl/role/rc-code">0760</label:label>
    <gen:arc xlink:type="arc" xlink:arcrole="http://xbrl.org/arcrole/2008/element-label" xlink:from="loc_dnb_c48" xlink:to="label_dnb_c48_1" />
    <link:loc xlink:type="locator" xlink:href="t02.02-rend.xml#dnb_c49" xlink:label="loc_dnb_c49" />
    <label:label xlink:type="resource" xlink:label="label_dnb_c49" xml:lang="en" xlink:role="http://www.eurofiling.info/xbrl/role/rc-code">0800</label:label>
    <gen:arc xlink:type="arc" xlink:arcrole="http://xbrl.org/arcrole/2008/element-label" xlink:from="loc_dnb_c49" xlink:to="label_dnb_c49" />
    <label:label xlink:type="resource" xlink:label="label_dnb_c49_1" xml:lang="nl" xlink:role="http://www.eurofiling.info/xbrl/role/rc-code">0800</label:label>
    <gen:arc xlink:type="arc" xlink:arcrole="http://xbrl.org/arcrole/2008/element-label" xlink:from="loc_dnb_c49" xlink:to="label_dnb_c49_1" />
    <link:loc xlink:type="locator" xlink:href="t02.02-rend.xml#dnb_c51" xlink:label="loc_dnb_c51" />
    <label:label xlink:type="resource" xlink:label="label_dnb_c51" xml:lang="en" xlink:role="http://www.eurofiling.info/xbrl/role/rc-code">0840</label:label>
    <gen:arc xlink:type="arc" xlink:arcrole="http://xbrl.org/arcrole/2008/element-label" xlink:from="loc_dnb_c51" xlink:to="label_dnb_c51" />
    <label:label xlink:type="resource" xlink:label="label_dnb_c51_1" xml:lang="nl" xlink:role="http://www.eurofiling.info/xbrl/role/rc-code">0840</label:label>
    <gen:arc xlink:type="arc" xlink:arcrole="http://xbrl.org/arcrole/2008/element-label" xlink:from="loc_dnb_c51" xlink:to="label_dnb_c51_1" />
    <link:loc xlink:type="locator" xlink:href="t02.02-rend.xml#dnb_c52" xlink:label="loc_dnb_c52" />
    <label:label xlink:type="resource" xlink:label="label_dnb_c52" xml:lang="en" xlink:role="http://www.eurofiling.info/xbrl/role/rc-code">0880</label:label>
    <gen:arc xlink:type="arc" xlink:arcrole="http://xbrl.org/arcrole/2008/element-label" xlink:from="loc_dnb_c52" xlink:to="label_dnb_c52" />
    <label:label xlink:type="resource" xlink:label="label_dnb_c52_1" xml:lang="nl" xlink:role="http://www.eurofiling.info/xbrl/role/rc-code">0880</label:label>
    <gen:arc xlink:type="arc" xlink:arcrole="http://xbrl.org/arcrole/2008/element-label" xlink:from="loc_dnb_c52" xlink:to="label_dnb_c52_1" />
    <link:loc xlink:type="locator" xlink:href="t02.02-rend.xml#dnb_c53" xlink:label="loc_dnb_c53" />
    <label:label xlink:type="resource" xlink:label="label_dnb_c53" xml:lang="en" xlink:role="http://www.eurofiling.info/xbrl/role/rc-code">0920</label:label>
    <gen:arc xlink:type="arc" xlink:arcrole="http://xbrl.org/arcrole/2008/element-label" xlink:from="loc_dnb_c53" xlink:to="label_dnb_c53" />
    <label:label xlink:type="resource" xlink:label="label_dnb_c53_1" xml:lang="nl" xlink:role="http://www.eurofiling.info/xbrl/role/rc-code">0920</label:label>
    <gen:arc xlink:type="arc" xlink:arcrole="http://xbrl.org/arcrole/2008/element-label" xlink:from="loc_dnb_c53" xlink:to="label_dnb_c53_1" />
    <link:loc xlink:type="locator" xlink:href="t02.02-rend.xml#dnb_c54" xlink:label="loc_dnb_c54" />
    <label:label xlink:type="resource" xlink:label="label_dnb_c54" xml:lang="en" xlink:role="http://www.eurofiling.info/xbrl/role/rc-code">0930</label:label>
    <gen:arc xlink:type="arc" xlink:arcrole="http://xbrl.org/arcrole/2008/element-label" xlink:from="loc_dnb_c54" xlink:to="label_dnb_c54" />
    <label:label xlink:type="resource" xlink:label="label_dnb_c54_1" xml:lang="nl" xlink:role="http://www.eurofiling.info/xbrl/role/rc-code">0930</label:label>
    <gen:arc xlink:type="arc" xlink:arcrole="http://xbrl.org/arcrole/2008/element-label" xlink:from="loc_dnb_c54" xlink:to="label_dnb_c54_1" />
    <link:loc xlink:type="locator" xlink:href="t02.02-rend.xml#dnb_c55" xlink:label="loc_dnb_c55" />
    <label:label xlink:type="resource" xlink:label="label_dnb_c55" xml:lang="en" xlink:role="http://www.eurofiling.info/xbrl/role/rc-code">0940</label:label>
    <gen:arc xlink:type="arc" xlink:arcrole="http://xbrl.org/arcrole/2008/element-label" xlink:from="loc_dnb_c55" xlink:to="label_dnb_c55" />
    <label:label xlink:type="resource" xlink:label="label_dnb_c55_1" xml:lang="nl" xlink:role="http://www.eurofiling.info/xbrl/role/rc-code">0940</label:label>
    <gen:arc xlink:type="arc" xlink:arcrole="http://xbrl.org/arcrole/2008/element-label" xlink:from="loc_dnb_c55" xlink:to="label_dnb_c55_1" />
    <link:loc xlink:type="locator" xlink:href="t02.02-rend.xml#dnb_c56" xlink:label="loc_dnb_c56" />
    <label:label xlink:type="resource" xlink:label="label_dnb_c56" xml:lang="en" xlink:role="http://www.eurofiling.info/xbrl/role/rc-code">0950</label:label>
    <gen:arc xlink:type="arc" xlink:arcrole="http://xbrl.org/arcrole/2008/element-label" xlink:from="loc_dnb_c56" xlink:to="label_dnb_c56" />
    <label:label xlink:type="resource" xlink:label="label_dnb_c56_1" xml:lang="nl" xlink:role="http://www.eurofiling.info/xbrl/role/rc-code">0950</label:label>
    <gen:arc xlink:type="arc" xlink:arcrole="http://xbrl.org/arcrole/2008/element-label" xlink:from="loc_dnb_c56" xlink:to="label_dnb_c56_1" />
    <link:loc xlink:type="locator" xlink:href="t02.02-rend.xml#dnb_c57" xlink:label="loc_dnb_c57" />
    <label:label xlink:type="resource" xlink:label="label_dnb_c57" xml:lang="en" xlink:role="http://www.eurofiling.info/xbrl/role/rc-code">0990</label:label>
    <gen:arc xlink:type="arc" xlink:arcrole="http://xbrl.org/arcrole/2008/element-label" xlink:from="loc_dnb_c57" xlink:to="label_dnb_c57" />
    <label:label xlink:type="resource" xlink:label="label_dnb_c57_1" xml:lang="nl" xlink:role="http://www.eurofiling.info/xbrl/role/rc-code">0990</label:label>
    <gen:arc xlink:type="arc" xlink:arcrole="http://xbrl.org/arcrole/2008/element-label" xlink:from="loc_dnb_c57" xlink:to="label_dnb_c57_1" />
    <link:loc xlink:type="locator" xlink:href="t02.02-rend.xml#dnb_c59" xlink:label="loc_dnb_c59" />
    <label:label xlink:type="resource" xlink:label="label_dnb_c59" xml:lang="en" xlink:role="http://www.eurofiling.info/xbrl/role/rc-code">1000</label:label>
    <gen:arc xlink:type="arc" xlink:arcrole="http://xbrl.org/arcrole/2008/element-label" xlink:from="loc_dnb_c59" xlink:to="label_dnb_c59" />
    <label:label xlink:type="resource" xlink:label="label_dnb_c59_1" xml:lang="nl" xlink:role="http://www.eurofiling.info/xbrl/role/rc-code">1000</label:label>
    <gen:arc xlink:type="arc" xlink:arcrole="http://xbrl.org/arcrole/2008/element-label" xlink:from="loc_dnb_c59" xlink:to="label_dnb_c59_1" />
    <link:loc xlink:type="locator" xlink:href="t02.02-rend.xml#dnb_c60" xlink:label="loc_dnb_c60" />
    <label:label xlink:type="resource" xlink:label="label_dnb_c60" xml:lang="en" xlink:role="http://www.eurofiling.info/xbrl/role/rc-code">1010</label:label>
    <gen:arc xlink:type="arc" xlink:arcrole="http://xbrl.org/arcrole/2008/element-label" xlink:from="loc_dnb_c60" xlink:to="label_dnb_c60" />
    <label:label xlink:type="resource" xlink:label="label_dnb_c60_1" xml:lang="nl" xlink:role="http://www.eurofiling.info/xbrl/role/rc-code">1010</label:label>
    <gen:arc xlink:type="arc" xlink:arcrole="http://xbrl.org/arcrole/2008/element-label" xlink:from="loc_dnb_c60" xlink:to="label_dnb_c60_1" />
    <link:loc xlink:type="locator" xlink:href="t02.02-rend.xml#dnb_c61" xlink:label="loc_dnb_c61" />
    <label:label xlink:type="resource" xlink:label="label_dnb_c61" xml:lang="en" xlink:role="http://www.eurofiling.info/xbrl/role/rc-code">1020</label:label>
    <gen:arc xlink:type="arc" xlink:arcrole="http://xbrl.org/arcrole/2008/element-label" xlink:from="loc_dnb_c61" xlink:to="label_dnb_c61" />
    <label:label xlink:type="resource" xlink:label="label_dnb_c61_1" xml:lang="nl" xlink:role="http://www.eurofiling.info/xbrl/role/rc-code">1020</label:label>
    <gen:arc xlink:type="arc" xlink:arcrole="http://xbrl.org/arcrole/2008/element-label" xlink:from="loc_dnb_c61" xlink:to="label_dnb_c61_1" />
    <link:loc xlink:type="locator" xlink:href="t02.02-rend.xml#dnb_c62" xlink:label="loc_dnb_c62" />
    <label:label xlink:type="resource" xlink:label="label_dnb_c62" xml:lang="en" xlink:role="http://www.eurofiling.info/xbrl/role/rc-code">1030</label:label>
    <gen:arc xlink:type="arc" xlink:arcrole="http://xbrl.org/arcrole/2008/element-label" xlink:from="loc_dnb_c62" xlink:to="label_dnb_c62" />
    <label:label xlink:type="resource" xlink:label="label_dnb_c62_1" xml:lang="nl" xlink:role="http://www.eurofiling.info/xbrl/role/rc-code">1030</label:label>
    <gen:arc xlink:type="arc" xlink:arcrole="http://xbrl.org/arcrole/2008/element-label" xlink:from="loc_dnb_c62" xlink:to="label_dnb_c62_1" />
    <link:loc xlink:type="locator" xlink:href="t02.02-rend.xml#dnb_c63" xlink:label="loc_dnb_c63" />
    <label:label xlink:type="resource" xlink:label="label_dnb_c63" xml:lang="en" xlink:role="http://www.eurofiling.info/xbrl/role/rc-code">1040</label:label>
    <gen:arc xlink:type="arc" xlink:arcrole="http://xbrl.org/arcrole/2008/element-label" xlink:from="loc_dnb_c63" xlink:to="label_dnb_c63" />
    <label:label xlink:type="resource" xlink:label="label_dnb_c63_1" xml:lang="nl" xlink:role="http://www.eurofiling.info/xbrl/role/rc-code">1040</label:label>
    <gen:arc xlink:type="arc" xlink:arcrole="http://xbrl.org/arcrole/2008/element-label" xlink:from="loc_dnb_c63" xlink:to="label_dnb_c63_1" />
    <link:loc xlink:type="locator" xlink:href="t02.02-rend.xml#dnb_c64" xlink:label="loc_dnb_c64" />
    <label:label xlink:type="resource" xlink:label="label_dnb_c64" xml:lang="en" xlink:role="http://www.eurofiling.info/xbrl/role/rc-code">1050</label:label>
    <gen:arc xlink:type="arc" xlink:arcrole="http://xbrl.org/arcrole/2008/element-label" xlink:from="loc_dnb_c64" xlink:to="label_dnb_c64" />
    <label:label xlink:type="resource" xlink:label="label_dnb_c64_1" xml:lang="nl" xlink:role="http://www.eurofiling.info/xbrl/role/rc-code">1050</label:label>
    <gen:arc xlink:type="arc" xlink:arcrole="http://xbrl.org/arcrole/2008/element-label" xlink:from="loc_dnb_c64" xlink:to="label_dnb_c64_1" />
    <link:loc xlink:type="locator" xlink:href="t02.02-rend.xml#dnb_c65" xlink:label="loc_dnb_c65" />
    <label:label xlink:type="resource" xlink:label="label_dnb_c65" xml:lang="en" xlink:role="http://www.eurofiling.info/xbrl/role/rc-code">1060</label:label>
    <gen:arc xlink:type="arc" xlink:arcrole="http://xbrl.org/arcrole/2008/element-label" xlink:from="loc_dnb_c65" xlink:to="label_dnb_c65" />
    <label:label xlink:type="resource" xlink:label="label_dnb_c65_1" xml:lang="nl" xlink:role="http://www.eurofiling.info/xbrl/role/rc-code">1060</label:label>
    <gen:arc xlink:type="arc" xlink:arcrole="http://xbrl.org/arcrole/2008/element-label" xlink:from="loc_dnb_c65" xlink:to="label_dnb_c65_1" />
    <link:loc xlink:type="locator" xlink:href="t02.02-rend.xml#dnb_c66" xlink:label="loc_dnb_c66" />
    <label:label xlink:type="resource" xlink:label="label_dnb_c66" xml:lang="en" xlink:role="http://www.eurofiling.info/xbrl/role/rc-code">1070</label:label>
    <gen:arc xlink:type="arc" xlink:arcrole="http://xbrl.org/arcrole/2008/element-label" xlink:from="loc_dnb_c66" xlink:to="label_dnb_c66" />
    <label:label xlink:type="resource" xlink:label="label_dnb_c66_1" xml:lang="nl" xlink:role="http://www.eurofiling.info/xbrl/role/rc-code">1070</label:label>
    <gen:arc xlink:type="arc" xlink:arcrole="http://xbrl.org/arcrole/2008/element-label" xlink:from="loc_dnb_c66" xlink:to="label_dnb_c66_1" />
    <link:loc xlink:type="locator" xlink:href="t02.02-rend.xml#dnb_c67" xlink:label="loc_dnb_c67" />
    <label:label xlink:type="resource" xlink:label="label_dnb_c67" xml:lang="en" xlink:role="http://www.eurofiling.info/xbrl/role/rc-code">1080</label:label>
    <gen:arc xlink:type="arc" xlink:arcrole="http://xbrl.org/arcrole/2008/element-label" xlink:from="loc_dnb_c67" xlink:to="label_dnb_c67" />
    <label:label xlink:type="resource" xlink:label="label_dnb_c67_1" xml:lang="nl" xlink:role="http://www.eurofiling.info/xbrl/role/rc-code">1080</label:label>
    <gen:arc xlink:type="arc" xlink:arcrole="http://xbrl.org/arcrole/2008/element-label" xlink:from="loc_dnb_c67" xlink:to="label_dnb_c67_1" />
    <link:loc xlink:type="locator" xlink:href="t02.02-rend.xml#dnb_c69" xlink:label="loc_dnb_c69" />
    <label:label xlink:type="resource" xlink:label="label_dnb_c69" xml:lang="en" xlink:role="http://www.eurofiling.info/xbrl/role/rc-code">1090</label:label>
    <gen:arc xlink:type="arc" xlink:arcrole="http://xbrl.org/arcrole/2008/element-label" xlink:from="loc_dnb_c69" xlink:to="label_dnb_c69" />
    <label:label xlink:type="resource" xlink:label="label_dnb_c69_1" xml:lang="nl" xlink:role="http://www.eurofiling.info/xbrl/role/rc-code">1090</label:label>
    <gen:arc xlink:type="arc" xlink:arcrole="http://xbrl.org/arcrole/2008/element-label" xlink:from="loc_dnb_c69" xlink:to="label_dnb_c69_1" />
    <link:loc xlink:type="locator" xlink:href="t02.02-rend.xml#dnb_c70" xlink:label="loc_dnb_c70" />
    <label:label xlink:type="resource" xlink:label="label_dnb_c70" xml:lang="en" xlink:role="http://www.eurofiling.info/xbrl/role/rc-code">1100</label:label>
    <gen:arc xlink:type="arc" xlink:arcrole="http://xbrl.org/arcrole/2008/element-label" xlink:from="loc_dnb_c70" xlink:to="label_dnb_c70" />
    <label:label xlink:type="resource" xlink:label="label_dnb_c70_1" xml:lang="nl" xlink:role="http://www.eurofiling.info/xbrl/role/rc-code">1100</label:label>
    <gen:arc xlink:type="arc" xlink:arcrole="http://xbrl.org/arcrole/2008/element-label" xlink:from="loc_dnb_c70" xlink:to="label_dnb_c70_1" />
    <link:loc xlink:type="locator" xlink:href="t02.02-rend.xml#dnb_c71" xlink:label="loc_dnb_c71" />
    <label:label xlink:type="resource" xlink:label="label_dnb_c71" xml:lang="en" xlink:role="http://www.eurofiling.info/xbrl/role/rc-code">1110</label:label>
    <gen:arc xlink:type="arc" xlink:arcrole="http://xbrl.org/arcrole/2008/element-label" xlink:from="loc_dnb_c71" xlink:to="label_dnb_c71" />
    <label:label xlink:type="resource" xlink:label="label_dnb_c71_1" xml:lang="nl" xlink:role="http://www.eurofiling.info/xbrl/role/rc-code">1110</label:label>
    <gen:arc xlink:type="arc" xlink:arcrole="http://xbrl.org/arcrole/2008/element-label" xlink:from="loc_dnb_c71" xlink:to="label_dnb_c71_1" />
    <link:loc xlink:type="locator" xlink:href="t02.02-rend.xml#dnb_c72" xlink:label="loc_dnb_c72" />
    <label:label xlink:type="resource" xlink:label="label_dnb_c72" xml:lang="en" xlink:role="http://www.eurofiling.info/xbrl/role/rc-code">1120</label:label>
    <gen:arc xlink:type="arc" xlink:arcrole="http://xbrl.org/arcrole/2008/element-label" xlink:from="loc_dnb_c72" xlink:to="label_dnb_c72" />
    <label:label xlink:type="resource" xlink:label="label_dnb_c72_1" xml:lang="nl" xlink:role="http://www.eurofiling.info/xbrl/role/rc-code">1120</label:label>
    <gen:arc xlink:type="arc" xlink:arcrole="http://xbrl.org/arcrole/2008/element-label" xlink:from="loc_dnb_c72" xlink:to="label_dnb_c72_1" />
    <link:loc xlink:type="locator" xlink:href="t02.02-rend.xml#dnb_c73" xlink:label="loc_dnb_c73" />
    <label:label xlink:type="resource" xlink:label="label_dnb_c73" xml:lang="en" xlink:role="http://www.eurofiling.info/xbrl/role/rc-code">1130</label:label>
    <gen:arc xlink:type="arc" xlink:arcrole="http://xbrl.org/arcrole/2008/element-label" xlink:from="loc_dnb_c73" xlink:to="label_dnb_c73" />
    <label:label xlink:type="resource" xlink:label="label_dnb_c73_1" xml:lang="nl" xlink:role="http://www.eurofiling.info/xbrl/role/rc-code">1130</label:label>
    <gen:arc xlink:type="arc" xlink:arcrole="http://xbrl.org/arcrole/2008/element-label" xlink:from="loc_dnb_c73" xlink:to="label_dnb_c73_1" />
    <link:loc xlink:type="locator" xlink:href="t02.02-rend.xml#dnb_c74" xlink:label="loc_dnb_c74" />
    <label:label xlink:type="resource" xlink:label="label_dnb_c74" xml:lang="en" xlink:role="http://www.eurofiling.info/xbrl/role/rc-code">1140</label:label>
    <gen:arc xlink:type="arc" xlink:arcrole="http://xbrl.org/arcrole/2008/element-label" xlink:from="loc_dnb_c74" xlink:to="label_dnb_c74" />
    <label:label xlink:type="resource" xlink:label="label_dnb_c74_1" xml:lang="nl" xlink:role="http://www.eurofiling.info/xbrl/role/rc-code">1140</label:label>
    <gen:arc xlink:type="arc" xlink:arcrole="http://xbrl.org/arcrole/2008/element-label" xlink:from="loc_dnb_c74" xlink:to="label_dnb_c74_1" />
    <link:loc xlink:type="locator" xlink:href="t02.02-rend.xml#dnb_c75" xlink:label="loc_dnb_c75" />
    <label:label xlink:type="resource" xlink:label="label_dnb_c75" xml:lang="en" xlink:role="http://www.eurofiling.info/xbrl/role/rc-code">1150</label:label>
    <gen:arc xlink:type="arc" xlink:arcrole="http://xbrl.org/arcrole/2008/element-label" xlink:from="loc_dnb_c75" xlink:to="label_dnb_c75" />
    <label:label xlink:type="resource" xlink:label="label_dnb_c75_1" xml:lang="nl" xlink:role="http://www.eurofiling.info/xbrl/role/rc-code">1150</label:label>
    <gen:arc xlink:type="arc" xlink:arcrole="http://xbrl.org/arcrole/2008/element-label" xlink:from="loc_dnb_c75" xlink:to="label_dnb_c75_1" />
    <link:loc xlink:type="locator" xlink:href="t02.02-rend.xml#dnb_c76" xlink:label="loc_dnb_c76" />
    <label:label xlink:type="resource" xlink:label="label_dnb_c76" xml:lang="en" xlink:role="http://www.eurofiling.info/xbrl/role/rc-code">1160</label:label>
    <gen:arc xlink:type="arc" xlink:arcrole="http://xbrl.org/arcrole/2008/element-label" xlink:from="loc_dnb_c76" xlink:to="label_dnb_c76" />
    <label:label xlink:type="resource" xlink:label="label_dnb_c76_1" xml:lang="nl" xlink:role="http://www.eurofiling.info/xbrl/role/rc-code">1160</label:label>
    <gen:arc xlink:type="arc" xlink:arcrole="http://xbrl.org/arcrole/2008/element-label" xlink:from="loc_dnb_c76" xlink:to="label_dnb_c76_1" />
    <link:loc xlink:type="locator" xlink:href="t02.02-rend.xml#dnb_c78" xlink:label="loc_dnb_c78" />
    <label:label xlink:type="resource" xlink:label="label_dnb_c78" xml:lang="en" xlink:role="http://www.eurofiling.info/xbrl/role/rc-code">1170</label:label>
    <gen:arc xlink:type="arc" xlink:arcrole="http://xbrl.org/arcrole/2008/element-label" xlink:from="loc_dnb_c78" xlink:to="label_dnb_c78" />
    <label:label xlink:type="resource" xlink:label="label_dnb_c78_1" xml:lang="nl" xlink:role="http://www.eurofiling.info/xbrl/role/rc-code">1170</label:label>
    <gen:arc xlink:type="arc" xlink:arcrole="http://xbrl.org/arcrole/2008/element-label" xlink:from="loc_dnb_c78" xlink:to="label_dnb_c78_1" />
    <link:loc xlink:type="locator" xlink:href="t02.02-rend.xml#dnb_c79" xlink:label="loc_dnb_c79" />
    <label:label xlink:type="resource" xlink:label="label_dnb_c79" xml:lang="en" xlink:role="http://www.eurofiling.info/xbrl/role/rc-code">1180</label:label>
    <gen:arc xlink:type="arc" xlink:arcrole="http://xbrl.org/arcrole/2008/element-label" xlink:from="loc_dnb_c79" xlink:to="label_dnb_c79" />
    <label:label xlink:type="resource" xlink:label="label_dnb_c79_1" xml:lang="nl" xlink:role="http://www.eurofiling.info/xbrl/role/rc-code">1180</label:label>
    <gen:arc xlink:type="arc" xlink:arcrole="http://xbrl.org/arcrole/2008/element-label" xlink:from="loc_dnb_c79" xlink:to="label_dnb_c79_1" />
    <link:loc xlink:type="locator" xlink:href="t02.02-rend.xml#dnb_c80" xlink:label="loc_dnb_c80" />
    <label:label xlink:type="resource" xlink:label="label_dnb_c80" xml:lang="en" xlink:role="http://www.eurofiling.info/xbrl/role/rc-code">1190</label:label>
    <gen:arc xlink:type="arc" xlink:arcrole="http://xbrl.org/arcrole/2008/element-label" xlink:from="loc_dnb_c80" xlink:to="label_dnb_c80" />
    <label:label xlink:type="resource" xlink:label="label_dnb_c80_1" xml:lang="nl" xlink:role="http://www.eurofiling.info/xbrl/role/rc-code">1190</label:label>
    <gen:arc xlink:type="arc" xlink:arcrole="http://xbrl.org/arcrole/2008/element-label" xlink:from="loc_dnb_c80" xlink:to="label_dnb_c80_1" />
    <link:loc xlink:type="locator" xlink:href="t02.02-rend.xml#dnb_c81" xlink:label="loc_dnb_c81" />
    <label:label xlink:type="resource" xlink:label="label_dnb_c81" xml:lang="en" xlink:role="http://www.eurofiling.info/xbrl/role/rc-code">1200</label:label>
    <gen:arc xlink:type="arc" xlink:arcrole="http://xbrl.org/arcrole/2008/element-label" xlink:from="loc_dnb_c81" xlink:to="label_dnb_c81" />
    <label:label xlink:type="resource" xlink:label="label_dnb_c81_1" xml:lang="nl" xlink:role="http://www.eurofiling.info/xbrl/role/rc-code">1200</label:label>
    <gen:arc xlink:type="arc" xlink:arcrole="http://xbrl.org/arcrole/2008/element-label" xlink:from="loc_dnb_c81" xlink:to="label_dnb_c81_1" />
    <link:loc xlink:type="locator" xlink:href="t02.02-rend.xml#dnb_c82" xlink:label="loc_dnb_c82" />
    <label:label xlink:type="resource" xlink:label="label_dnb_c82" xml:lang="en" xlink:role="http://www.eurofiling.info/xbrl/role/rc-code">1210</label:label>
    <gen:arc xlink:type="arc" xlink:arcrole="http://xbrl.org/arcrole/2008/element-label" xlink:from="loc_dnb_c82" xlink:to="label_dnb_c82" />
    <label:label xlink:type="resource" xlink:label="label_dnb_c82_1" xml:lang="nl" xlink:role="http://www.eurofiling.info/xbrl/role/rc-code">1210</label:label>
    <gen:arc xlink:type="arc" xlink:arcrole="http://xbrl.org/arcrole/2008/element-label" xlink:from="loc_dnb_c82" xlink:to="label_dnb_c82_1" />
    <link:loc xlink:type="locator" xlink:href="t02.02-rend.xml#dnb_c83" xlink:label="loc_dnb_c83" />
    <label:label xlink:type="resource" xlink:label="label_dnb_c83" xml:lang="en" xlink:role="http://www.eurofiling.info/xbrl/role/rc-code">1220</label:label>
    <gen:arc xlink:type="arc" xlink:arcrole="http://xbrl.org/arcrole/2008/element-label" xlink:from="loc_dnb_c83" xlink:to="label_dnb_c83" />
    <label:label xlink:type="resource" xlink:label="label_dnb_c83_1" xml:lang="nl" xlink:role="http://www.eurofiling.info/xbrl/role/rc-code">1220</label:label>
    <gen:arc xlink:type="arc" xlink:arcrole="http://xbrl.org/arcrole/2008/element-label" xlink:from="loc_dnb_c83" xlink:to="label_dnb_c83_1" />
    <link:loc xlink:type="locator" xlink:href="t02.02-rend.xml#dnb_c84" xlink:label="loc_dnb_c84" />
    <label:label xlink:type="resource" xlink:label="label_dnb_c84" xml:lang="en" xlink:role="http://www.eurofiling.info/xbrl/role/rc-code">1230</label:label>
    <gen:arc xlink:type="arc" xlink:arcrole="http://xbrl.org/arcrole/2008/element-label" xlink:from="loc_dnb_c84" xlink:to="label_dnb_c84" />
    <label:label xlink:type="resource" xlink:label="label_dnb_c84_1" xml:lang="nl" xlink:role="http://www.eurofiling.info/xbrl/role/rc-code">1230</label:label>
    <gen:arc xlink:type="arc" xlink:arcrole="http://xbrl.org/arcrole/2008/element-label" xlink:from="loc_dnb_c84" xlink:to="label_dnb_c84_1" />
    <link:loc xlink:type="locator" xlink:href="t02.02-rend.xml#dnb_c85" xlink:label="loc_dnb_c85" />
    <label:label xlink:type="resource" xlink:label="label_dnb_c85" xml:lang="en" xlink:role="http://www.eurofiling.info/xbrl/role/rc-code">1240</label:label>
    <gen:arc xlink:type="arc" xlink:arcrole="http://xbrl.org/arcrole/2008/element-label" xlink:from="loc_dnb_c85" xlink:to="label_dnb_c85" />
    <label:label xlink:type="resource" xlink:label="label_dnb_c85_1" xml:lang="nl" xlink:role="http://www.eurofiling.info/xbrl/role/rc-code">1240</label:label>
    <gen:arc xlink:type="arc" xlink:arcrole="http://xbrl.org/arcrole/2008/element-label" xlink:from="loc_dnb_c85" xlink:to="label_dnb_c85_1" />
    <link:loc xlink:type="locator" xlink:href="t02.02-rend.xml#dnb_c86" xlink:label="loc_dnb_c86" />
    <label:label xlink:type="resource" xlink:label="label_dnb_c86" xml:lang="en" xlink:role="http://www.eurofiling.info/xbrl/role/rc-code">1250</label:label>
    <gen:arc xlink:type="arc" xlink:arcrole="http://xbrl.org/arcrole/2008/element-label" xlink:from="loc_dnb_c86" xlink:to="label_dnb_c86" />
    <label:label xlink:type="resource" xlink:label="label_dnb_c86_1" xml:lang="nl" xlink:role="http://www.eurofiling.info/xbrl/role/rc-code">1250</label:label>
    <gen:arc xlink:type="arc" xlink:arcrole="http://xbrl.org/arcrole/2008/element-label" xlink:from="loc_dnb_c86" xlink:to="label_dnb_c86_1" />
    <link:loc xlink:type="locator" xlink:href="t02.02-rend.xml#dnb_c87" xlink:label="loc_dnb_c87" />
    <label:label xlink:type="resource" xlink:label="label_dnb_c87" xml:lang="en" xlink:role="http://www.eurofiling.info/xbrl/role/rc-code">1260</label:label>
    <gen:arc xlink:type="arc" xlink:arcrole="http://xbrl.org/arcrole/2008/element-label" xlink:from="loc_dnb_c87" xlink:to="label_dnb_c87" />
    <label:label xlink:type="resource" xlink:label="label_dnb_c87_1" xml:lang="nl" xlink:role="http://www.eurofiling.info/xbrl/role/rc-code">1260</label:label>
    <gen:arc xlink:type="arc" xlink:arcrole="http://xbrl.org/arcrole/2008/element-label" xlink:from="loc_dnb_c87" xlink:to="label_dnb_c87_1" />
    <link:loc xlink:type="locator" xlink:href="t02.02-rend.xml#dnb_c88" xlink:label="loc_dnb_c88" />
    <label:label xlink:type="resource" xlink:label="label_dnb_c88" xml:lang="en" xlink:role="http://www.eurofiling.info/xbrl/role/rc-code">1270</label:label>
    <gen:arc xlink:type="arc" xlink:arcrole="http://xbrl.org/arcrole/2008/element-label" xlink:from="loc_dnb_c88" xlink:to="label_dnb_c88" />
    <label:label xlink:type="resource" xlink:label="label_dnb_c88_1" xml:lang="nl" xlink:role="http://www.eurofiling.info/xbrl/role/rc-code">1270</label:label>
    <gen:arc xlink:type="arc" xlink:arcrole="http://xbrl.org/arcrole/2008/element-label" xlink:from="loc_dnb_c88" xlink:to="label_dnb_c88_1" />
    <link:loc xlink:type="locator" xlink:href="t02.02-rend.xml#dnb_c89" xlink:label="loc_dnb_c89" />
    <label:label xlink:type="resource" xlink:label="label_dnb_c89" xml:lang="en" xlink:role="http://www.eurofiling.info/xbrl/role/rc-code">1280</label:label>
    <gen:arc xlink:type="arc" xlink:arcrole="http://xbrl.org/arcrole/2008/element-label" xlink:from="loc_dnb_c89" xlink:to="label_dnb_c89" />
    <label:label xlink:type="resource" xlink:label="label_dnb_c89_1" xml:lang="nl" xlink:role="http://www.eurofiling.info/xbrl/role/rc-code">1280</label:label>
    <gen:arc xlink:type="arc" xlink:arcrole="http://xbrl.org/arcrole/2008/element-label" xlink:from="loc_dnb_c89" xlink:to="label_dnb_c89_1" />
    <link:loc xlink:type="locator" xlink:href="t02.02-rend.xml#dnb_c90" xlink:label="loc_dnb_c90" />
    <label:label xlink:type="resource" xlink:label="label_dnb_c90" xml:lang="en" xlink:role="http://www.eurofiling.info/xbrl/role/rc-code">1290</label:label>
    <gen:arc xlink:type="arc" xlink:arcrole="http://xbrl.org/arcrole/2008/element-label" xlink:from="loc_dnb_c90" xlink:to="label_dnb_c90" />
    <label:label xlink:type="resource" xlink:label="label_dnb_c90_1" xml:lang="nl" xlink:role="http://www.eurofiling.info/xbrl/role/rc-code">1290</label:label>
    <gen:arc xlink:type="arc" xlink:arcrole="http://xbrl.org/arcrole/2008/element-label" xlink:from="loc_dnb_c90" xlink:to="label_dnb_c90_1" />
    <link:loc xlink:type="locator" xlink:href="t02.02-rend.xml#dnb_c91" xlink:label="loc_dnb_c91" />
    <label:label xlink:type="resource" xlink:label="label_dnb_c91" xml:lang="en" xlink:role="http://www.eurofiling.info/xbrl/role/rc-code">1310</label:label>
    <gen:arc xlink:type="arc" xlink:arcrole="http://xbrl.org/arcrole/2008/element-label" xlink:from="loc_dnb_c91" xlink:to="label_dnb_c91" />
    <label:label xlink:type="resource" xlink:label="label_dnb_c91_1" xml:lang="nl" xlink:role="http://www.eurofiling.info/xbrl/role/rc-code">1310</label:label>
    <gen:arc xlink:type="arc" xlink:arcrole="http://xbrl.org/arcrole/2008/element-label" xlink:from="loc_dnb_c91" xlink:to="label_dnb_c91_1" />
    <link:loc xlink:type="locator" xlink:href="t02.02-rend.xml#dnb_c92" xlink:label="loc_dnb_c92" />
    <label:label xlink:type="resource" xlink:label="label_dnb_c92" xml:lang="en" xlink:role="http://www.eurofiling.info/xbrl/role/rc-code">1320</label:label>
    <gen:arc xlink:type="arc" xlink:arcrole="http://xbrl.org/arcrole/2008/element-label" xlink:from="loc_dnb_c92" xlink:to="label_dnb_c92" />
    <label:label xlink:type="resource" xlink:label="label_dnb_c92_1" xml:lang="nl" xlink:role="http://www.eurofiling.info/xbrl/role/rc-code">1320</label:label>
    <gen:arc xlink:type="arc" xlink:arcrole="http://xbrl.org/arcrole/2008/element-label" xlink:from="loc_dnb_c92" xlink:to="label_dnb_c92_1" />
    <link:loc xlink:type="locator" xlink:href="t02.02-rend.xml#dnb_c93" xlink:label="loc_dnb_c93" />
    <label:label xlink:type="resource" xlink:label="label_dnb_c93" xml:lang="en" xlink:role="http://www.eurofiling.info/xbrl/role/rc-code">1330</label:label>
    <gen:arc xlink:type="arc" xlink:arcrole="http://xbrl.org/arcrole/2008/element-label" xlink:from="loc_dnb_c93" xlink:to="label_dnb_c93" />
    <label:label xlink:type="resource" xlink:label="label_dnb_c93_1" xml:lang="nl" xlink:role="http://www.eurofiling.info/xbrl/role/rc-code">1330</label:label>
    <gen:arc xlink:type="arc" xlink:arcrole="http://xbrl.org/arcrole/2008/element-label" xlink:from="loc_dnb_c93" xlink:to="label_dnb_c93_1" />
    <link:loc xlink:type="locator" xlink:href="t02.02-rend.xml#dnb_c94" xlink:label="loc_dnb_c94" />
    <label:label xlink:type="resource" xlink:label="label_dnb_c94" xml:lang="en" xlink:role="http://www.eurofiling.info/xbrl/role/rc-code">1340</label:label>
    <gen:arc xlink:type="arc" xlink:arcrole="http://xbrl.org/arcrole/2008/element-label" xlink:from="loc_dnb_c94" xlink:to="label_dnb_c94" />
    <label:label xlink:type="resource" xlink:label="label_dnb_c94_1" xml:lang="nl" xlink:role="http://www.eurofiling.info/xbrl/role/rc-code">1340</label:label>
    <gen:arc xlink:type="arc" xlink:arcrole="http://xbrl.org/arcrole/2008/element-label" xlink:from="loc_dnb_c94" xlink:to="label_dnb_c94_1" />
    <link:loc xlink:type="locator" xlink:href="t02.02-rend.xml#dnb_c95" xlink:label="loc_dnb_c95" />
    <label:label xlink:type="resource" xlink:label="label_dnb_c95" xml:lang="en" xlink:role="http://www.eurofiling.info/xbrl/role/rc-code">1350</label:label>
    <gen:arc xlink:type="arc" xlink:arcrole="http://xbrl.org/arcrole/2008/element-label" xlink:from="loc_dnb_c95" xlink:to="label_dnb_c95" />
    <label:label xlink:type="resource" xlink:label="label_dnb_c95_1" xml:lang="nl" xlink:role="http://www.eurofiling.info/xbrl/role/rc-code">1350</label:label>
    <gen:arc xlink:type="arc" xlink:arcrole="http://xbrl.org/arcrole/2008/element-label" xlink:from="loc_dnb_c95" xlink:to="label_dnb_c95_1" />
    <link:loc xlink:type="locator" xlink:href="t02.02-rend.xml#dnb_a3" xlink:label="loc_dnb_a3" />
    <label:label xlink:type="resource" xlink:label="label_dnb_a3" xml:lang="en" xlink:role="http://www.eurofiling.info/xbrl/role/rc-code">Z001</label:label>
    <gen:arc xlink:type="arc" xlink:arcrole="http://xbrl.org/arcrole/2008/element-label" xlink:from="loc_dnb_a3" xlink:to="label_dnb_a3" />
    <label:label xlink:type="resource" xlink:label="label_dnb_a3_1" xml:lang="nl" xlink:role="http://www.eurofiling.info/xbrl/role/rc-code">Z001</label:label>
    <gen:arc xlink:type="arc" xlink:arcrole="http://xbrl.org/arcrole/2008/element-label" xlink:from="loc_dnb_a3" xlink:to="label_dnb_a3_1" />
  </gen:link>
</link:linkbase>