﻿<?xml version="1.0" encoding="utf-8"?>
<!--© DNB-->
<!--Taxonomy Creation Date UTC 2025-05-21T09:34:14+02:00-->
<link:linkbase xmlns:xsi="http://www.w3.org/2001/XMLSchema-instance" xmlns:xlink="http://www.w3.org/1999/xlink" xmlns:link="http://www.xbrl.org/2003/linkbase" xmlns:gen="http://xbrl.org/2008/generic" xmlns:label="http://xbrl.org/2008/label" xsi:schemaLocation="http://www.xbrl.org/2003/linkbase http://www.xbrl.org/2003/xbrl-linkbase-2003-12-31.xsd http://xbrl.org/2008/generic http://www.xbrl.org/2008/generic-link.xsd http://xbrl.org/2008/label http://www.xbrl.org/2008/generic-label.xsd">
  <link:arcroleRef arcroleURI="http://xbrl.org/arcrole/2008/element-label" xlink:type="simple" xlink:href="http://www.xbrl.org/2008/generic-label.xsd#element-label" />
  <link:roleRef roleURI="http://www.xbrl.org/2008/role/label" xlink:type="simple" xlink:href="http://www.xbrl.org/2008/generic-label.xsd#standard-label" />
  <link:roleRef roleURI="http://www.xbrl.org/2008/role/verboseLabel" xlink:type="simple" xlink:href="http://www.xbrl.org/2008/generic-label.xsd#verbose-label" />
  <gen:link xlink:type="extended" xlink:role="http://www.xbrl.org/2003/role/link">
    <link:loc xlink:type="locator" xlink:href="t02.02-rend.xml#dnb_tT02.02" xlink:label="loc_dnb_tT02.02" />
    <label:label xlink:type="resource" xlink:label="label_dnb_tT02.02" xml:lang="en" xlink:role="http://www.xbrl.org/2008/role/label">T02.02 Payment transactions involving non-MFIs, sent; other transactions - Derogation</label:label>
    <gen:arc xlink:type="arc" xlink:arcrole="http://xbrl.org/arcrole/2008/element-label" xlink:from="loc_dnb_tT02.02" xlink:to="label_dnb_tT02.02" />
    <label:label xlink:type="resource" xlink:label="label_dnb_tT02.02_1" xml:lang="en" xlink:role="http://www.xbrl.org/2008/role/verboseLabel">T02.02 Payment transactions involving non-MFIs, sent; other transactions - Derogation</label:label>
    <gen:arc xlink:type="arc" xlink:arcrole="http://xbrl.org/arcrole/2008/element-label" xlink:from="loc_dnb_tT02.02" xlink:to="label_dnb_tT02.02_1" />
    <link:loc xlink:type="locator" xlink:href="t02.02-rend.xml#dnb_a1" xlink:label="loc_dnb_a1" />
    <label:label xlink:type="resource" xlink:label="label_dnb_a1" xml:lang="en" xlink:role="http://www.xbrl.org/2008/role/label">x-axis</label:label>
    <gen:arc xlink:type="arc" xlink:arcrole="http://xbrl.org/arcrole/2008/element-label" xlink:from="loc_dnb_a1" xlink:to="label_dnb_a1" />
    <link:loc xlink:type="locator" xlink:href="t02.02-rend.xml#dnb_c1" xlink:label="loc_dnb_c1" />
    <label:label xlink:type="resource" xlink:label="label_dnb_c1" xml:lang="en" xlink:role="http://www.xbrl.org/2008/role/label">Payment transactions</label:label>
    <gen:arc xlink:type="arc" xlink:arcrole="http://xbrl.org/arcrole/2008/element-label" xlink:from="loc_dnb_c1" xlink:to="label_dnb_c1" />
    <link:loc xlink:type="locator" xlink:href="t02.02-rend.xml#dnb_c2" xlink:label="loc_dnb_c2" />
    <label:label xlink:type="resource" xlink:label="label_dnb_c2" xml:lang="en" xlink:role="http://www.xbrl.org/2008/role/label">Number of transactions</label:label>
    <gen:arc xlink:type="arc" xlink:arcrole="http://xbrl.org/arcrole/2008/element-label" xlink:from="loc_dnb_c2" xlink:to="label_dnb_c2" />
    <link:loc xlink:type="locator" xlink:href="t02.02-rend.xml#dnb_c3" xlink:label="loc_dnb_c3" />
    <label:label xlink:type="resource" xlink:label="label_dnb_c3" xml:lang="en" xlink:role="http://www.xbrl.org/2008/role/label">Total</label:label>
    <gen:arc xlink:type="arc" xlink:arcrole="http://xbrl.org/arcrole/2008/element-label" xlink:from="loc_dnb_c3" xlink:to="label_dnb_c3" />
    <link:loc xlink:type="locator" xlink:href="t02.02-rend.xml#dnb_c4" xlink:label="loc_dnb_c4" />
    <label:label xlink:type="resource" xlink:label="label_dnb_c4" xml:lang="en" xlink:role="http://www.xbrl.org/2008/role/label">Remote</label:label>
    <gen:arc xlink:type="arc" xlink:arcrole="http://xbrl.org/arcrole/2008/element-label" xlink:from="loc_dnb_c4" xlink:to="label_dnb_c4" />
    <link:loc xlink:type="locator" xlink:href="t02.02-rend.xml#dnb_c5" xlink:label="loc_dnb_c5" />
    <label:label xlink:type="resource" xlink:label="label_dnb_c5" xml:lang="en" xlink:role="http://www.xbrl.org/2008/role/label">Non-remote</label:label>
    <gen:arc xlink:type="arc" xlink:arcrole="http://xbrl.org/arcrole/2008/element-label" xlink:from="loc_dnb_c5" xlink:to="label_dnb_c5" />
    <link:loc xlink:type="locator" xlink:href="t02.02-rend.xml#dnb_c6" xlink:label="loc_dnb_c6" />
    <label:label xlink:type="resource" xlink:label="label_dnb_c6" xml:lang="en" xlink:role="http://www.xbrl.org/2008/role/label">Value of transactions</label:label>
    <gen:arc xlink:type="arc" xlink:arcrole="http://xbrl.org/arcrole/2008/element-label" xlink:from="loc_dnb_c6" xlink:to="label_dnb_c6" />
    <link:loc xlink:type="locator" xlink:href="t02.02-rend.xml#dnb_c7" xlink:label="loc_dnb_c7" />
    <label:label xlink:type="resource" xlink:label="label_dnb_c7" xml:lang="en" xlink:role="http://www.xbrl.org/2008/role/label">Total</label:label>
    <gen:arc xlink:type="arc" xlink:arcrole="http://xbrl.org/arcrole/2008/element-label" xlink:from="loc_dnb_c7" xlink:to="label_dnb_c7" />
    <link:loc xlink:type="locator" xlink:href="t02.02-rend.xml#dnb_c8" xlink:label="loc_dnb_c8" />
    <label:label xlink:type="resource" xlink:label="label_dnb_c8" xml:lang="en" xlink:role="http://www.xbrl.org/2008/role/label">Remote</label:label>
    <gen:arc xlink:type="arc" xlink:arcrole="http://xbrl.org/arcrole/2008/element-label" xlink:from="loc_dnb_c8" xlink:to="label_dnb_c8" />
    <link:loc xlink:type="locator" xlink:href="t02.02-rend.xml#dnb_c9" xlink:label="loc_dnb_c9" />
    <label:label xlink:type="resource" xlink:label="label_dnb_c9" xml:lang="en" xlink:role="http://www.xbrl.org/2008/role/label">Non-remote</label:label>
    <gen:arc xlink:type="arc" xlink:arcrole="http://xbrl.org/arcrole/2008/element-label" xlink:from="loc_dnb_c9" xlink:to="label_dnb_c9" />
    <link:loc xlink:type="locator" xlink:href="t02.02-rend.xml#dnb_c10" xlink:label="loc_dnb_c10" />
    <label:label xlink:type="resource" xlink:label="label_dnb_c10" xml:lang="en" xlink:role="http://www.xbrl.org/2008/role/label">Fraudulent payment transactions</label:label>
    <gen:arc xlink:type="arc" xlink:arcrole="http://xbrl.org/arcrole/2008/element-label" xlink:from="loc_dnb_c10" xlink:to="label_dnb_c10" />
    <link:loc xlink:type="locator" xlink:href="t02.02-rend.xml#dnb_c11" xlink:label="loc_dnb_c11" />
    <label:label xlink:type="resource" xlink:label="label_dnb_c11" xml:lang="en" xlink:role="http://www.xbrl.org/2008/role/label">Number of transactions</label:label>
    <gen:arc xlink:type="arc" xlink:arcrole="http://xbrl.org/arcrole/2008/element-label" xlink:from="loc_dnb_c11" xlink:to="label_dnb_c11" />
    <link:loc xlink:type="locator" xlink:href="t02.02-rend.xml#dnb_c12" xlink:label="loc_dnb_c12" />
    <label:label xlink:type="resource" xlink:label="label_dnb_c12" xml:lang="en" xlink:role="http://www.xbrl.org/2008/role/label">Total</label:label>
    <gen:arc xlink:type="arc" xlink:arcrole="http://xbrl.org/arcrole/2008/element-label" xlink:from="loc_dnb_c12" xlink:to="label_dnb_c12" />
    <link:loc xlink:type="locator" xlink:href="t02.02-rend.xml#dnb_c13" xlink:label="loc_dnb_c13" />
    <label:label xlink:type="resource" xlink:label="label_dnb_c13" xml:lang="en" xlink:role="http://www.xbrl.org/2008/role/label">Remote</label:label>
    <gen:arc xlink:type="arc" xlink:arcrole="http://xbrl.org/arcrole/2008/element-label" xlink:from="loc_dnb_c13" xlink:to="label_dnb_c13" />
    <link:loc xlink:type="locator" xlink:href="t02.02-rend.xml#dnb_c14" xlink:label="loc_dnb_c14" />
    <label:label xlink:type="resource" xlink:label="label_dnb_c14" xml:lang="en" xlink:role="http://www.xbrl.org/2008/role/label">Non-remote</label:label>
    <gen:arc xlink:type="arc" xlink:arcrole="http://xbrl.org/arcrole/2008/element-label" xlink:from="loc_dnb_c14" xlink:to="label_dnb_c14" />
    <link:loc xlink:type="locator" xlink:href="t02.02-rend.xml#dnb_c15" xlink:label="loc_dnb_c15" />
    <label:label xlink:type="resource" xlink:label="label_dnb_c15" xml:lang="en" xlink:role="http://www.xbrl.org/2008/role/label">Value of transactions</label:label>
    <gen:arc xlink:type="arc" xlink:arcrole="http://xbrl.org/arcrole/2008/element-label" xlink:from="loc_dnb_c15" xlink:to="label_dnb_c15" />
    <link:loc xlink:type="locator" xlink:href="t02.02-rend.xml#dnb_c16" xlink:label="loc_dnb_c16" />
    <label:label xlink:type="resource" xlink:label="label_dnb_c16" xml:lang="en" xlink:role="http://www.xbrl.org/2008/role/label">Total</label:label>
    <gen:arc xlink:type="arc" xlink:arcrole="http://xbrl.org/arcrole/2008/element-label" xlink:from="loc_dnb_c16" xlink:to="label_dnb_c16" />
    <link:loc xlink:type="locator" xlink:href="t02.02-rend.xml#dnb_c17" xlink:label="loc_dnb_c17" />
    <label:label xlink:type="resource" xlink:label="label_dnb_c17" xml:lang="en" xlink:role="http://www.xbrl.org/2008/role/label">Remote</label:label>
    <gen:arc xlink:type="arc" xlink:arcrole="http://xbrl.org/arcrole/2008/element-label" xlink:from="loc_dnb_c17" xlink:to="label_dnb_c17" />
    <link:loc xlink:type="locator" xlink:href="t02.02-rend.xml#dnb_c18" xlink:label="loc_dnb_c18" />
    <label:label xlink:type="resource" xlink:label="label_dnb_c18" xml:lang="en" xlink:role="http://www.xbrl.org/2008/role/label">Non-remote</label:label>
    <gen:arc xlink:type="arc" xlink:arcrole="http://xbrl.org/arcrole/2008/element-label" xlink:from="loc_dnb_c18" xlink:to="label_dnb_c18" />
    <link:loc xlink:type="locator" xlink:href="t02.02-rend.xml#dnb_a2" xlink:label="loc_dnb_a2" />
    <label:label xlink:type="resource" xlink:label="label_dnb_a2" xml:lang="en" xlink:role="http://www.xbrl.org/2008/role/label">y-axis</label:label>
    <gen:arc xlink:type="arc" xlink:arcrole="http://xbrl.org/arcrole/2008/element-label" xlink:from="loc_dnb_a2" xlink:to="label_dnb_a2" />
    <link:loc xlink:type="locator" xlink:href="t02.02-rend.xml#dnb_c19" xlink:label="loc_dnb_c19" />
    <label:label xlink:type="resource" xlink:label="label_dnb_c19" xml:lang="en" xlink:role="http://www.xbrl.org/2008/role/label">Credit transfers</label:label>
    <gen:arc xlink:type="arc" xlink:arcrole="http://xbrl.org/arcrole/2008/element-label" xlink:from="loc_dnb_c19" xlink:to="label_dnb_c19" />
    <link:loc xlink:type="locator" xlink:href="t02.02-rend.xml#dnb_c20" xlink:label="loc_dnb_c20" />
    <label:label xlink:type="resource" xlink:label="label_dnb_c20" xml:lang="en" xlink:role="http://www.xbrl.org/2008/role/label">Initiated in paper-based form</label:label>
    <gen:arc xlink:type="arc" xlink:arcrole="http://xbrl.org/arcrole/2008/element-label" xlink:from="loc_dnb_c20" xlink:to="label_dnb_c20" />
    <link:loc xlink:type="locator" xlink:href="t02.02-rend.xml#dnb_c21" xlink:label="loc_dnb_c21" />
    <label:label xlink:type="resource" xlink:label="label_dnb_c21" xml:lang="en" xlink:role="http://www.xbrl.org/2008/role/label">Initiated electronically</label:label>
    <gen:arc xlink:type="arc" xlink:arcrole="http://xbrl.org/arcrole/2008/element-label" xlink:from="loc_dnb_c21" xlink:to="label_dnb_c21" />
    <link:loc xlink:type="locator" xlink:href="t02.02-rend.xml#dnb_c22" xlink:label="loc_dnb_c22" />
    <label:label xlink:type="resource" xlink:label="label_dnb_c22" xml:lang="en" xlink:role="http://www.xbrl.org/2008/role/label">Other</label:label>
    <gen:arc xlink:type="arc" xlink:arcrole="http://xbrl.org/arcrole/2008/element-label" xlink:from="loc_dnb_c22" xlink:to="label_dnb_c22" />
    <link:loc xlink:type="locator" xlink:href="t02.02-rend.xml#dnb_c23" xlink:label="loc_dnb_c23" />
    <label:label xlink:type="resource" xlink:label="label_dnb_c23" xml:lang="en" xlink:role="http://www.xbrl.org/2008/role/label">of which: Initiated by Payment Initiation Service Provider (PISP)</label:label>
    <gen:arc xlink:type="arc" xlink:arcrole="http://xbrl.org/arcrole/2008/element-label" xlink:from="loc_dnb_c23" xlink:to="label_dnb_c23" />
    <link:loc xlink:type="locator" xlink:href="t02.02-rend.xml#dnb_c24" xlink:label="loc_dnb_c24" />
    <label:label xlink:type="resource" xlink:label="label_dnb_c24" xml:lang="en" xlink:role="http://www.xbrl.org/2008/role/label">Initiated electronically, of which broken down by authentication channel:</label:label>
    <gen:arc xlink:type="arc" xlink:arcrole="http://xbrl.org/arcrole/2008/element-label" xlink:from="loc_dnb_c24" xlink:to="label_dnb_c24" />
    <link:loc xlink:type="locator" xlink:href="t02.02-rend.xml#dnb_c25" xlink:label="loc_dnb_c25" />
    <label:label xlink:type="resource" xlink:label="label_dnb_c25" xml:lang="en" xlink:role="http://www.xbrl.org/2008/role/label">Authenticated via Strong Customer Authentication (SCA)</label:label>
    <gen:arc xlink:type="arc" xlink:arcrole="http://xbrl.org/arcrole/2008/element-label" xlink:from="loc_dnb_c25" xlink:to="label_dnb_c25" />
    <link:loc xlink:type="locator" xlink:href="t02.02-rend.xml#dnb_c26" xlink:label="loc_dnb_c26" />
    <label:label xlink:type="resource" xlink:label="label_dnb_c26" xml:lang="en" xlink:role="http://www.xbrl.org/2008/role/label">Authenticated via Strong Customer Authentication (SCA), of which fraudulent credit transfer by origin:</label:label>
    <gen:arc xlink:type="arc" xlink:arcrole="http://xbrl.org/arcrole/2008/element-label" xlink:from="loc_dnb_c26" xlink:to="label_dnb_c26" />
    <link:loc xlink:type="locator" xlink:href="t02.02-rend.xml#dnb_c27" xlink:label="loc_dnb_c27" />
    <label:label xlink:type="resource" xlink:label="label_dnb_c27" xml:lang="en" xlink:role="http://www.xbrl.org/2008/role/label">Issuance of a payment order by the fraudster</label:label>
    <gen:arc xlink:type="arc" xlink:arcrole="http://xbrl.org/arcrole/2008/element-label" xlink:from="loc_dnb_c27" xlink:to="label_dnb_c27" />
    <link:loc xlink:type="locator" xlink:href="t02.02-rend.xml#dnb_c28" xlink:label="loc_dnb_c28" />
    <label:label xlink:type="resource" xlink:label="label_dnb_c28" xml:lang="en" xlink:role="http://www.xbrl.org/2008/role/label">Modification of a payment order by the fraudster</label:label>
    <gen:arc xlink:type="arc" xlink:arcrole="http://xbrl.org/arcrole/2008/element-label" xlink:from="loc_dnb_c28" xlink:to="label_dnb_c28" />
    <link:loc xlink:type="locator" xlink:href="t02.02-rend.xml#dnb_c29" xlink:label="loc_dnb_c29" />
    <label:label xlink:type="resource" xlink:label="label_dnb_c29" xml:lang="en" xlink:role="http://www.xbrl.org/2008/role/label">Manipulation of the payer by the fraudster to issue a payment order</label:label>
    <gen:arc xlink:type="arc" xlink:arcrole="http://xbrl.org/arcrole/2008/element-label" xlink:from="loc_dnb_c29" xlink:to="label_dnb_c29" />
    <link:loc xlink:type="locator" xlink:href="t02.02-rend.xml#dnb_c30" xlink:label="loc_dnb_c30" />
    <label:label xlink:type="resource" xlink:label="label_dnb_c30" xml:lang="en" xlink:role="http://www.xbrl.org/2008/role/label">Authenticated via non-Strong Customer Authentication (non-SCA)</label:label>
    <gen:arc xlink:type="arc" xlink:arcrole="http://xbrl.org/arcrole/2008/element-label" xlink:from="loc_dnb_c30" xlink:to="label_dnb_c30" />
    <link:loc xlink:type="locator" xlink:href="t02.02-rend.xml#dnb_c31" xlink:label="loc_dnb_c31" />
    <label:label xlink:type="resource" xlink:label="label_dnb_c31" xml:lang="en" xlink:role="http://www.xbrl.org/2008/role/label">Authenticated via non-Strong Customer Authentication (non-SCA), of which fraudulent credit transfer by origin:</label:label>
    <gen:arc xlink:type="arc" xlink:arcrole="http://xbrl.org/arcrole/2008/element-label" xlink:from="loc_dnb_c31" xlink:to="label_dnb_c31" />
    <link:loc xlink:type="locator" xlink:href="t02.02-rend.xml#dnb_c32" xlink:label="loc_dnb_c32" />
    <label:label xlink:type="resource" xlink:label="label_dnb_c32" xml:lang="en" xlink:role="http://www.xbrl.org/2008/role/label">Issuance of a payment order by the fraudster</label:label>
    <gen:arc xlink:type="arc" xlink:arcrole="http://xbrl.org/arcrole/2008/element-label" xlink:from="loc_dnb_c32" xlink:to="label_dnb_c32" />
    <link:loc xlink:type="locator" xlink:href="t02.02-rend.xml#dnb_c33" xlink:label="loc_dnb_c33" />
    <label:label xlink:type="resource" xlink:label="label_dnb_c33" xml:lang="en" xlink:role="http://www.xbrl.org/2008/role/label">Modification of a payment order by the fraudster</label:label>
    <gen:arc xlink:type="arc" xlink:arcrole="http://xbrl.org/arcrole/2008/element-label" xlink:from="loc_dnb_c33" xlink:to="label_dnb_c33" />
    <link:loc xlink:type="locator" xlink:href="t02.02-rend.xml#dnb_c34" xlink:label="loc_dnb_c34" />
    <label:label xlink:type="resource" xlink:label="label_dnb_c34" xml:lang="en" xlink:role="http://www.xbrl.org/2008/role/label">Manipulation of the payer by the fraudster to issue a payment order</label:label>
    <gen:arc xlink:type="arc" xlink:arcrole="http://xbrl.org/arcrole/2008/element-label" xlink:from="loc_dnb_c34" xlink:to="label_dnb_c34" />
    <link:loc xlink:type="locator" xlink:href="t02.02-rend.xml#dnb_c35" xlink:label="loc_dnb_c35" />
    <label:label xlink:type="resource" xlink:label="label_dnb_c35" xml:lang="en" xlink:role="http://www.xbrl.org/2008/role/label">Authenticated via non-Strong Customer Authentication (non-SCA), of which broken down by reason:</label:label>
    <gen:arc xlink:type="arc" xlink:arcrole="http://xbrl.org/arcrole/2008/element-label" xlink:from="loc_dnb_c35" xlink:to="label_dnb_c35" />
    <link:loc xlink:type="locator" xlink:href="t02.02-rend.xml#dnb_c36" xlink:label="loc_dnb_c36" />
    <label:label xlink:type="resource" xlink:label="label_dnb_c36" xml:lang="en" xlink:role="http://www.xbrl.org/2008/role/label">Low value</label:label>
    <gen:arc xlink:type="arc" xlink:arcrole="http://xbrl.org/arcrole/2008/element-label" xlink:from="loc_dnb_c36" xlink:to="label_dnb_c36" />
    <link:loc xlink:type="locator" xlink:href="t02.02-rend.xml#dnb_c37" xlink:label="loc_dnb_c37" />
    <label:label xlink:type="resource" xlink:label="label_dnb_c37" xml:lang="en" xlink:role="http://www.xbrl.org/2008/role/label">Payment to self</label:label>
    <gen:arc xlink:type="arc" xlink:arcrole="http://xbrl.org/arcrole/2008/element-label" xlink:from="loc_dnb_c37" xlink:to="label_dnb_c37" />
    <link:loc xlink:type="locator" xlink:href="t02.02-rend.xml#dnb_c38" xlink:label="loc_dnb_c38" />
    <label:label xlink:type="resource" xlink:label="label_dnb_c38" xml:lang="en" xlink:role="http://www.xbrl.org/2008/role/label">Trusted beneficiaries</label:label>
    <gen:arc xlink:type="arc" xlink:arcrole="http://xbrl.org/arcrole/2008/element-label" xlink:from="loc_dnb_c38" xlink:to="label_dnb_c38" />
    <link:loc xlink:type="locator" xlink:href="t02.02-rend.xml#dnb_c39" xlink:label="loc_dnb_c39" />
    <label:label xlink:type="resource" xlink:label="label_dnb_c39" xml:lang="en" xlink:role="http://www.xbrl.org/2008/role/label">Recurring transaction</label:label>
    <gen:arc xlink:type="arc" xlink:arcrole="http://xbrl.org/arcrole/2008/element-label" xlink:from="loc_dnb_c39" xlink:to="label_dnb_c39" />
    <link:loc xlink:type="locator" xlink:href="t02.02-rend.xml#dnb_c40" xlink:label="loc_dnb_c40" />
    <label:label xlink:type="resource" xlink:label="label_dnb_c40" xml:lang="en" xlink:role="http://www.xbrl.org/2008/role/label">Secure corporate payment processes and protocols</label:label>
    <gen:arc xlink:type="arc" xlink:arcrole="http://xbrl.org/arcrole/2008/element-label" xlink:from="loc_dnb_c40" xlink:to="label_dnb_c40" />
    <link:loc xlink:type="locator" xlink:href="t02.02-rend.xml#dnb_c41" xlink:label="loc_dnb_c41" />
    <label:label xlink:type="resource" xlink:label="label_dnb_c41" xml:lang="en" xlink:role="http://www.xbrl.org/2008/role/label">Transaction Risk Analysis</label:label>
    <gen:arc xlink:type="arc" xlink:arcrole="http://xbrl.org/arcrole/2008/element-label" xlink:from="loc_dnb_c41" xlink:to="label_dnb_c41" />
    <link:loc xlink:type="locator" xlink:href="t02.02-rend.xml#dnb_c42" xlink:label="loc_dnb_c42" />
    <label:label xlink:type="resource" xlink:label="label_dnb_c42" xml:lang="en" xlink:role="http://www.xbrl.org/2008/role/label">Contactless low value</label:label>
    <gen:arc xlink:type="arc" xlink:arcrole="http://xbrl.org/arcrole/2008/element-label" xlink:from="loc_dnb_c42" xlink:to="label_dnb_c42" />
    <link:loc xlink:type="locator" xlink:href="t02.02-rend.xml#dnb_c43" xlink:label="loc_dnb_c43" />
    <label:label xlink:type="resource" xlink:label="label_dnb_c43" xml:lang="en" xlink:role="http://www.xbrl.org/2008/role/label">Unattended terminal for transport fares or parking fees</label:label>
    <gen:arc xlink:type="arc" xlink:arcrole="http://xbrl.org/arcrole/2008/element-label" xlink:from="loc_dnb_c43" xlink:to="label_dnb_c43" />
    <link:loc xlink:type="locator" xlink:href="t02.02-rend.xml#dnb_c44" xlink:label="loc_dnb_c44" />
    <label:label xlink:type="resource" xlink:label="label_dnb_c44" xml:lang="en" xlink:role="http://www.xbrl.org/2008/role/label">Direct debits</label:label>
    <gen:arc xlink:type="arc" xlink:arcrole="http://xbrl.org/arcrole/2008/element-label" xlink:from="loc_dnb_c44" xlink:to="label_dnb_c44" />
    <link:loc xlink:type="locator" xlink:href="t02.02-rend.xml#dnb_c45" xlink:label="loc_dnb_c45" />
    <label:label xlink:type="resource" xlink:label="label_dnb_c45" xml:lang="en" xlink:role="http://www.xbrl.org/2008/role/label">Consent given via an electronic mandate</label:label>
    <gen:arc xlink:type="arc" xlink:arcrole="http://xbrl.org/arcrole/2008/element-label" xlink:from="loc_dnb_c45" xlink:to="label_dnb_c45" />
    <link:loc xlink:type="locator" xlink:href="t02.02-rend.xml#dnb_c46" xlink:label="loc_dnb_c46" />
    <label:label xlink:type="resource" xlink:label="label_dnb_c46" xml:lang="en" xlink:role="http://www.xbrl.org/2008/role/label">Consent given via an electronic mandate, of which fraudulent direct debits by origin:</label:label>
    <gen:arc xlink:type="arc" xlink:arcrole="http://xbrl.org/arcrole/2008/element-label" xlink:from="loc_dnb_c46" xlink:to="label_dnb_c46" />
    <link:loc xlink:type="locator" xlink:href="t02.02-rend.xml#dnb_c47" xlink:label="loc_dnb_c47" />
    <label:label xlink:type="resource" xlink:label="label_dnb_c47" xml:lang="en" xlink:role="http://www.xbrl.org/2008/role/label">Unauthorised payment transaction</label:label>
    <gen:arc xlink:type="arc" xlink:arcrole="http://xbrl.org/arcrole/2008/element-label" xlink:from="loc_dnb_c47" xlink:to="label_dnb_c47" />
    <link:loc xlink:type="locator" xlink:href="t02.02-rend.xml#dnb_c48" xlink:label="loc_dnb_c48" />
    <label:label xlink:type="resource" xlink:label="label_dnb_c48" xml:lang="en" xlink:role="http://www.xbrl.org/2008/role/label">Manipulation of the payer</label:label>
    <gen:arc xlink:type="arc" xlink:arcrole="http://xbrl.org/arcrole/2008/element-label" xlink:from="loc_dnb_c48" xlink:to="label_dnb_c48" />
    <link:loc xlink:type="locator" xlink:href="t02.02-rend.xml#dnb_c49" xlink:label="loc_dnb_c49" />
    <label:label xlink:type="resource" xlink:label="label_dnb_c49" xml:lang="en" xlink:role="http://www.xbrl.org/2008/role/label">Consent given in other forms</label:label>
    <gen:arc xlink:type="arc" xlink:arcrole="http://xbrl.org/arcrole/2008/element-label" xlink:from="loc_dnb_c49" xlink:to="label_dnb_c49" />
    <link:loc xlink:type="locator" xlink:href="t02.02-rend.xml#dnb_c50" xlink:label="loc_dnb_c50" />
    <label:label xlink:type="resource" xlink:label="label_dnb_c50" xml:lang="en" xlink:role="http://www.xbrl.org/2008/role/label">Consent given in other forms, of which fraudulent direct debits by origin:</label:label>
    <gen:arc xlink:type="arc" xlink:arcrole="http://xbrl.org/arcrole/2008/element-label" xlink:from="loc_dnb_c50" xlink:to="label_dnb_c50" />
    <link:loc xlink:type="locator" xlink:href="t02.02-rend.xml#dnb_c51" xlink:label="loc_dnb_c51" />
    <label:label xlink:type="resource" xlink:label="label_dnb_c51" xml:lang="en" xlink:role="http://www.xbrl.org/2008/role/label">Unauthorised payment transaction</label:label>
    <gen:arc xlink:type="arc" xlink:arcrole="http://xbrl.org/arcrole/2008/element-label" xlink:from="loc_dnb_c51" xlink:to="label_dnb_c51" />
    <link:loc xlink:type="locator" xlink:href="t02.02-rend.xml#dnb_c52" xlink:label="loc_dnb_c52" />
    <label:label xlink:type="resource" xlink:label="label_dnb_c52" xml:lang="en" xlink:role="http://www.xbrl.org/2008/role/label">Manipulation of the payer</label:label>
    <gen:arc xlink:type="arc" xlink:arcrole="http://xbrl.org/arcrole/2008/element-label" xlink:from="loc_dnb_c52" xlink:to="label_dnb_c52" />
    <link:loc xlink:type="locator" xlink:href="t02.02-rend.xml#dnb_c53" xlink:label="loc_dnb_c53" />
    <label:label xlink:type="resource" xlink:label="label_dnb_c53" xml:lang="en" xlink:role="http://www.xbrl.org/2008/role/label">E-money payment transactions with e-money issued by resident PSPs</label:label>
    <gen:arc xlink:type="arc" xlink:arcrole="http://xbrl.org/arcrole/2008/element-label" xlink:from="loc_dnb_c53" xlink:to="label_dnb_c53" />
    <link:loc xlink:type="locator" xlink:href="t02.02-rend.xml#dnb_c54" xlink:label="loc_dnb_c54" />
    <label:label xlink:type="resource" xlink:label="label_dnb_c54" xml:lang="en" xlink:role="http://www.xbrl.org/2008/role/label">With cards on which e-money can be stored directly</label:label>
    <gen:arc xlink:type="arc" xlink:arcrole="http://xbrl.org/arcrole/2008/element-label" xlink:from="loc_dnb_c54" xlink:to="label_dnb_c54" />
    <link:loc xlink:type="locator" xlink:href="t02.02-rend.xml#dnb_c55" xlink:label="loc_dnb_c55" />
    <label:label xlink:type="resource" xlink:label="label_dnb_c55" xml:lang="en" xlink:role="http://www.xbrl.org/2008/role/label">With e-money accounts</label:label>
    <gen:arc xlink:type="arc" xlink:arcrole="http://xbrl.org/arcrole/2008/element-label" xlink:from="loc_dnb_c55" xlink:to="label_dnb_c55" />
    <link:loc xlink:type="locator" xlink:href="t02.02-rend.xml#dnb_c56" xlink:label="loc_dnb_c56" />
    <label:label xlink:type="resource" xlink:label="label_dnb_c56" xml:lang="en" xlink:role="http://www.xbrl.org/2008/role/label">Accessed through a card</label:label>
    <gen:arc xlink:type="arc" xlink:arcrole="http://xbrl.org/arcrole/2008/element-label" xlink:from="loc_dnb_c56" xlink:to="label_dnb_c56" />
    <link:loc xlink:type="locator" xlink:href="t02.02-rend.xml#dnb_c57" xlink:label="loc_dnb_c57" />
    <label:label xlink:type="resource" xlink:label="label_dnb_c57" xml:lang="en" xlink:role="http://www.xbrl.org/2008/role/label">Authenticated via Strong Customer Authentication (SCA)</label:label>
    <gen:arc xlink:type="arc" xlink:arcrole="http://xbrl.org/arcrole/2008/element-label" xlink:from="loc_dnb_c57" xlink:to="label_dnb_c57" />
    <link:loc xlink:type="locator" xlink:href="t02.02-rend.xml#dnb_c58" xlink:label="loc_dnb_c58" />
    <label:label xlink:type="resource" xlink:label="label_dnb_c58" xml:lang="en" xlink:role="http://www.xbrl.org/2008/role/label">Authenticated via Strong Customer Authentication (SCA), of which fraudulent e-money payments by origin:</label:label>
    <gen:arc xlink:type="arc" xlink:arcrole="http://xbrl.org/arcrole/2008/element-label" xlink:from="loc_dnb_c58" xlink:to="label_dnb_c58" />
    <link:loc xlink:type="locator" xlink:href="t02.02-rend.xml#dnb_c59" xlink:label="loc_dnb_c59" />
    <label:label xlink:type="resource" xlink:label="label_dnb_c59" xml:lang="en" xlink:role="http://www.xbrl.org/2008/role/label">Issuance of a payment order by the fraudster</label:label>
    <gen:arc xlink:type="arc" xlink:arcrole="http://xbrl.org/arcrole/2008/element-label" xlink:from="loc_dnb_c59" xlink:to="label_dnb_c59" />
    <link:loc xlink:type="locator" xlink:href="t02.02-rend.xml#dnb_c60" xlink:label="loc_dnb_c60" />
    <label:label xlink:type="resource" xlink:label="label_dnb_c60" xml:lang="en" xlink:role="http://www.xbrl.org/2008/role/label">Lost or Stolen e-money card</label:label>
    <gen:arc xlink:type="arc" xlink:arcrole="http://xbrl.org/arcrole/2008/element-label" xlink:from="loc_dnb_c60" xlink:to="label_dnb_c60" />
    <link:loc xlink:type="locator" xlink:href="t02.02-rend.xml#dnb_c61" xlink:label="loc_dnb_c61" />
    <label:label xlink:type="resource" xlink:label="label_dnb_c61" xml:lang="en" xlink:role="http://www.xbrl.org/2008/role/label">E-money card not received</label:label>
    <gen:arc xlink:type="arc" xlink:arcrole="http://xbrl.org/arcrole/2008/element-label" xlink:from="loc_dnb_c61" xlink:to="label_dnb_c61" />
    <link:loc xlink:type="locator" xlink:href="t02.02-rend.xml#dnb_c62" xlink:label="loc_dnb_c62" />
    <label:label xlink:type="resource" xlink:label="label_dnb_c62" xml:lang="en" xlink:role="http://www.xbrl.org/2008/role/label">Counterfeit e-money card</label:label>
    <gen:arc xlink:type="arc" xlink:arcrole="http://xbrl.org/arcrole/2008/element-label" xlink:from="loc_dnb_c62" xlink:to="label_dnb_c62" />
    <link:loc xlink:type="locator" xlink:href="t02.02-rend.xml#dnb_c63" xlink:label="loc_dnb_c63" />
    <label:label xlink:type="resource" xlink:label="label_dnb_c63" xml:lang="en" xlink:role="http://www.xbrl.org/2008/role/label">Card details theft</label:label>
    <gen:arc xlink:type="arc" xlink:arcrole="http://xbrl.org/arcrole/2008/element-label" xlink:from="loc_dnb_c63" xlink:to="label_dnb_c63" />
    <link:loc xlink:type="locator" xlink:href="t02.02-rend.xml#dnb_c64" xlink:label="loc_dnb_c64" />
    <label:label xlink:type="resource" xlink:label="label_dnb_c64" xml:lang="en" xlink:role="http://www.xbrl.org/2008/role/label">Unauthorised e-money account</label:label>
    <gen:arc xlink:type="arc" xlink:arcrole="http://xbrl.org/arcrole/2008/element-label" xlink:from="loc_dnb_c64" xlink:to="label_dnb_c64" />
    <link:loc xlink:type="locator" xlink:href="t02.02-rend.xml#dnb_c65" xlink:label="loc_dnb_c65" />
    <label:label xlink:type="resource" xlink:label="label_dnb_c65" xml:lang="en" xlink:role="http://www.xbrl.org/2008/role/label">Modification of a payment order by the fraudster</label:label>
    <gen:arc xlink:type="arc" xlink:arcrole="http://xbrl.org/arcrole/2008/element-label" xlink:from="loc_dnb_c65" xlink:to="label_dnb_c65" />
    <link:loc xlink:type="locator" xlink:href="t02.02-rend.xml#dnb_c66" xlink:label="loc_dnb_c66" />
    <label:label xlink:type="resource" xlink:label="label_dnb_c66" xml:lang="en" xlink:role="http://www.xbrl.org/2008/role/label">Manipulation of the payer to make an e-money payment</label:label>
    <gen:arc xlink:type="arc" xlink:arcrole="http://xbrl.org/arcrole/2008/element-label" xlink:from="loc_dnb_c66" xlink:to="label_dnb_c66" />
    <link:loc xlink:type="locator" xlink:href="t02.02-rend.xml#dnb_c67" xlink:label="loc_dnb_c67" />
    <label:label xlink:type="resource" xlink:label="label_dnb_c67" xml:lang="en" xlink:role="http://www.xbrl.org/2008/role/label">Authenticated via non-Strong Customer Authentication (non-SCA)</label:label>
    <gen:arc xlink:type="arc" xlink:arcrole="http://xbrl.org/arcrole/2008/element-label" xlink:from="loc_dnb_c67" xlink:to="label_dnb_c67" />
    <link:loc xlink:type="locator" xlink:href="t02.02-rend.xml#dnb_c68" xlink:label="loc_dnb_c68" />
    <label:label xlink:type="resource" xlink:label="label_dnb_c68" xml:lang="en" xlink:role="http://www.xbrl.org/2008/role/label">Authenticated via non-Strong Customer Authentication (non-SCA), of which fraudulent e-money payments by origin:</label:label>
    <gen:arc xlink:type="arc" xlink:arcrole="http://xbrl.org/arcrole/2008/element-label" xlink:from="loc_dnb_c68" xlink:to="label_dnb_c68" />
    <link:loc xlink:type="locator" xlink:href="t02.02-rend.xml#dnb_c69" xlink:label="loc_dnb_c69" />
    <label:label xlink:type="resource" xlink:label="label_dnb_c69" xml:lang="en" xlink:role="http://www.xbrl.org/2008/role/label">Issuance of a payment order by the fraudster</label:label>
    <gen:arc xlink:type="arc" xlink:arcrole="http://xbrl.org/arcrole/2008/element-label" xlink:from="loc_dnb_c69" xlink:to="label_dnb_c69" />
    <link:loc xlink:type="locator" xlink:href="t02.02-rend.xml#dnb_c70" xlink:label="loc_dnb_c70" />
    <label:label xlink:type="resource" xlink:label="label_dnb_c70" xml:lang="en" xlink:role="http://www.xbrl.org/2008/role/label">Lost or Stolen e-money card</label:label>
    <gen:arc xlink:type="arc" xlink:arcrole="http://xbrl.org/arcrole/2008/element-label" xlink:from="loc_dnb_c70" xlink:to="label_dnb_c70" />
    <link:loc xlink:type="locator" xlink:href="t02.02-rend.xml#dnb_c71" xlink:label="loc_dnb_c71" />
    <label:label xlink:type="resource" xlink:label="label_dnb_c71" xml:lang="en" xlink:role="http://www.xbrl.org/2008/role/label">E-money card not received</label:label>
    <gen:arc xlink:type="arc" xlink:arcrole="http://xbrl.org/arcrole/2008/element-label" xlink:from="loc_dnb_c71" xlink:to="label_dnb_c71" />
    <link:loc xlink:type="locator" xlink:href="t02.02-rend.xml#dnb_c72" xlink:label="loc_dnb_c72" />
    <label:label xlink:type="resource" xlink:label="label_dnb_c72" xml:lang="en" xlink:role="http://www.xbrl.org/2008/role/label">Counterfeit e-money card</label:label>
    <gen:arc xlink:type="arc" xlink:arcrole="http://xbrl.org/arcrole/2008/element-label" xlink:from="loc_dnb_c72" xlink:to="label_dnb_c72" />
    <link:loc xlink:type="locator" xlink:href="t02.02-rend.xml#dnb_c73" xlink:label="loc_dnb_c73" />
    <label:label xlink:type="resource" xlink:label="label_dnb_c73" xml:lang="en" xlink:role="http://www.xbrl.org/2008/role/label">Card details theft</label:label>
    <gen:arc xlink:type="arc" xlink:arcrole="http://xbrl.org/arcrole/2008/element-label" xlink:from="loc_dnb_c73" xlink:to="label_dnb_c73" />
    <link:loc xlink:type="locator" xlink:href="t02.02-rend.xml#dnb_c74" xlink:label="loc_dnb_c74" />
    <label:label xlink:type="resource" xlink:label="label_dnb_c74" xml:lang="en" xlink:role="http://www.xbrl.org/2008/role/label">Unauthorised e-money account transaction</label:label>
    <gen:arc xlink:type="arc" xlink:arcrole="http://xbrl.org/arcrole/2008/element-label" xlink:from="loc_dnb_c74" xlink:to="label_dnb_c74" />
    <link:loc xlink:type="locator" xlink:href="t02.02-rend.xml#dnb_c75" xlink:label="loc_dnb_c75" />
    <label:label xlink:type="resource" xlink:label="label_dnb_c75" xml:lang="en" xlink:role="http://www.xbrl.org/2008/role/label">Modification of a payment order by the fraudster</label:label>
    <gen:arc xlink:type="arc" xlink:arcrole="http://xbrl.org/arcrole/2008/element-label" xlink:from="loc_dnb_c75" xlink:to="label_dnb_c75" />
    <link:loc xlink:type="locator" xlink:href="t02.02-rend.xml#dnb_c76" xlink:label="loc_dnb_c76" />
    <label:label xlink:type="resource" xlink:label="label_dnb_c76" xml:lang="en" xlink:role="http://www.xbrl.org/2008/role/label">Manipulation of the payer to make an e-money payment</label:label>
    <gen:arc xlink:type="arc" xlink:arcrole="http://xbrl.org/arcrole/2008/element-label" xlink:from="loc_dnb_c76" xlink:to="label_dnb_c76" />
    <link:loc xlink:type="locator" xlink:href="t02.02-rend.xml#dnb_c77" xlink:label="loc_dnb_c77" />
    <label:label xlink:type="resource" xlink:label="label_dnb_c77" xml:lang="en" xlink:role="http://www.xbrl.org/2008/role/label">Authenticated via non-Strong Customer Authentication (non-SCA), of which broken down by reason:</label:label>
    <gen:arc xlink:type="arc" xlink:arcrole="http://xbrl.org/arcrole/2008/element-label" xlink:from="loc_dnb_c77" xlink:to="label_dnb_c77" />
    <link:loc xlink:type="locator" xlink:href="t02.02-rend.xml#dnb_c78" xlink:label="loc_dnb_c78" />
    <label:label xlink:type="resource" xlink:label="label_dnb_c78" xml:lang="en" xlink:role="http://www.xbrl.org/2008/role/label">Low value</label:label>
    <gen:arc xlink:type="arc" xlink:arcrole="http://xbrl.org/arcrole/2008/element-label" xlink:from="loc_dnb_c78" xlink:to="label_dnb_c78" />
    <link:loc xlink:type="locator" xlink:href="t02.02-rend.xml#dnb_c79" xlink:label="loc_dnb_c79" />
    <label:label xlink:type="resource" xlink:label="label_dnb_c79" xml:lang="en" xlink:role="http://www.xbrl.org/2008/role/label">Trusted beneficiaries</label:label>
    <gen:arc xlink:type="arc" xlink:arcrole="http://xbrl.org/arcrole/2008/element-label" xlink:from="loc_dnb_c79" xlink:to="label_dnb_c79" />
    <link:loc xlink:type="locator" xlink:href="t02.02-rend.xml#dnb_c80" xlink:label="loc_dnb_c80" />
    <label:label xlink:type="resource" xlink:label="label_dnb_c80" xml:lang="en" xlink:role="http://www.xbrl.org/2008/role/label">Recurring transaction</label:label>
    <gen:arc xlink:type="arc" xlink:arcrole="http://xbrl.org/arcrole/2008/element-label" xlink:from="loc_dnb_c80" xlink:to="label_dnb_c80" />
    <link:loc xlink:type="locator" xlink:href="t02.02-rend.xml#dnb_c81" xlink:label="loc_dnb_c81" />
    <label:label xlink:type="resource" xlink:label="label_dnb_c81" xml:lang="en" xlink:role="http://www.xbrl.org/2008/role/label">Payment to self</label:label>
    <gen:arc xlink:type="arc" xlink:arcrole="http://xbrl.org/arcrole/2008/element-label" xlink:from="loc_dnb_c81" xlink:to="label_dnb_c81" />
    <link:loc xlink:type="locator" xlink:href="t02.02-rend.xml#dnb_c82" xlink:label="loc_dnb_c82" />
    <label:label xlink:type="resource" xlink:label="label_dnb_c82" xml:lang="en" xlink:role="http://www.xbrl.org/2008/role/label">Secure corporate payment processes and protocols</label:label>
    <gen:arc xlink:type="arc" xlink:arcrole="http://xbrl.org/arcrole/2008/element-label" xlink:from="loc_dnb_c82" xlink:to="label_dnb_c82" />
    <link:loc xlink:type="locator" xlink:href="t02.02-rend.xml#dnb_c83" xlink:label="loc_dnb_c83" />
    <label:label xlink:type="resource" xlink:label="label_dnb_c83" xml:lang="en" xlink:role="http://www.xbrl.org/2008/role/label">Transaction Risk Analysis</label:label>
    <gen:arc xlink:type="arc" xlink:arcrole="http://xbrl.org/arcrole/2008/element-label" xlink:from="loc_dnb_c83" xlink:to="label_dnb_c83" />
    <link:loc xlink:type="locator" xlink:href="t02.02-rend.xml#dnb_c84" xlink:label="loc_dnb_c84" />
    <label:label xlink:type="resource" xlink:label="label_dnb_c84" xml:lang="en" xlink:role="http://www.xbrl.org/2008/role/label">Contactless low value</label:label>
    <gen:arc xlink:type="arc" xlink:arcrole="http://xbrl.org/arcrole/2008/element-label" xlink:from="loc_dnb_c84" xlink:to="label_dnb_c84" />
    <link:loc xlink:type="locator" xlink:href="t02.02-rend.xml#dnb_c85" xlink:label="loc_dnb_c85" />
    <label:label xlink:type="resource" xlink:label="label_dnb_c85" xml:lang="en" xlink:role="http://www.xbrl.org/2008/role/label">Unattended terminal for transport fares or parking fees</label:label>
    <gen:arc xlink:type="arc" xlink:arcrole="http://xbrl.org/arcrole/2008/element-label" xlink:from="loc_dnb_c85" xlink:to="label_dnb_c85" />
    <link:loc xlink:type="locator" xlink:href="t02.02-rend.xml#dnb_c86" xlink:label="loc_dnb_c86" />
    <label:label xlink:type="resource" xlink:label="label_dnb_c86" xml:lang="en" xlink:role="http://www.xbrl.org/2008/role/label">Merchant initiated transaction (MIT)</label:label>
    <gen:arc xlink:type="arc" xlink:arcrole="http://xbrl.org/arcrole/2008/element-label" xlink:from="loc_dnb_c86" xlink:to="label_dnb_c86" />
    <link:loc xlink:type="locator" xlink:href="t02.02-rend.xml#dnb_c87" xlink:label="loc_dnb_c87" />
    <label:label xlink:type="resource" xlink:label="label_dnb_c87" xml:lang="en" xlink:role="http://www.xbrl.org/2008/role/label">Other</label:label>
    <gen:arc xlink:type="arc" xlink:arcrole="http://xbrl.org/arcrole/2008/element-label" xlink:from="loc_dnb_c87" xlink:to="label_dnb_c87" />
    <link:loc xlink:type="locator" xlink:href="t02.02-rend.xml#dnb_c88" xlink:label="loc_dnb_c88" />
    <label:label xlink:type="resource" xlink:label="label_dnb_c88" xml:lang="en" xlink:role="http://www.xbrl.org/2008/role/label">Cheques</label:label>
    <gen:arc xlink:type="arc" xlink:arcrole="http://xbrl.org/arcrole/2008/element-label" xlink:from="loc_dnb_c88" xlink:to="label_dnb_c88" />
    <link:loc xlink:type="locator" xlink:href="t02.02-rend.xml#dnb_c89" xlink:label="loc_dnb_c89" />
    <label:label xlink:type="resource" xlink:label="label_dnb_c89" xml:lang="en" xlink:role="http://www.xbrl.org/2008/role/label">Money remittances</label:label>
    <gen:arc xlink:type="arc" xlink:arcrole="http://xbrl.org/arcrole/2008/element-label" xlink:from="loc_dnb_c89" xlink:to="label_dnb_c89" />
    <link:loc xlink:type="locator" xlink:href="t02.02-rend.xml#dnb_c90" xlink:label="loc_dnb_c90" />
    <label:label xlink:type="resource" xlink:label="label_dnb_c90" xml:lang="en" xlink:role="http://www.xbrl.org/2008/role/label">Other payment services</label:label>
    <gen:arc xlink:type="arc" xlink:arcrole="http://xbrl.org/arcrole/2008/element-label" xlink:from="loc_dnb_c90" xlink:to="label_dnb_c90" />
    <link:loc xlink:type="locator" xlink:href="t02.02-rend.xml#dnb_c91" xlink:label="loc_dnb_c91" />
    <label:label xlink:type="resource" xlink:label="label_dnb_c91" xml:lang="en" xlink:role="http://www.xbrl.org/2008/role/label">Payment inititation services</label:label>
    <gen:arc xlink:type="arc" xlink:arcrole="http://xbrl.org/arcrole/2008/element-label" xlink:from="loc_dnb_c91" xlink:to="label_dnb_c91" />
    <link:loc xlink:type="locator" xlink:href="t02.02-rend.xml#dnb_c92" xlink:label="loc_dnb_c92" />
    <label:label xlink:type="resource" xlink:label="label_dnb_c92" xml:lang="en" xlink:role="http://www.xbrl.org/2008/role/label">Authenticated via Strong Customer Authentication (SCA)</label:label>
    <gen:arc xlink:type="arc" xlink:arcrole="http://xbrl.org/arcrole/2008/element-label" xlink:from="loc_dnb_c92" xlink:to="label_dnb_c92" />
    <link:loc xlink:type="locator" xlink:href="t02.02-rend.xml#dnb_c93" xlink:label="loc_dnb_c93" />
    <label:label xlink:type="resource" xlink:label="label_dnb_c93" xml:lang="en" xlink:role="http://www.xbrl.org/2008/role/label">Authenticated via non-Strong Customer Authentication (non-SCA)</label:label>
    <gen:arc xlink:type="arc" xlink:arcrole="http://xbrl.org/arcrole/2008/element-label" xlink:from="loc_dnb_c93" xlink:to="label_dnb_c93" />
    <link:loc xlink:type="locator" xlink:href="t02.02-rend.xml#dnb_c94" xlink:label="loc_dnb_c94" />
    <label:label xlink:type="resource" xlink:label="label_dnb_c94" xml:lang="en" xlink:role="http://www.xbrl.org/2008/role/label">of which: credit transfers</label:label>
    <gen:arc xlink:type="arc" xlink:arcrole="http://xbrl.org/arcrole/2008/element-label" xlink:from="loc_dnb_c94" xlink:to="label_dnb_c94" />
    <link:loc xlink:type="locator" xlink:href="t02.02-rend.xml#dnb_c95" xlink:label="loc_dnb_c95" />
    <label:label xlink:type="resource" xlink:label="label_dnb_c95" xml:lang="en" xlink:role="http://www.xbrl.org/2008/role/label">of which: other</label:label>
    <gen:arc xlink:type="arc" xlink:arcrole="http://xbrl.org/arcrole/2008/element-label" xlink:from="loc_dnb_c95" xlink:to="label_dnb_c95" />
    <link:loc xlink:type="locator" xlink:href="t02.02-rend.xml#dnb_a3" xlink:label="loc_dnb_a3" />
    <label:label xlink:type="resource" xlink:label="label_dnb_a3" xml:lang="en" xlink:role="http://www.xbrl.org/2008/role/label">Counterparty country/group</label:label>
    <gen:arc xlink:type="arc" xlink:arcrole="http://xbrl.org/arcrole/2008/element-label" xlink:from="loc_dnb_a3" xlink:to="label_dnb_a3" />
  </gen:link>
</link:linkbase>