﻿<?xml version="1.0" encoding="utf-8"?>
<!--© DNB-->
<!--Taxonomy Creation Date UTC 2025-05-21T09:34:14+02:00-->
<link:linkbase xmlns:xsi="http://www.w3.org/2001/XMLSchema-instance" xmlns:xlink="http://www.w3.org/1999/xlink" xmlns:link="http://www.xbrl.org/2003/linkbase" xmlns:xbrldt="http://xbrl.org/2005/xbrldt" xsi:schemaLocation="http://www.xbrl.org/2003/linkbase http://www.xbrl.org/2003/xbrl-linkbase-2003-12-31.xsd http://xbrl.org/2005/xbrldt http://www.xbrl.org/2005/xbrldt-2005.xsd">
  <link:arcroleRef arcroleURI="http://xbrl.org/int/dim/arcrole/all" xlink:type="simple" xlink:href="http://www.xbrl.org/2005/xbrldt-2005.xsd#all" />
  <link:arcroleRef arcroleURI="http://xbrl.org/int/dim/arcrole/hypercube-dimension" xlink:type="simple" xlink:href="http://www.xbrl.org/2005/xbrldt-2005.xsd#hypercube-dimension" />
  <link:arcroleRef arcroleURI="http://xbrl.org/int/dim/arcrole/dimension-domain" xlink:type="simple" xlink:href="http://www.xbrl.org/2005/xbrldt-2005.xsd#dimension-domain" />
  <link:arcroleRef arcroleURI="http://xbrl.org/int/dim/arcrole/domain-member" xlink:type="simple" xlink:href="http://www.xbrl.org/2005/xbrldt-2005.xsd#domain-member" />
  <link:roleRef roleURI="http://www.dnb.nl/xbrl/role/fws/DNB-NR/pay-2022-01/2025-12-31/tab/T09.02/1" xlink:type="simple" xlink:href="t09.02.xsd#role1" />
  <link:roleRef roleURI="http://www.dnb.nl/xbrl/role/fws/DNB-NR/pay-2022-01/2025-12-31/tab/T09.02/2" xlink:type="simple" xlink:href="t09.02.xsd#role2" />
  <link:roleRef roleURI="http://www.dnb.nl/xbrl/role/fws/DNB-NR/pay-2022-01/2025-12-31/tab/T09.02/3" xlink:type="simple" xlink:href="t09.02.xsd#role3" />
  <link:roleRef roleURI="http://www.dnb.nl/xbrl/role/fws/DNB-NR/pay-2022-01/2025-12-31/tab/T09.02/4" xlink:type="simple" xlink:href="t09.02.xsd#role4" />
  <link:definitionLink xlink:type="extended" xlink:role="http://www.dnb.nl/xbrl/role/fws/DNB-NR/pay-2022-01/2025-12-31/tab/T09.02/1">
    <link:loc xlink:type="locator" xlink:href="http://www.eurofiling.info/eu/fr/xbrl/ext/model.xsd#hyp" xlink:label="loc_hyp" />
    <link:loc xlink:type="locator" xlink:href="../../../../../../dict/met/met.xsd#dnb_ii003" xlink:label="loc_dnb_ii003" />
    <link:definitionArc xlink:type="arc" xlink:arcrole="http://xbrl.org/int/dim/arcrole/all" xlink:from="loc_dnb_ii003" xlink:to="loc_hyp" xbrldt:closed="true" xbrldt:contextElement="scenario" order="1" />
    <link:loc xlink:type="locator" xlink:href="../../../../../../dict/dim/dim.xsd#dnb_dim044" xlink:label="loc_dnb_dim044" />
    <link:definitionArc xlink:type="arc" xlink:arcrole="http://xbrl.org/int/dim/arcrole/hypercube-dimension" xlink:from="loc_hyp" xlink:to="loc_dnb_dim044" order="1" />
    <link:loc xlink:type="locator" xlink:href="../../../../../../dict/dom/exp.xsd#dnb_dom030" xlink:label="loc_dnb_dim044_dom030" />
    <link:definitionArc xlink:type="arc" xlink:arcrole="http://xbrl.org/int/dim/arcrole/dimension-domain" xlink:from="loc_dnb_dim044" xlink:to="loc_dnb_dim044_dom030" xbrldt:usable="false" order="1" />
    <link:loc xlink:type="locator" xlink:href="../../../../../../dict/dom/dom030/mem.xsd#dnb_mem274" xlink:label="loc_dnb_dim044_mem274" />
    <link:definitionArc xlink:type="arc" xlink:arcrole="http://xbrl.org/int/dim/arcrole/domain-member" xlink:from="loc_dnb_dim044_dom030" xlink:to="loc_dnb_dim044_mem274" order="1" />
    <link:loc xlink:type="locator" xlink:href="../../../../../../dict/dim/dim.xsd#dnb_dim208" xlink:label="loc_dnb_dim208" />
    <link:definitionArc xlink:type="arc" xlink:arcrole="http://xbrl.org/int/dim/arcrole/hypercube-dimension" xlink:from="loc_hyp" xlink:to="loc_dnb_dim208" order="2" />
    <link:loc xlink:type="locator" xlink:href="../../../../../../dict/dom/exp.xsd#dnb_dom003" xlink:label="loc_dnb_dim208_dom003" />
    <link:definitionArc xlink:type="arc" xlink:arcrole="http://xbrl.org/int/dim/arcrole/dimension-domain" xlink:from="loc_dnb_dim208" xlink:to="loc_dnb_dim208_dom003" xbrldt:usable="false" order="1" />
    <link:loc xlink:type="locator" xlink:href="../../../../../../dict/dom/dom003/mem.xsd#dnb_mem008" xlink:label="loc_dnb_dim208_mem008" />
    <link:definitionArc xlink:type="arc" xlink:arcrole="http://xbrl.org/int/dim/arcrole/domain-member" xlink:from="loc_dnb_dim208_dom003" xlink:to="loc_dnb_dim208_mem008" order="1" />
    <link:loc xlink:type="locator" xlink:href="../../../../../../dict/dim/dim.xsd#dnb_dim209" xlink:label="loc_dnb_dim209" />
    <link:definitionArc xlink:type="arc" xlink:arcrole="http://xbrl.org/int/dim/arcrole/hypercube-dimension" xlink:from="loc_hyp" xlink:to="loc_dnb_dim209" order="3" />
    <link:loc xlink:type="locator" xlink:href="../../../../../../dict/dom/exp.xsd#dnb_dom118" xlink:label="loc_dnb_dim209_dom118" />
    <link:definitionArc xlink:type="arc" xlink:arcrole="http://xbrl.org/int/dim/arcrole/dimension-domain" xlink:from="loc_dnb_dim209" xlink:to="loc_dnb_dim209_dom118" xbrldt:usable="false" order="1" />
    <link:loc xlink:type="locator" xlink:href="../../../../../../dict/dom/dom118/mem.xsd#dnb_mem015" xlink:label="loc_dnb_dim209_mem015" />
    <link:definitionArc xlink:type="arc" xlink:arcrole="http://xbrl.org/int/dim/arcrole/domain-member" xlink:from="loc_dnb_dim209_dom118" xlink:to="loc_dnb_dim209_mem015" order="1" />
    <link:loc xlink:type="locator" xlink:href="../../../../../../dict/dim/dim.xsd#dnb_dim212" xlink:label="loc_dnb_dim212" />
    <link:definitionArc xlink:type="arc" xlink:arcrole="http://xbrl.org/int/dim/arcrole/hypercube-dimension" xlink:from="loc_hyp" xlink:to="loc_dnb_dim212" order="4" />
    <link:loc xlink:type="locator" xlink:href="../../../../../../dict/dom/exp.xsd#dnb_dom064" xlink:label="loc_dnb_dim212_dom064" />
    <link:definitionArc xlink:type="arc" xlink:arcrole="http://xbrl.org/int/dim/arcrole/dimension-domain" xlink:from="loc_dnb_dim212" xlink:to="loc_dnb_dim212_dom064" xbrldt:usable="false" order="1" />
    <link:loc xlink:type="locator" xlink:href="../../../../../../dict/dom/dom064/mem.xsd#dnb_mem019" xlink:label="loc_dnb_dim212_mem019" />
    <link:definitionArc xlink:type="arc" xlink:arcrole="http://xbrl.org/int/dim/arcrole/domain-member" xlink:from="loc_dnb_dim212_dom064" xlink:to="loc_dnb_dim212_mem019" order="1" />
    <link:loc xlink:type="locator" xlink:href="../../../../../../dict/dim/dim.xsd#dnb_dim099" xlink:label="loc_dnb_dim099" />
    <link:definitionArc xlink:type="arc" xlink:arcrole="http://xbrl.org/int/dim/arcrole/hypercube-dimension" xlink:from="loc_hyp" xlink:to="loc_dnb_dim099" order="5" />
    <link:loc xlink:type="locator" xlink:href="../../../../../../dict/dom/exp.xsd#dnb_dom032" xlink:label="loc_dnb_dim099_dom032" />
    <link:definitionArc xlink:type="arc" xlink:arcrole="http://xbrl.org/int/dim/arcrole/dimension-domain" xlink:from="loc_dnb_dim099" xlink:to="loc_dnb_dim099_dom032" xbrldt:usable="false" order="1" />
    <link:loc xlink:type="locator" xlink:href="../../../../../../dict/dom/dom032/mem.xsd#dnb_mem004" xlink:label="loc_dnb_dim099_mem004" />
    <link:definitionArc xlink:type="arc" xlink:arcrole="http://xbrl.org/int/dim/arcrole/domain-member" xlink:from="loc_dnb_dim099_dom032" xlink:to="loc_dnb_dim099_mem004" order="1" />
    <link:loc xlink:type="locator" xlink:href="../../../../../../dict/dim/dim.xsd#dnb_dim217" xlink:label="loc_dnb_dim217" />
    <link:definitionArc xlink:type="arc" xlink:arcrole="http://xbrl.org/int/dim/arcrole/hypercube-dimension" xlink:from="loc_hyp" xlink:to="loc_dnb_dim217" order="6" />
    <link:loc xlink:type="locator" xlink:href="../../../../../../dict/dom/exp.xsd#dnb_dom124" xlink:label="loc_dnb_dim217_dom124" />
    <link:definitionArc xlink:type="arc" xlink:arcrole="http://xbrl.org/int/dim/arcrole/dimension-domain" xlink:from="loc_dnb_dim217" xlink:to="loc_dnb_dim217_dom124" xbrldt:usable="false" order="1" />
    <link:loc xlink:type="locator" xlink:href="../../../../../../dict/dom/dom124/mem.xsd#dnb_mem003" xlink:label="loc_dnb_dim217_mem003" />
    <link:definitionArc xlink:type="arc" xlink:arcrole="http://xbrl.org/int/dim/arcrole/domain-member" xlink:from="loc_dnb_dim217_dom124" xlink:to="loc_dnb_dim217_mem003" order="1" />
    <link:loc xlink:type="locator" xlink:href="../../../../../../dict/dim/dim.xsd#dnb_dim219" xlink:label="loc_dnb_dim219" />
    <link:definitionArc xlink:type="arc" xlink:arcrole="http://xbrl.org/int/dim/arcrole/hypercube-dimension" xlink:from="loc_hyp" xlink:to="loc_dnb_dim219" order="7" />
    <link:loc xlink:type="locator" xlink:href="../../../../../../dict/dom/exp.xsd#dnb_dom126" xlink:label="loc_dnb_dim219_dom126" />
    <link:definitionArc xlink:type="arc" xlink:arcrole="http://xbrl.org/int/dim/arcrole/dimension-domain" xlink:from="loc_dnb_dim219" xlink:to="loc_dnb_dim219_dom126" xbrldt:usable="false" order="1" />
    <link:loc xlink:type="locator" xlink:href="../../../../../../dict/dom/dom126/mem.xsd#dnb_mem002" xlink:label="loc_dnb_dim219_mem002" />
    <link:definitionArc xlink:type="arc" xlink:arcrole="http://xbrl.org/int/dim/arcrole/domain-member" xlink:from="loc_dnb_dim219_dom126" xlink:to="loc_dnb_dim219_mem002" order="1" />
    <link:loc xlink:type="locator" xlink:href="../../../../../../dict/dim/dim.xsd#dnb_dim221" xlink:label="loc_dnb_dim221" />
    <link:definitionArc xlink:type="arc" xlink:arcrole="http://xbrl.org/int/dim/arcrole/hypercube-dimension" xlink:from="loc_hyp" xlink:to="loc_dnb_dim221" order="8" />
    <link:loc xlink:type="locator" xlink:href="../../../../../../dict/dom/exp.xsd#dnb_dom063" xlink:label="loc_dnb_dim221_dom063" />
    <link:definitionArc xlink:type="arc" xlink:arcrole="http://xbrl.org/int/dim/arcrole/dimension-domain" xlink:from="loc_dnb_dim221" xlink:to="loc_dnb_dim221_dom063" xbrldt:usable="false" order="1" />
    <link:loc xlink:type="locator" xlink:href="../../../../../../dict/dom/dom063/mem.xsd#dnb_mem036" xlink:label="loc_dnb_dim221_mem036" />
    <link:definitionArc xlink:type="arc" xlink:arcrole="http://xbrl.org/int/dim/arcrole/domain-member" xlink:from="loc_dnb_dim221_dom063" xlink:to="loc_dnb_dim221_mem036" order="1" />
  </link:definitionLink>
  <link:definitionLink xlink:type="extended" xlink:role="http://www.dnb.nl/xbrl/role/fws/DNB-NR/pay-2022-01/2025-12-31/tab/T09.02/2">
    <link:loc xlink:type="locator" xlink:href="http://www.eurofiling.info/eu/fr/xbrl/ext/model.xsd#hyp" xlink:label="loc_hyp" />
    <link:loc xlink:type="locator" xlink:href="../../../../../../dict/met/met.xsd#dnb_ii003" xlink:label="loc_dnb_ii003" />
    <link:definitionArc xlink:type="arc" xlink:arcrole="http://xbrl.org/int/dim/arcrole/all" xlink:from="loc_dnb_ii003" xlink:to="loc_hyp" xbrldt:closed="true" xbrldt:contextElement="scenario" order="1" />
    <link:loc xlink:type="locator" xlink:href="../../../../../../dict/met/met.xsd#dnb_mi004" xlink:label="loc_dnb_mi004" />
    <link:definitionArc xlink:type="arc" xlink:arcrole="http://xbrl.org/int/dim/arcrole/domain-member" xlink:from="loc_dnb_ii003" xlink:to="loc_dnb_mi004" order="2" />
    <link:loc xlink:type="locator" xlink:href="../../../../../../dict/dim/dim.xsd#dnb_dim044" xlink:label="loc_dnb_dim044" />
    <link:definitionArc xlink:type="arc" xlink:arcrole="http://xbrl.org/int/dim/arcrole/hypercube-dimension" xlink:from="loc_hyp" xlink:to="loc_dnb_dim044" order="1" />
    <link:loc xlink:type="locator" xlink:href="../../../../../../dict/dom/exp.xsd#dnb_dom030" xlink:label="loc_dnb_dim044_dom030" />
    <link:definitionArc xlink:type="arc" xlink:arcrole="http://xbrl.org/int/dim/arcrole/dimension-domain" xlink:from="loc_dnb_dim044" xlink:to="loc_dnb_dim044_dom030" xbrldt:usable="false" order="1" />
    <link:loc xlink:type="locator" xlink:href="../../../../../../dict/dom/dom030/mem.xsd#dnb_mem255" xlink:label="loc_dnb_dim044_mem255" />
    <link:definitionArc xlink:type="arc" xlink:arcrole="http://xbrl.org/int/dim/arcrole/domain-member" xlink:from="loc_dnb_dim044_dom030" xlink:to="loc_dnb_dim044_mem255" order="1" />
    <link:loc xlink:type="locator" xlink:href="../../../../../../dict/dom/dom030/mem.xsd#dnb_mem273" xlink:label="loc_dnb_dim044_mem273" />
    <link:definitionArc xlink:type="arc" xlink:arcrole="http://xbrl.org/int/dim/arcrole/domain-member" xlink:from="loc_dnb_dim044_dom030" xlink:to="loc_dnb_dim044_mem273" order="2" />
    <link:loc xlink:type="locator" xlink:href="../../../../../../dict/dom/dom030/mem.xsd#dnb_mem274" xlink:label="loc_dnb_dim044_mem274" />
    <link:definitionArc xlink:type="arc" xlink:arcrole="http://xbrl.org/int/dim/arcrole/domain-member" xlink:from="loc_dnb_dim044_dom030" xlink:to="loc_dnb_dim044_mem274" order="3" />
    <link:loc xlink:type="locator" xlink:href="../../../../../../dict/dom/dom030/mem.xsd#dnb_mem276" xlink:label="loc_dnb_dim044_mem276" />
    <link:definitionArc xlink:type="arc" xlink:arcrole="http://xbrl.org/int/dim/arcrole/domain-member" xlink:from="loc_dnb_dim044_dom030" xlink:to="loc_dnb_dim044_mem276" order="4" />
    <link:loc xlink:type="locator" xlink:href="../../../../../../dict/dom/dom030/mem.xsd#dnb_mem279" xlink:label="loc_dnb_dim044_mem279" />
    <link:definitionArc xlink:type="arc" xlink:arcrole="http://xbrl.org/int/dim/arcrole/domain-member" xlink:from="loc_dnb_dim044_dom030" xlink:to="loc_dnb_dim044_mem279" order="5" />
    <link:loc xlink:type="locator" xlink:href="../../../../../../dict/dim/dim.xsd#dnb_dim208" xlink:label="loc_dnb_dim208" />
    <link:definitionArc xlink:type="arc" xlink:arcrole="http://xbrl.org/int/dim/arcrole/hypercube-dimension" xlink:from="loc_hyp" xlink:to="loc_dnb_dim208" order="2" />
    <link:loc xlink:type="locator" xlink:href="../../../../../../dict/dom/exp.xsd#dnb_dom003" xlink:label="loc_dnb_dim208_dom003" />
    <link:definitionArc xlink:type="arc" xlink:arcrole="http://xbrl.org/int/dim/arcrole/dimension-domain" xlink:from="loc_dnb_dim208" xlink:to="loc_dnb_dim208_dom003" xbrldt:usable="false" order="1" />
    <link:loc xlink:type="locator" xlink:href="../../../../../../dict/dom/dom003/mem.xsd#dnb_mem008" xlink:label="loc_dnb_dim208_mem008" />
    <link:definitionArc xlink:type="arc" xlink:arcrole="http://xbrl.org/int/dim/arcrole/domain-member" xlink:from="loc_dnb_dim208_dom003" xlink:to="loc_dnb_dim208_mem008" order="1" />
    <link:loc xlink:type="locator" xlink:href="../../../../../../dict/dim/dim.xsd#dnb_dim209" xlink:label="loc_dnb_dim209" />
    <link:definitionArc xlink:type="arc" xlink:arcrole="http://xbrl.org/int/dim/arcrole/hypercube-dimension" xlink:from="loc_hyp" xlink:to="loc_dnb_dim209" order="3" />
    <link:loc xlink:type="locator" xlink:href="../../../../../../dict/dom/exp.xsd#dnb_dom118" xlink:label="loc_dnb_dim209_dom118" />
    <link:definitionArc xlink:type="arc" xlink:arcrole="http://xbrl.org/int/dim/arcrole/dimension-domain" xlink:from="loc_dnb_dim209" xlink:to="loc_dnb_dim209_dom118" xbrldt:usable="false" order="1" />
    <link:loc xlink:type="locator" xlink:href="../../../../../../dict/dom/dom118/mem.xsd#dnb_mem015" xlink:label="loc_dnb_dim209_mem015" />
    <link:definitionArc xlink:type="arc" xlink:arcrole="http://xbrl.org/int/dim/arcrole/domain-member" xlink:from="loc_dnb_dim209_dom118" xlink:to="loc_dnb_dim209_mem015" order="1" />
    <link:loc xlink:type="locator" xlink:href="../../../../../../dict/dim/dim.xsd#dnb_dim212" xlink:label="loc_dnb_dim212" />
    <link:definitionArc xlink:type="arc" xlink:arcrole="http://xbrl.org/int/dim/arcrole/hypercube-dimension" xlink:from="loc_hyp" xlink:to="loc_dnb_dim212" order="4" />
    <link:loc xlink:type="locator" xlink:href="../../../../../../dict/dom/exp.xsd#dnb_dom064" xlink:label="loc_dnb_dim212_dom064" />
    <link:definitionArc xlink:type="arc" xlink:arcrole="http://xbrl.org/int/dim/arcrole/dimension-domain" xlink:from="loc_dnb_dim212" xlink:to="loc_dnb_dim212_dom064" xbrldt:usable="false" order="1" />
    <link:loc xlink:type="locator" xlink:href="../../../../../../dict/dom/dom064/mem.xsd#dnb_mem019" xlink:label="loc_dnb_dim212_mem019" />
    <link:definitionArc xlink:type="arc" xlink:arcrole="http://xbrl.org/int/dim/arcrole/domain-member" xlink:from="loc_dnb_dim212_dom064" xlink:to="loc_dnb_dim212_mem019" order="1" />
    <link:loc xlink:type="locator" xlink:href="../../../../../../dict/dim/dim.xsd#dnb_dim099" xlink:label="loc_dnb_dim099" />
    <link:definitionArc xlink:type="arc" xlink:arcrole="http://xbrl.org/int/dim/arcrole/hypercube-dimension" xlink:from="loc_hyp" xlink:to="loc_dnb_dim099" order="5" />
    <link:loc xlink:type="locator" xlink:href="../../../../../../dict/dom/exp.xsd#dnb_dom032" xlink:label="loc_dnb_dim099_dom032" />
    <link:definitionArc xlink:type="arc" xlink:arcrole="http://xbrl.org/int/dim/arcrole/dimension-domain" xlink:from="loc_dnb_dim099" xlink:to="loc_dnb_dim099_dom032" xbrldt:usable="false" order="1" />
    <link:loc xlink:type="locator" xlink:href="../../../../../../dict/dom/dom032/mem.xsd#dnb_mem004" xlink:label="loc_dnb_dim099_mem004" />
    <link:definitionArc xlink:type="arc" xlink:arcrole="http://xbrl.org/int/dim/arcrole/domain-member" xlink:from="loc_dnb_dim099_dom032" xlink:to="loc_dnb_dim099_mem004" order="1" />
    <link:loc xlink:type="locator" xlink:href="../../../../../../dict/dim/dim.xsd#dnb_dim217" xlink:label="loc_dnb_dim217" />
    <link:definitionArc xlink:type="arc" xlink:arcrole="http://xbrl.org/int/dim/arcrole/hypercube-dimension" xlink:from="loc_hyp" xlink:to="loc_dnb_dim217" order="6" />
    <link:loc xlink:type="locator" xlink:href="../../../../../../dict/dom/exp.xsd#dnb_dom124" xlink:label="loc_dnb_dim217_dom124" />
    <link:definitionArc xlink:type="arc" xlink:arcrole="http://xbrl.org/int/dim/arcrole/dimension-domain" xlink:from="loc_dnb_dim217" xlink:to="loc_dnb_dim217_dom124" xbrldt:usable="false" order="1" />
    <link:loc xlink:type="locator" xlink:href="../../../../../../dict/dom/dom124/mem.xsd#dnb_mem003" xlink:label="loc_dnb_dim217_mem003" />
    <link:definitionArc xlink:type="arc" xlink:arcrole="http://xbrl.org/int/dim/arcrole/domain-member" xlink:from="loc_dnb_dim217_dom124" xlink:to="loc_dnb_dim217_mem003" order="1" />
    <link:loc xlink:type="locator" xlink:href="../../../../../../dict/dim/dim.xsd#dnb_dim219" xlink:label="loc_dnb_dim219" />
    <link:definitionArc xlink:type="arc" xlink:arcrole="http://xbrl.org/int/dim/arcrole/hypercube-dimension" xlink:from="loc_hyp" xlink:to="loc_dnb_dim219" order="7" />
    <link:loc xlink:type="locator" xlink:href="../../../../../../dict/dom/exp.xsd#dnb_dom126" xlink:label="loc_dnb_dim219_dom126" />
    <link:definitionArc xlink:type="arc" xlink:arcrole="http://xbrl.org/int/dim/arcrole/dimension-domain" xlink:from="loc_dnb_dim219" xlink:to="loc_dnb_dim219_dom126" xbrldt:usable="false" order="1" />
    <link:loc xlink:type="locator" xlink:href="../../../../../../dict/dom/dom126/mem.xsd#dnb_mem001" xlink:label="loc_dnb_dim219_mem001" />
    <link:definitionArc xlink:type="arc" xlink:arcrole="http://xbrl.org/int/dim/arcrole/domain-member" xlink:from="loc_dnb_dim219_dom126" xlink:to="loc_dnb_dim219_mem001" order="1" />
    <link:loc xlink:type="locator" xlink:href="../../../../../../dict/dim/dim.xsd#dnb_dim221" xlink:label="loc_dnb_dim221" />
    <link:definitionArc xlink:type="arc" xlink:arcrole="http://xbrl.org/int/dim/arcrole/hypercube-dimension" xlink:from="loc_hyp" xlink:to="loc_dnb_dim221" order="8" />
    <link:loc xlink:type="locator" xlink:href="../../../../../../dict/dom/exp.xsd#dnb_dom063" xlink:label="loc_dnb_dim221_dom063" />
    <link:definitionArc xlink:type="arc" xlink:arcrole="http://xbrl.org/int/dim/arcrole/dimension-domain" xlink:from="loc_dnb_dim221" xlink:to="loc_dnb_dim221_dom063" xbrldt:usable="false" order="1" />
    <link:loc xlink:type="locator" xlink:href="../../../../../../dict/dom/dom063/mem.xsd#dnb_mem038" xlink:label="loc_dnb_dim221_mem038" />
    <link:definitionArc xlink:type="arc" xlink:arcrole="http://xbrl.org/int/dim/arcrole/domain-member" xlink:from="loc_dnb_dim221_dom063" xlink:to="loc_dnb_dim221_mem038" order="1" />
  </link:definitionLink>
  <link:definitionLink xlink:type="extended" xlink:role="http://www.dnb.nl/xbrl/role/fws/DNB-NR/pay-2022-01/2025-12-31/tab/T09.02/3">
    <link:loc xlink:type="locator" xlink:href="http://www.eurofiling.info/eu/fr/xbrl/ext/model.xsd#hyp" xlink:label="loc_hyp" />
    <link:loc xlink:type="locator" xlink:href="../../../../../../dict/met/met.xsd#dnb_mi004" xlink:label="loc_dnb_mi004" />
    <link:definitionArc xlink:type="arc" xlink:arcrole="http://xbrl.org/int/dim/arcrole/all" xlink:from="loc_dnb_mi004" xlink:to="loc_hyp" xbrldt:closed="true" xbrldt:contextElement="scenario" order="1" />
    <link:loc xlink:type="locator" xlink:href="../../../../../../dict/dim/dim.xsd#dnb_dim044" xlink:label="loc_dnb_dim044" />
    <link:definitionArc xlink:type="arc" xlink:arcrole="http://xbrl.org/int/dim/arcrole/hypercube-dimension" xlink:from="loc_hyp" xlink:to="loc_dnb_dim044" order="1" />
    <link:loc xlink:type="locator" xlink:href="../../../../../../dict/dom/exp.xsd#dnb_dom030" xlink:label="loc_dnb_dim044_dom030" />
    <link:definitionArc xlink:type="arc" xlink:arcrole="http://xbrl.org/int/dim/arcrole/dimension-domain" xlink:from="loc_dnb_dim044" xlink:to="loc_dnb_dim044_dom030" xbrldt:usable="false" order="1" />
    <link:loc xlink:type="locator" xlink:href="../../../../../../dict/dom/dom030/mem.xsd#dnb_mem274" xlink:label="loc_dnb_dim044_mem274" />
    <link:definitionArc xlink:type="arc" xlink:arcrole="http://xbrl.org/int/dim/arcrole/domain-member" xlink:from="loc_dnb_dim044_dom030" xlink:to="loc_dnb_dim044_mem274" order="1" />
    <link:loc xlink:type="locator" xlink:href="../../../../../../dict/dim/dim.xsd#dnb_dim208" xlink:label="loc_dnb_dim208" />
    <link:definitionArc xlink:type="arc" xlink:arcrole="http://xbrl.org/int/dim/arcrole/hypercube-dimension" xlink:from="loc_hyp" xlink:to="loc_dnb_dim208" order="2" />
    <link:loc xlink:type="locator" xlink:href="../../../../../../dict/dom/exp.xsd#dnb_dom003" xlink:label="loc_dnb_dim208_dom003" />
    <link:definitionArc xlink:type="arc" xlink:arcrole="http://xbrl.org/int/dim/arcrole/dimension-domain" xlink:from="loc_dnb_dim208" xlink:to="loc_dnb_dim208_dom003" xbrldt:usable="false" order="1" />
    <link:loc xlink:type="locator" xlink:href="../../../../../../dict/dom/dom003/mem.xsd#dnb_mem008" xlink:label="loc_dnb_dim208_mem008" />
    <link:definitionArc xlink:type="arc" xlink:arcrole="http://xbrl.org/int/dim/arcrole/domain-member" xlink:from="loc_dnb_dim208_dom003" xlink:to="loc_dnb_dim208_mem008" order="1" />
    <link:loc xlink:type="locator" xlink:href="../../../../../../dict/dim/dim.xsd#dnb_dim209" xlink:label="loc_dnb_dim209" />
    <link:definitionArc xlink:type="arc" xlink:arcrole="http://xbrl.org/int/dim/arcrole/hypercube-dimension" xlink:from="loc_hyp" xlink:to="loc_dnb_dim209" order="3" />
    <link:loc xlink:type="locator" xlink:href="../../../../../../dict/dom/exp.xsd#dnb_dom118" xlink:label="loc_dnb_dim209_dom118" />
    <link:definitionArc xlink:type="arc" xlink:arcrole="http://xbrl.org/int/dim/arcrole/dimension-domain" xlink:from="loc_dnb_dim209" xlink:to="loc_dnb_dim209_dom118" xbrldt:usable="false" order="1" />
    <link:loc xlink:type="locator" xlink:href="../../../../../../dict/dom/dom118/mem.xsd#dnb_mem015" xlink:label="loc_dnb_dim209_mem015" />
    <link:definitionArc xlink:type="arc" xlink:arcrole="http://xbrl.org/int/dim/arcrole/domain-member" xlink:from="loc_dnb_dim209_dom118" xlink:to="loc_dnb_dim209_mem015" order="1" />
    <link:loc xlink:type="locator" xlink:href="../../../../../../dict/dim/dim.xsd#dnb_dim212" xlink:label="loc_dnb_dim212" />
    <link:definitionArc xlink:type="arc" xlink:arcrole="http://xbrl.org/int/dim/arcrole/hypercube-dimension" xlink:from="loc_hyp" xlink:to="loc_dnb_dim212" order="4" />
    <link:loc xlink:type="locator" xlink:href="../../../../../../dict/dom/exp.xsd#dnb_dom064" xlink:label="loc_dnb_dim212_dom064" />
    <link:definitionArc xlink:type="arc" xlink:arcrole="http://xbrl.org/int/dim/arcrole/dimension-domain" xlink:from="loc_dnb_dim212" xlink:to="loc_dnb_dim212_dom064" xbrldt:usable="false" order="1" />
    <link:loc xlink:type="locator" xlink:href="../../../../../../dict/dom/dom064/mem.xsd#dnb_mem019" xlink:label="loc_dnb_dim212_mem019" />
    <link:definitionArc xlink:type="arc" xlink:arcrole="http://xbrl.org/int/dim/arcrole/domain-member" xlink:from="loc_dnb_dim212_dom064" xlink:to="loc_dnb_dim212_mem019" order="1" />
    <link:loc xlink:type="locator" xlink:href="../../../../../../dict/dim/dim.xsd#dnb_dim099" xlink:label="loc_dnb_dim099" />
    <link:definitionArc xlink:type="arc" xlink:arcrole="http://xbrl.org/int/dim/arcrole/hypercube-dimension" xlink:from="loc_hyp" xlink:to="loc_dnb_dim099" order="5" />
    <link:loc xlink:type="locator" xlink:href="../../../../../../dict/dom/exp.xsd#dnb_dom032" xlink:label="loc_dnb_dim099_dom032" />
    <link:definitionArc xlink:type="arc" xlink:arcrole="http://xbrl.org/int/dim/arcrole/dimension-domain" xlink:from="loc_dnb_dim099" xlink:to="loc_dnb_dim099_dom032" xbrldt:usable="false" order="1" />
    <link:loc xlink:type="locator" xlink:href="../../../../../../dict/dom/dom032/mem.xsd#dnb_mem004" xlink:label="loc_dnb_dim099_mem004" />
    <link:definitionArc xlink:type="arc" xlink:arcrole="http://xbrl.org/int/dim/arcrole/domain-member" xlink:from="loc_dnb_dim099_dom032" xlink:to="loc_dnb_dim099_mem004" order="1" />
    <link:loc xlink:type="locator" xlink:href="../../../../../../dict/dim/dim.xsd#dnb_dim217" xlink:label="loc_dnb_dim217" />
    <link:definitionArc xlink:type="arc" xlink:arcrole="http://xbrl.org/int/dim/arcrole/hypercube-dimension" xlink:from="loc_hyp" xlink:to="loc_dnb_dim217" order="6" />
    <link:loc xlink:type="locator" xlink:href="../../../../../../dict/dom/exp.xsd#dnb_dom124" xlink:label="loc_dnb_dim217_dom124" />
    <link:definitionArc xlink:type="arc" xlink:arcrole="http://xbrl.org/int/dim/arcrole/dimension-domain" xlink:from="loc_dnb_dim217" xlink:to="loc_dnb_dim217_dom124" xbrldt:usable="false" order="1" />
    <link:loc xlink:type="locator" xlink:href="../../../../../../dict/dom/dom124/mem.xsd#dnb_mem003" xlink:label="loc_dnb_dim217_mem003" />
    <link:definitionArc xlink:type="arc" xlink:arcrole="http://xbrl.org/int/dim/arcrole/domain-member" xlink:from="loc_dnb_dim217_dom124" xlink:to="loc_dnb_dim217_mem003" order="1" />
    <link:loc xlink:type="locator" xlink:href="../../../../../../dict/dim/dim.xsd#dnb_dim219" xlink:label="loc_dnb_dim219" />
    <link:definitionArc xlink:type="arc" xlink:arcrole="http://xbrl.org/int/dim/arcrole/hypercube-dimension" xlink:from="loc_hyp" xlink:to="loc_dnb_dim219" order="7" />
    <link:loc xlink:type="locator" xlink:href="../../../../../../dict/dom/exp.xsd#dnb_dom126" xlink:label="loc_dnb_dim219_dom126" />
    <link:definitionArc xlink:type="arc" xlink:arcrole="http://xbrl.org/int/dim/arcrole/dimension-domain" xlink:from="loc_dnb_dim219" xlink:to="loc_dnb_dim219_dom126" xbrldt:usable="false" order="1" />
    <link:loc xlink:type="locator" xlink:href="../../../../../../dict/dom/dom126/mem.xsd#dnb_mem002" xlink:label="loc_dnb_dim219_mem002" />
    <link:definitionArc xlink:type="arc" xlink:arcrole="http://xbrl.org/int/dim/arcrole/domain-member" xlink:from="loc_dnb_dim219_dom126" xlink:to="loc_dnb_dim219_mem002" order="1" />
    <link:loc xlink:type="locator" xlink:href="../../../../../../dict/dim/dim.xsd#dnb_dim221" xlink:label="loc_dnb_dim221" />
    <link:definitionArc xlink:type="arc" xlink:arcrole="http://xbrl.org/int/dim/arcrole/hypercube-dimension" xlink:from="loc_hyp" xlink:to="loc_dnb_dim221" order="8" />
    <link:loc xlink:type="locator" xlink:href="../../../../../../dict/dom/exp.xsd#dnb_dom063" xlink:label="loc_dnb_dim221_dom063" />
    <link:definitionArc xlink:type="arc" xlink:arcrole="http://xbrl.org/int/dim/arcrole/dimension-domain" xlink:from="loc_dnb_dim221" xlink:to="loc_dnb_dim221_dom063" xbrldt:usable="false" order="1" />
    <link:loc xlink:type="locator" xlink:href="../../../../../../dict/dom/dom063/mem.xsd#dnb_mem036" xlink:label="loc_dnb_dim221_mem036" />
    <link:definitionArc xlink:type="arc" xlink:arcrole="http://xbrl.org/int/dim/arcrole/domain-member" xlink:from="loc_dnb_dim221_dom063" xlink:to="loc_dnb_dim221_mem036" order="1" />
  </link:definitionLink>
  <link:definitionLink xlink:type="extended" xlink:role="http://www.dnb.nl/xbrl/role/fws/DNB-NR/pay-2022-01/2025-12-31/tab/T09.02/4">
    <link:loc xlink:type="locator" xlink:href="http://www.eurofiling.info/eu/fr/xbrl/ext/model.xsd#hyp" xlink:label="loc_hyp" />
    <link:loc xlink:type="locator" xlink:href="../../../../../../dict/met/met.xsd#dnb_ri053" xlink:label="loc_dnb_ri053" />
    <link:definitionArc xlink:type="arc" xlink:arcrole="http://xbrl.org/int/dim/arcrole/all" xlink:from="loc_dnb_ri053" xlink:to="loc_hyp" xbrldt:closed="true" xbrldt:contextElement="scenario" order="1" />
    <link:loc xlink:type="locator" xlink:href="../../../../../../dict/dim/dim.xsd#dnb_dim044" xlink:label="loc_dnb_dim044" />
    <link:definitionArc xlink:type="arc" xlink:arcrole="http://xbrl.org/int/dim/arcrole/hypercube-dimension" xlink:from="loc_hyp" xlink:to="loc_dnb_dim044" order="1" />
    <link:loc xlink:type="locator" xlink:href="../../../../../../dict/dom/exp.xsd#dnb_dom030" xlink:label="loc_dnb_dim044_dom030" />
    <link:definitionArc xlink:type="arc" xlink:arcrole="http://xbrl.org/int/dim/arcrole/dimension-domain" xlink:from="loc_dnb_dim044" xlink:to="loc_dnb_dim044_dom030" xbrldt:usable="false" order="1" />
    <link:loc xlink:type="locator" xlink:href="../../../../../../dict/dom/dom030/mem.xsd#dnb_mem274" xlink:label="loc_dnb_dim044_mem274" />
    <link:definitionArc xlink:type="arc" xlink:arcrole="http://xbrl.org/int/dim/arcrole/domain-member" xlink:from="loc_dnb_dim044_dom030" xlink:to="loc_dnb_dim044_mem274" order="1" />
    <link:loc xlink:type="locator" xlink:href="../../../../../../dict/dim/dim.xsd#dnb_dim208" xlink:label="loc_dnb_dim208" />
    <link:definitionArc xlink:type="arc" xlink:arcrole="http://xbrl.org/int/dim/arcrole/hypercube-dimension" xlink:from="loc_hyp" xlink:to="loc_dnb_dim208" order="2" />
    <link:loc xlink:type="locator" xlink:href="../../../../../../dict/dom/exp.xsd#dnb_dom003" xlink:label="loc_dnb_dim208_dom003" />
    <link:definitionArc xlink:type="arc" xlink:arcrole="http://xbrl.org/int/dim/arcrole/dimension-domain" xlink:from="loc_dnb_dim208" xlink:to="loc_dnb_dim208_dom003" xbrldt:usable="false" order="1" />
    <link:loc xlink:type="locator" xlink:href="../../../../../../dict/dom/dom003/mem.xsd#dnb_mem008" xlink:label="loc_dnb_dim208_mem008" />
    <link:definitionArc xlink:type="arc" xlink:arcrole="http://xbrl.org/int/dim/arcrole/domain-member" xlink:from="loc_dnb_dim208_dom003" xlink:to="loc_dnb_dim208_mem008" order="1" />
    <link:loc xlink:type="locator" xlink:href="../../../../../../dict/dim/dim.xsd#dnb_dim209" xlink:label="loc_dnb_dim209" />
    <link:definitionArc xlink:type="arc" xlink:arcrole="http://xbrl.org/int/dim/arcrole/hypercube-dimension" xlink:from="loc_hyp" xlink:to="loc_dnb_dim209" order="3" />
    <link:loc xlink:type="locator" xlink:href="../../../../../../dict/dom/exp.xsd#dnb_dom118" xlink:label="loc_dnb_dim209_dom118" />
    <link:definitionArc xlink:type="arc" xlink:arcrole="http://xbrl.org/int/dim/arcrole/dimension-domain" xlink:from="loc_dnb_dim209" xlink:to="loc_dnb_dim209_dom118" xbrldt:usable="false" order="1" />
    <link:loc xlink:type="locator" xlink:href="../../../../../../dict/dom/dom118/mem.xsd#dnb_mem015" xlink:label="loc_dnb_dim209_mem015" />
    <link:definitionArc xlink:type="arc" xlink:arcrole="http://xbrl.org/int/dim/arcrole/domain-member" xlink:from="loc_dnb_dim209_dom118" xlink:to="loc_dnb_dim209_mem015" order="1" />
    <link:loc xlink:type="locator" xlink:href="../../../../../../dict/dim/dim.xsd#dnb_dim212" xlink:label="loc_dnb_dim212" />
    <link:definitionArc xlink:type="arc" xlink:arcrole="http://xbrl.org/int/dim/arcrole/hypercube-dimension" xlink:from="loc_hyp" xlink:to="loc_dnb_dim212" order="4" />
    <link:loc xlink:type="locator" xlink:href="../../../../../../dict/dom/exp.xsd#dnb_dom064" xlink:label="loc_dnb_dim212_dom064" />
    <link:definitionArc xlink:type="arc" xlink:arcrole="http://xbrl.org/int/dim/arcrole/dimension-domain" xlink:from="loc_dnb_dim212" xlink:to="loc_dnb_dim212_dom064" xbrldt:usable="false" order="1" />
    <link:loc xlink:type="locator" xlink:href="../../../../../../dict/dom/dom064/mem.xsd#dnb_mem019" xlink:label="loc_dnb_dim212_mem019" />
    <link:definitionArc xlink:type="arc" xlink:arcrole="http://xbrl.org/int/dim/arcrole/domain-member" xlink:from="loc_dnb_dim212_dom064" xlink:to="loc_dnb_dim212_mem019" order="1" />
    <link:loc xlink:type="locator" xlink:href="../../../../../../dict/dim/dim.xsd#dnb_dim099" xlink:label="loc_dnb_dim099" />
    <link:definitionArc xlink:type="arc" xlink:arcrole="http://xbrl.org/int/dim/arcrole/hypercube-dimension" xlink:from="loc_hyp" xlink:to="loc_dnb_dim099" order="5" />
    <link:loc xlink:type="locator" xlink:href="../../../../../../dict/dom/exp.xsd#dnb_dom032" xlink:label="loc_dnb_dim099_dom032" />
    <link:definitionArc xlink:type="arc" xlink:arcrole="http://xbrl.org/int/dim/arcrole/dimension-domain" xlink:from="loc_dnb_dim099" xlink:to="loc_dnb_dim099_dom032" xbrldt:usable="false" order="1" />
    <link:loc xlink:type="locator" xlink:href="../../../../../../dict/dom/dom032/mem.xsd#dnb_mem004" xlink:label="loc_dnb_dim099_mem004" />
    <link:definitionArc xlink:type="arc" xlink:arcrole="http://xbrl.org/int/dim/arcrole/domain-member" xlink:from="loc_dnb_dim099_dom032" xlink:to="loc_dnb_dim099_mem004" order="1" />
    <link:loc xlink:type="locator" xlink:href="../../../../../../dict/dim/dim.xsd#dnb_dim217" xlink:label="loc_dnb_dim217" />
    <link:definitionArc xlink:type="arc" xlink:arcrole="http://xbrl.org/int/dim/arcrole/hypercube-dimension" xlink:from="loc_hyp" xlink:to="loc_dnb_dim217" order="6" />
    <link:loc xlink:type="locator" xlink:href="../../../../../../dict/dom/exp.xsd#dnb_dom124" xlink:label="loc_dnb_dim217_dom124" />
    <link:definitionArc xlink:type="arc" xlink:arcrole="http://xbrl.org/int/dim/arcrole/dimension-domain" xlink:from="loc_dnb_dim217" xlink:to="loc_dnb_dim217_dom124" xbrldt:usable="false" order="1" />
    <link:loc xlink:type="locator" xlink:href="../../../../../../dict/dom/dom124/mem.xsd#dnb_mem001" xlink:label="loc_dnb_dim217_mem001" />
    <link:definitionArc xlink:type="arc" xlink:arcrole="http://xbrl.org/int/dim/arcrole/domain-member" xlink:from="loc_dnb_dim217_dom124" xlink:to="loc_dnb_dim217_mem001" order="1" />
    <link:loc xlink:type="locator" xlink:href="../../../../../../dict/dom/dom124/mem.xsd#dnb_mem002" xlink:label="loc_dnb_dim217_mem002" />
    <link:definitionArc xlink:type="arc" xlink:arcrole="http://xbrl.org/int/dim/arcrole/domain-member" xlink:from="loc_dnb_dim217_dom124" xlink:to="loc_dnb_dim217_mem002" order="2" />
    <link:loc xlink:type="locator" xlink:href="../../../../../../dict/dim/dim.xsd#dnb_dim219" xlink:label="loc_dnb_dim219" />
    <link:definitionArc xlink:type="arc" xlink:arcrole="http://xbrl.org/int/dim/arcrole/hypercube-dimension" xlink:from="loc_hyp" xlink:to="loc_dnb_dim219" order="7" />
    <link:loc xlink:type="locator" xlink:href="../../../../../../dict/dom/exp.xsd#dnb_dom126" xlink:label="loc_dnb_dim219_dom126" />
    <link:definitionArc xlink:type="arc" xlink:arcrole="http://xbrl.org/int/dim/arcrole/dimension-domain" xlink:from="loc_dnb_dim219" xlink:to="loc_dnb_dim219_dom126" xbrldt:usable="false" order="1" />
    <link:loc xlink:type="locator" xlink:href="../../../../../../dict/dom/dom126/mem.xsd#dnb_mem001" xlink:label="loc_dnb_dim219_mem001" />
    <link:definitionArc xlink:type="arc" xlink:arcrole="http://xbrl.org/int/dim/arcrole/domain-member" xlink:from="loc_dnb_dim219_dom126" xlink:to="loc_dnb_dim219_mem001" order="1" />
    <link:loc xlink:type="locator" xlink:href="../../../../../../dict/dom/dom126/mem.xsd#dnb_mem002" xlink:label="loc_dnb_dim219_mem002" />
    <link:definitionArc xlink:type="arc" xlink:arcrole="http://xbrl.org/int/dim/arcrole/domain-member" xlink:from="loc_dnb_dim219_dom126" xlink:to="loc_dnb_dim219_mem002" order="2" />
    <link:loc xlink:type="locator" xlink:href="../../../../../../dict/dim/dim.xsd#dnb_dim221" xlink:label="loc_dnb_dim221" />
    <link:definitionArc xlink:type="arc" xlink:arcrole="http://xbrl.org/int/dim/arcrole/hypercube-dimension" xlink:from="loc_hyp" xlink:to="loc_dnb_dim221" order="8" />
    <link:loc xlink:type="locator" xlink:href="../../../../../../dict/dom/exp.xsd#dnb_dom063" xlink:label="loc_dnb_dim221_dom063" />
    <link:definitionArc xlink:type="arc" xlink:arcrole="http://xbrl.org/int/dim/arcrole/dimension-domain" xlink:from="loc_dnb_dim221" xlink:to="loc_dnb_dim221_dom063" xbrldt:usable="false" order="1" />
    <link:loc xlink:type="locator" xlink:href="../../../../../../dict/dom/dom063/mem.xsd#dnb_mem026" xlink:label="loc_dnb_dim221_mem026" />
    <link:definitionArc xlink:type="arc" xlink:arcrole="http://xbrl.org/int/dim/arcrole/domain-member" xlink:from="loc_dnb_dim221_dom063" xlink:to="loc_dnb_dim221_mem026" order="1" />
  </link:definitionLink>
</link:linkbase>