﻿<?xml version="1.0" encoding="utf-8"?>
<!--© DNB-->
<!--Taxonomy Creation Date UTC 2025-05-21T09:34:14+02:00-->
<link:linkbase xmlns:xsi="http://www.w3.org/2001/XMLSchema-instance" xmlns:xlink="http://www.w3.org/1999/xlink" xmlns:link="http://www.xbrl.org/2003/linkbase" xmlns:gen="http://xbrl.org/2008/generic" xmlns:label="http://xbrl.org/2008/label" xsi:schemaLocation="http://www.xbrl.org/2003/linkbase http://www.xbrl.org/2003/xbrl-linkbase-2003-12-31.xsd http://xbrl.org/2008/generic http://www.xbrl.org/2008/generic-link.xsd http://xbrl.org/2008/label http://www.xbrl.org/2008/generic-label.xsd">
  <link:arcroleRef arcroleURI="http://xbrl.org/arcrole/2008/element-label" xlink:type="simple" xlink:href="http://www.xbrl.org/2008/generic-label.xsd#element-label" />
  <link:roleRef roleURI="http://www.xbrl.org/2008/role/label" xlink:type="simple" xlink:href="http://www.xbrl.org/2008/generic-label.xsd#standard-label" />
  <link:roleRef roleURI="http://www.xbrl.org/2008/role/verboseLabel" xlink:type="simple" xlink:href="http://www.xbrl.org/2008/generic-label.xsd#verbose-label" />
  <gen:link xlink:type="extended" xlink:role="http://www.xbrl.org/2003/role/link">
    <link:loc xlink:type="locator" xlink:href="t02.03-rend.xml#dnb_tT02.03" xlink:label="loc_dnb_tT02.03" />
    <label:label xlink:type="resource" xlink:label="label_dnb_tT02.03" xml:lang="nl" xlink:role="http://www.xbrl.org/2008/role/label">T02.03 Payment transactions involving non-MFIs, received; card-based transactions - Derogation</label:label>
    <gen:arc xlink:type="arc" xlink:arcrole="http://xbrl.org/arcrole/2008/element-label" xlink:from="loc_dnb_tT02.03" xlink:to="label_dnb_tT02.03" />
    <label:label xlink:type="resource" xlink:label="label_dnb_tT02.03_1" xml:lang="nl" xlink:role="http://www.xbrl.org/2008/role/verboseLabel">T02.03 Payment transactions involving non-MFIs, received; card-based transactions - Derogation</label:label>
    <gen:arc xlink:type="arc" xlink:arcrole="http://xbrl.org/arcrole/2008/element-label" xlink:from="loc_dnb_tT02.03" xlink:to="label_dnb_tT02.03_1" />
    <link:loc xlink:type="locator" xlink:href="t02.03-rend.xml#dnb_a1" xlink:label="loc_dnb_a1" />
    <label:label xlink:type="resource" xlink:label="label_dnb_a1" xml:lang="nl" xlink:role="http://www.xbrl.org/2008/role/label">x-as</label:label>
    <gen:arc xlink:type="arc" xlink:arcrole="http://xbrl.org/arcrole/2008/element-label" xlink:from="loc_dnb_a1" xlink:to="label_dnb_a1" />
    <link:loc xlink:type="locator" xlink:href="t02.03-rend.xml#dnb_c1" xlink:label="loc_dnb_c1" />
    <label:label xlink:type="resource" xlink:label="label_dnb_c1" xml:lang="nl" xlink:role="http://www.xbrl.org/2008/role/label">Payment transactions</label:label>
    <gen:arc xlink:type="arc" xlink:arcrole="http://xbrl.org/arcrole/2008/element-label" xlink:from="loc_dnb_c1" xlink:to="label_dnb_c1" />
    <link:loc xlink:type="locator" xlink:href="t02.03-rend.xml#dnb_c2" xlink:label="loc_dnb_c2" />
    <label:label xlink:type="resource" xlink:label="label_dnb_c2" xml:lang="nl" xlink:role="http://www.xbrl.org/2008/role/label">Number of transactions</label:label>
    <gen:arc xlink:type="arc" xlink:arcrole="http://xbrl.org/arcrole/2008/element-label" xlink:from="loc_dnb_c2" xlink:to="label_dnb_c2" />
    <link:loc xlink:type="locator" xlink:href="t02.03-rend.xml#dnb_c3" xlink:label="loc_dnb_c3" />
    <label:label xlink:type="resource" xlink:label="label_dnb_c3" xml:lang="nl" xlink:role="http://www.xbrl.org/2008/role/label">Total</label:label>
    <gen:arc xlink:type="arc" xlink:arcrole="http://xbrl.org/arcrole/2008/element-label" xlink:from="loc_dnb_c3" xlink:to="label_dnb_c3" />
    <link:loc xlink:type="locator" xlink:href="t02.03-rend.xml#dnb_c4" xlink:label="loc_dnb_c4" />
    <label:label xlink:type="resource" xlink:label="label_dnb_c4" xml:lang="nl" xlink:role="http://www.xbrl.org/2008/role/label">Remote</label:label>
    <gen:arc xlink:type="arc" xlink:arcrole="http://xbrl.org/arcrole/2008/element-label" xlink:from="loc_dnb_c4" xlink:to="label_dnb_c4" />
    <link:loc xlink:type="locator" xlink:href="t02.03-rend.xml#dnb_c5" xlink:label="loc_dnb_c5" />
    <label:label xlink:type="resource" xlink:label="label_dnb_c5" xml:lang="nl" xlink:role="http://www.xbrl.org/2008/role/label">Non-remote</label:label>
    <gen:arc xlink:type="arc" xlink:arcrole="http://xbrl.org/arcrole/2008/element-label" xlink:from="loc_dnb_c5" xlink:to="label_dnb_c5" />
    <link:loc xlink:type="locator" xlink:href="t02.03-rend.xml#dnb_c6" xlink:label="loc_dnb_c6" />
    <label:label xlink:type="resource" xlink:label="label_dnb_c6" xml:lang="nl" xlink:role="http://www.xbrl.org/2008/role/label">Value of transactions</label:label>
    <gen:arc xlink:type="arc" xlink:arcrole="http://xbrl.org/arcrole/2008/element-label" xlink:from="loc_dnb_c6" xlink:to="label_dnb_c6" />
    <link:loc xlink:type="locator" xlink:href="t02.03-rend.xml#dnb_c7" xlink:label="loc_dnb_c7" />
    <label:label xlink:type="resource" xlink:label="label_dnb_c7" xml:lang="nl" xlink:role="http://www.xbrl.org/2008/role/label">Total</label:label>
    <gen:arc xlink:type="arc" xlink:arcrole="http://xbrl.org/arcrole/2008/element-label" xlink:from="loc_dnb_c7" xlink:to="label_dnb_c7" />
    <link:loc xlink:type="locator" xlink:href="t02.03-rend.xml#dnb_c8" xlink:label="loc_dnb_c8" />
    <label:label xlink:type="resource" xlink:label="label_dnb_c8" xml:lang="nl" xlink:role="http://www.xbrl.org/2008/role/label">Remote</label:label>
    <gen:arc xlink:type="arc" xlink:arcrole="http://xbrl.org/arcrole/2008/element-label" xlink:from="loc_dnb_c8" xlink:to="label_dnb_c8" />
    <link:loc xlink:type="locator" xlink:href="t02.03-rend.xml#dnb_c9" xlink:label="loc_dnb_c9" />
    <label:label xlink:type="resource" xlink:label="label_dnb_c9" xml:lang="nl" xlink:role="http://www.xbrl.org/2008/role/label">Non-remote</label:label>
    <gen:arc xlink:type="arc" xlink:arcrole="http://xbrl.org/arcrole/2008/element-label" xlink:from="loc_dnb_c9" xlink:to="label_dnb_c9" />
    <link:loc xlink:type="locator" xlink:href="t02.03-rend.xml#dnb_c10" xlink:label="loc_dnb_c10" />
    <label:label xlink:type="resource" xlink:label="label_dnb_c10" xml:lang="nl" xlink:role="http://www.xbrl.org/2008/role/label">Fraudulent payment transactions</label:label>
    <gen:arc xlink:type="arc" xlink:arcrole="http://xbrl.org/arcrole/2008/element-label" xlink:from="loc_dnb_c10" xlink:to="label_dnb_c10" />
    <link:loc xlink:type="locator" xlink:href="t02.03-rend.xml#dnb_c11" xlink:label="loc_dnb_c11" />
    <label:label xlink:type="resource" xlink:label="label_dnb_c11" xml:lang="nl" xlink:role="http://www.xbrl.org/2008/role/label">Number of transactions</label:label>
    <gen:arc xlink:type="arc" xlink:arcrole="http://xbrl.org/arcrole/2008/element-label" xlink:from="loc_dnb_c11" xlink:to="label_dnb_c11" />
    <link:loc xlink:type="locator" xlink:href="t02.03-rend.xml#dnb_c12" xlink:label="loc_dnb_c12" />
    <label:label xlink:type="resource" xlink:label="label_dnb_c12" xml:lang="nl" xlink:role="http://www.xbrl.org/2008/role/label">Total</label:label>
    <gen:arc xlink:type="arc" xlink:arcrole="http://xbrl.org/arcrole/2008/element-label" xlink:from="loc_dnb_c12" xlink:to="label_dnb_c12" />
    <link:loc xlink:type="locator" xlink:href="t02.03-rend.xml#dnb_c13" xlink:label="loc_dnb_c13" />
    <label:label xlink:type="resource" xlink:label="label_dnb_c13" xml:lang="nl" xlink:role="http://www.xbrl.org/2008/role/label">Remote</label:label>
    <gen:arc xlink:type="arc" xlink:arcrole="http://xbrl.org/arcrole/2008/element-label" xlink:from="loc_dnb_c13" xlink:to="label_dnb_c13" />
    <link:loc xlink:type="locator" xlink:href="t02.03-rend.xml#dnb_c14" xlink:label="loc_dnb_c14" />
    <label:label xlink:type="resource" xlink:label="label_dnb_c14" xml:lang="nl" xlink:role="http://www.xbrl.org/2008/role/label">Non-remote</label:label>
    <gen:arc xlink:type="arc" xlink:arcrole="http://xbrl.org/arcrole/2008/element-label" xlink:from="loc_dnb_c14" xlink:to="label_dnb_c14" />
    <link:loc xlink:type="locator" xlink:href="t02.03-rend.xml#dnb_c15" xlink:label="loc_dnb_c15" />
    <label:label xlink:type="resource" xlink:label="label_dnb_c15" xml:lang="nl" xlink:role="http://www.xbrl.org/2008/role/label">Value of transactions</label:label>
    <gen:arc xlink:type="arc" xlink:arcrole="http://xbrl.org/arcrole/2008/element-label" xlink:from="loc_dnb_c15" xlink:to="label_dnb_c15" />
    <link:loc xlink:type="locator" xlink:href="t02.03-rend.xml#dnb_c16" xlink:label="loc_dnb_c16" />
    <label:label xlink:type="resource" xlink:label="label_dnb_c16" xml:lang="nl" xlink:role="http://www.xbrl.org/2008/role/label">Total</label:label>
    <gen:arc xlink:type="arc" xlink:arcrole="http://xbrl.org/arcrole/2008/element-label" xlink:from="loc_dnb_c16" xlink:to="label_dnb_c16" />
    <link:loc xlink:type="locator" xlink:href="t02.03-rend.xml#dnb_c17" xlink:label="loc_dnb_c17" />
    <label:label xlink:type="resource" xlink:label="label_dnb_c17" xml:lang="nl" xlink:role="http://www.xbrl.org/2008/role/label">Remote</label:label>
    <gen:arc xlink:type="arc" xlink:arcrole="http://xbrl.org/arcrole/2008/element-label" xlink:from="loc_dnb_c17" xlink:to="label_dnb_c17" />
    <link:loc xlink:type="locator" xlink:href="t02.03-rend.xml#dnb_c18" xlink:label="loc_dnb_c18" />
    <label:label xlink:type="resource" xlink:label="label_dnb_c18" xml:lang="nl" xlink:role="http://www.xbrl.org/2008/role/label">Non-remote</label:label>
    <gen:arc xlink:type="arc" xlink:arcrole="http://xbrl.org/arcrole/2008/element-label" xlink:from="loc_dnb_c18" xlink:to="label_dnb_c18" />
    <link:loc xlink:type="locator" xlink:href="t02.03-rend.xml#dnb_a2" xlink:label="loc_dnb_a2" />
    <label:label xlink:type="resource" xlink:label="label_dnb_a2" xml:lang="nl" xlink:role="http://www.xbrl.org/2008/role/label">y-as</label:label>
    <gen:arc xlink:type="arc" xlink:arcrole="http://xbrl.org/arcrole/2008/element-label" xlink:from="loc_dnb_a2" xlink:to="label_dnb_a2" />
    <link:loc xlink:type="locator" xlink:href="t02.03-rend.xml#dnb_c19" xlink:label="loc_dnb_c19" />
    <label:label xlink:type="resource" xlink:label="label_dnb_c19" xml:lang="nl" xlink:role="http://www.xbrl.org/2008/role/label">Card-based payment transactions with card-based payment instruments acquired by resident PSPs (except cards with an e-money function only)</label:label>
    <gen:arc xlink:type="arc" xlink:arcrole="http://xbrl.org/arcrole/2008/element-label" xlink:from="loc_dnb_c19" xlink:to="label_dnb_c19" />
    <link:loc xlink:type="locator" xlink:href="t02.03-rend.xml#dnb_c20" xlink:label="loc_dnb_c20" />
    <label:label xlink:type="resource" xlink:label="label_dnb_c20" xml:lang="nl" xlink:role="http://www.xbrl.org/2008/role/label">Initiated non-electronically</label:label>
    <gen:arc xlink:type="arc" xlink:arcrole="http://xbrl.org/arcrole/2008/element-label" xlink:from="loc_dnb_c20" xlink:to="label_dnb_c20" />
    <link:loc xlink:type="locator" xlink:href="t02.03-rend.xml#dnb_c21" xlink:label="loc_dnb_c21" />
    <label:label xlink:type="resource" xlink:label="label_dnb_c21" xml:lang="nl" xlink:role="http://www.xbrl.org/2008/role/label">Initiated electronically</label:label>
    <gen:arc xlink:type="arc" xlink:arcrole="http://xbrl.org/arcrole/2008/element-label" xlink:from="loc_dnb_c21" xlink:to="label_dnb_c21" />
    <link:loc xlink:type="locator" xlink:href="t02.03-rend.xml#dnb_c22" xlink:label="loc_dnb_c22" />
    <label:label xlink:type="resource" xlink:label="label_dnb_c22" xml:lang="nl" xlink:role="http://www.xbrl.org/2008/role/label">with a debit card</label:label>
    <gen:arc xlink:type="arc" xlink:arcrole="http://xbrl.org/arcrole/2008/element-label" xlink:from="loc_dnb_c22" xlink:to="label_dnb_c22" />
    <link:loc xlink:type="locator" xlink:href="t02.03-rend.xml#dnb_c23" xlink:label="loc_dnb_c23" />
    <label:label xlink:type="resource" xlink:label="label_dnb_c23" xml:lang="nl" xlink:role="http://www.xbrl.org/2008/role/label">with a delayed debit card</label:label>
    <gen:arc xlink:type="arc" xlink:arcrole="http://xbrl.org/arcrole/2008/element-label" xlink:from="loc_dnb_c23" xlink:to="label_dnb_c23" />
    <link:loc xlink:type="locator" xlink:href="t02.03-rend.xml#dnb_c24" xlink:label="loc_dnb_c24" />
    <label:label xlink:type="resource" xlink:label="label_dnb_c24" xml:lang="nl" xlink:role="http://www.xbrl.org/2008/role/label">with a credit card</label:label>
    <gen:arc xlink:type="arc" xlink:arcrole="http://xbrl.org/arcrole/2008/element-label" xlink:from="loc_dnb_c24" xlink:to="label_dnb_c24" />
    <link:loc xlink:type="locator" xlink:href="t02.03-rend.xml#dnb_c25" xlink:label="loc_dnb_c25" />
    <label:label xlink:type="resource" xlink:label="label_dnb_c25" xml:lang="nl" xlink:role="http://www.xbrl.org/2008/role/label">Authenticated via Strong Customer Authentication (SCA)</label:label>
    <gen:arc xlink:type="arc" xlink:arcrole="http://xbrl.org/arcrole/2008/element-label" xlink:from="loc_dnb_c25" xlink:to="label_dnb_c25" />
    <link:loc xlink:type="locator" xlink:href="t02.03-rend.xml#dnb_c26" xlink:label="loc_dnb_c26" />
    <label:label xlink:type="resource" xlink:label="label_dnb_c26" xml:lang="nl" xlink:role="http://www.xbrl.org/2008/role/label">Authenticated via Strong Customer Authentication (SCA), of which fraudulent card payments by origin:</label:label>
    <gen:arc xlink:type="arc" xlink:arcrole="http://xbrl.org/arcrole/2008/element-label" xlink:from="loc_dnb_c26" xlink:to="label_dnb_c26" />
    <link:loc xlink:type="locator" xlink:href="t02.03-rend.xml#dnb_c27" xlink:label="loc_dnb_c27" />
    <label:label xlink:type="resource" xlink:label="label_dnb_c27" xml:lang="nl" xlink:role="http://www.xbrl.org/2008/role/label">Issuance of a payment order by the fraudster</label:label>
    <gen:arc xlink:type="arc" xlink:arcrole="http://xbrl.org/arcrole/2008/element-label" xlink:from="loc_dnb_c27" xlink:to="label_dnb_c27" />
    <link:loc xlink:type="locator" xlink:href="t02.03-rend.xml#dnb_c28" xlink:label="loc_dnb_c28" />
    <label:label xlink:type="resource" xlink:label="label_dnb_c28" xml:lang="nl" xlink:role="http://www.xbrl.org/2008/role/label">Lost or Stolen card</label:label>
    <gen:arc xlink:type="arc" xlink:arcrole="http://xbrl.org/arcrole/2008/element-label" xlink:from="loc_dnb_c28" xlink:to="label_dnb_c28" />
    <link:loc xlink:type="locator" xlink:href="t02.03-rend.xml#dnb_c29" xlink:label="loc_dnb_c29" />
    <label:label xlink:type="resource" xlink:label="label_dnb_c29" xml:lang="nl" xlink:role="http://www.xbrl.org/2008/role/label">Card Not Received</label:label>
    <gen:arc xlink:type="arc" xlink:arcrole="http://xbrl.org/arcrole/2008/element-label" xlink:from="loc_dnb_c29" xlink:to="label_dnb_c29" />
    <link:loc xlink:type="locator" xlink:href="t02.03-rend.xml#dnb_c30" xlink:label="loc_dnb_c30" />
    <label:label xlink:type="resource" xlink:label="label_dnb_c30" xml:lang="nl" xlink:role="http://www.xbrl.org/2008/role/label">Counterfeit card</label:label>
    <gen:arc xlink:type="arc" xlink:arcrole="http://xbrl.org/arcrole/2008/element-label" xlink:from="loc_dnb_c30" xlink:to="label_dnb_c30" />
    <link:loc xlink:type="locator" xlink:href="t02.03-rend.xml#dnb_c31" xlink:label="loc_dnb_c31" />
    <label:label xlink:type="resource" xlink:label="label_dnb_c31" xml:lang="nl" xlink:role="http://www.xbrl.org/2008/role/label">Card details theft</label:label>
    <gen:arc xlink:type="arc" xlink:arcrole="http://xbrl.org/arcrole/2008/element-label" xlink:from="loc_dnb_c31" xlink:to="label_dnb_c31" />
    <link:loc xlink:type="locator" xlink:href="t02.03-rend.xml#dnb_c32" xlink:label="loc_dnb_c32" />
    <label:label xlink:type="resource" xlink:label="label_dnb_c32" xml:lang="nl" xlink:role="http://www.xbrl.org/2008/role/label">Others</label:label>
    <gen:arc xlink:type="arc" xlink:arcrole="http://xbrl.org/arcrole/2008/element-label" xlink:from="loc_dnb_c32" xlink:to="label_dnb_c32" />
    <link:loc xlink:type="locator" xlink:href="t02.03-rend.xml#dnb_c33" xlink:label="loc_dnb_c33" />
    <label:label xlink:type="resource" xlink:label="label_dnb_c33" xml:lang="nl" xlink:role="http://www.xbrl.org/2008/role/label">Modification of a payment order by the fraudster</label:label>
    <gen:arc xlink:type="arc" xlink:arcrole="http://xbrl.org/arcrole/2008/element-label" xlink:from="loc_dnb_c33" xlink:to="label_dnb_c33" />
    <link:loc xlink:type="locator" xlink:href="t02.03-rend.xml#dnb_c34" xlink:label="loc_dnb_c34" />
    <label:label xlink:type="resource" xlink:label="label_dnb_c34" xml:lang="nl" xlink:role="http://www.xbrl.org/2008/role/label">Manipulation of the payer to make a card payment</label:label>
    <gen:arc xlink:type="arc" xlink:arcrole="http://xbrl.org/arcrole/2008/element-label" xlink:from="loc_dnb_c34" xlink:to="label_dnb_c34" />
    <link:loc xlink:type="locator" xlink:href="t02.03-rend.xml#dnb_c35" xlink:label="loc_dnb_c35" />
    <label:label xlink:type="resource" xlink:label="label_dnb_c35" xml:lang="nl" xlink:role="http://www.xbrl.org/2008/role/label">Authenticated via non-Strong Customer Authentication (non-SCA)</label:label>
    <gen:arc xlink:type="arc" xlink:arcrole="http://xbrl.org/arcrole/2008/element-label" xlink:from="loc_dnb_c35" xlink:to="label_dnb_c35" />
    <link:loc xlink:type="locator" xlink:href="t02.03-rend.xml#dnb_c36" xlink:label="loc_dnb_c36" />
    <label:label xlink:type="resource" xlink:label="label_dnb_c36" xml:lang="nl" xlink:role="http://www.xbrl.org/2008/role/label">Authenticated via non-Strong Customer Authentication (non-SCA), of which fraudulent card payments by origin:</label:label>
    <gen:arc xlink:type="arc" xlink:arcrole="http://xbrl.org/arcrole/2008/element-label" xlink:from="loc_dnb_c36" xlink:to="label_dnb_c36" />
    <link:loc xlink:type="locator" xlink:href="t02.03-rend.xml#dnb_c37" xlink:label="loc_dnb_c37" />
    <label:label xlink:type="resource" xlink:label="label_dnb_c37" xml:lang="nl" xlink:role="http://www.xbrl.org/2008/role/label">Issuance of a payment order by the fraudster</label:label>
    <gen:arc xlink:type="arc" xlink:arcrole="http://xbrl.org/arcrole/2008/element-label" xlink:from="loc_dnb_c37" xlink:to="label_dnb_c37" />
    <link:loc xlink:type="locator" xlink:href="t02.03-rend.xml#dnb_c38" xlink:label="loc_dnb_c38" />
    <label:label xlink:type="resource" xlink:label="label_dnb_c38" xml:lang="nl" xlink:role="http://www.xbrl.org/2008/role/label">Lost or Stolen card</label:label>
    <gen:arc xlink:type="arc" xlink:arcrole="http://xbrl.org/arcrole/2008/element-label" xlink:from="loc_dnb_c38" xlink:to="label_dnb_c38" />
    <link:loc xlink:type="locator" xlink:href="t02.03-rend.xml#dnb_c39" xlink:label="loc_dnb_c39" />
    <label:label xlink:type="resource" xlink:label="label_dnb_c39" xml:lang="nl" xlink:role="http://www.xbrl.org/2008/role/label">Card Not Received</label:label>
    <gen:arc xlink:type="arc" xlink:arcrole="http://xbrl.org/arcrole/2008/element-label" xlink:from="loc_dnb_c39" xlink:to="label_dnb_c39" />
    <link:loc xlink:type="locator" xlink:href="t02.03-rend.xml#dnb_c40" xlink:label="loc_dnb_c40" />
    <label:label xlink:type="resource" xlink:label="label_dnb_c40" xml:lang="nl" xlink:role="http://www.xbrl.org/2008/role/label">Counterfeit card</label:label>
    <gen:arc xlink:type="arc" xlink:arcrole="http://xbrl.org/arcrole/2008/element-label" xlink:from="loc_dnb_c40" xlink:to="label_dnb_c40" />
    <link:loc xlink:type="locator" xlink:href="t02.03-rend.xml#dnb_c41" xlink:label="loc_dnb_c41" />
    <label:label xlink:type="resource" xlink:label="label_dnb_c41" xml:lang="nl" xlink:role="http://www.xbrl.org/2008/role/label">Card details theft</label:label>
    <gen:arc xlink:type="arc" xlink:arcrole="http://xbrl.org/arcrole/2008/element-label" xlink:from="loc_dnb_c41" xlink:to="label_dnb_c41" />
    <link:loc xlink:type="locator" xlink:href="t02.03-rend.xml#dnb_c42" xlink:label="loc_dnb_c42" />
    <label:label xlink:type="resource" xlink:label="label_dnb_c42" xml:lang="nl" xlink:role="http://www.xbrl.org/2008/role/label">Others</label:label>
    <gen:arc xlink:type="arc" xlink:arcrole="http://xbrl.org/arcrole/2008/element-label" xlink:from="loc_dnb_c42" xlink:to="label_dnb_c42" />
    <link:loc xlink:type="locator" xlink:href="t02.03-rend.xml#dnb_c43" xlink:label="loc_dnb_c43" />
    <label:label xlink:type="resource" xlink:label="label_dnb_c43" xml:lang="nl" xlink:role="http://www.xbrl.org/2008/role/label">Modification of a payment order by the fraudster</label:label>
    <gen:arc xlink:type="arc" xlink:arcrole="http://xbrl.org/arcrole/2008/element-label" xlink:from="loc_dnb_c43" xlink:to="label_dnb_c43" />
    <link:loc xlink:type="locator" xlink:href="t02.03-rend.xml#dnb_c44" xlink:label="loc_dnb_c44" />
    <label:label xlink:type="resource" xlink:label="label_dnb_c44" xml:lang="nl" xlink:role="http://www.xbrl.org/2008/role/label">Manipulation of the payer to make a card payment</label:label>
    <gen:arc xlink:type="arc" xlink:arcrole="http://xbrl.org/arcrole/2008/element-label" xlink:from="loc_dnb_c44" xlink:to="label_dnb_c44" />
    <link:loc xlink:type="locator" xlink:href="t02.03-rend.xml#dnb_c45" xlink:label="loc_dnb_c45" />
    <label:label xlink:type="resource" xlink:label="label_dnb_c45" xml:lang="nl" xlink:role="http://www.xbrl.org/2008/role/label">Authenticated via non-Strong Customer Authentication (non-SCA), of which broken down by reason:</label:label>
    <gen:arc xlink:type="arc" xlink:arcrole="http://xbrl.org/arcrole/2008/element-label" xlink:from="loc_dnb_c45" xlink:to="label_dnb_c45" />
    <link:loc xlink:type="locator" xlink:href="t02.03-rend.xml#dnb_c46" xlink:label="loc_dnb_c46" />
    <label:label xlink:type="resource" xlink:label="label_dnb_c46" xml:lang="nl" xlink:role="http://www.xbrl.org/2008/role/label">Low value</label:label>
    <gen:arc xlink:type="arc" xlink:arcrole="http://xbrl.org/arcrole/2008/element-label" xlink:from="loc_dnb_c46" xlink:to="label_dnb_c46" />
    <link:loc xlink:type="locator" xlink:href="t02.03-rend.xml#dnb_c47" xlink:label="loc_dnb_c47" />
    <label:label xlink:type="resource" xlink:label="label_dnb_c47" xml:lang="nl" xlink:role="http://www.xbrl.org/2008/role/label">Recurring transaction</label:label>
    <gen:arc xlink:type="arc" xlink:arcrole="http://xbrl.org/arcrole/2008/element-label" xlink:from="loc_dnb_c47" xlink:to="label_dnb_c47" />
    <link:loc xlink:type="locator" xlink:href="t02.03-rend.xml#dnb_c48" xlink:label="loc_dnb_c48" />
    <label:label xlink:type="resource" xlink:label="label_dnb_c48" xml:lang="nl" xlink:role="http://www.xbrl.org/2008/role/label">Transaction Risk Analysis</label:label>
    <gen:arc xlink:type="arc" xlink:arcrole="http://xbrl.org/arcrole/2008/element-label" xlink:from="loc_dnb_c48" xlink:to="label_dnb_c48" />
    <link:loc xlink:type="locator" xlink:href="t02.03-rend.xml#dnb_c49" xlink:label="loc_dnb_c49" />
    <label:label xlink:type="resource" xlink:label="label_dnb_c49" xml:lang="nl" xlink:role="http://www.xbrl.org/2008/role/label">Contactless low value</label:label>
    <gen:arc xlink:type="arc" xlink:arcrole="http://xbrl.org/arcrole/2008/element-label" xlink:from="loc_dnb_c49" xlink:to="label_dnb_c49" />
    <link:loc xlink:type="locator" xlink:href="t02.03-rend.xml#dnb_c50" xlink:label="loc_dnb_c50" />
    <label:label xlink:type="resource" xlink:label="label_dnb_c50" xml:lang="nl" xlink:role="http://www.xbrl.org/2008/role/label">Unattended terminal for transport fares or parking fees</label:label>
    <gen:arc xlink:type="arc" xlink:arcrole="http://xbrl.org/arcrole/2008/element-label" xlink:from="loc_dnb_c50" xlink:to="label_dnb_c50" />
    <link:loc xlink:type="locator" xlink:href="t02.03-rend.xml#dnb_c51" xlink:label="loc_dnb_c51" />
    <label:label xlink:type="resource" xlink:label="label_dnb_c51" xml:lang="nl" xlink:role="http://www.xbrl.org/2008/role/label">Merchant initiated transaction (MIT)</label:label>
    <gen:arc xlink:type="arc" xlink:arcrole="http://xbrl.org/arcrole/2008/element-label" xlink:from="loc_dnb_c51" xlink:to="label_dnb_c51" />
    <link:loc xlink:type="locator" xlink:href="t02.03-rend.xml#dnb_c52" xlink:label="loc_dnb_c52" />
    <label:label xlink:type="resource" xlink:label="label_dnb_c52" xml:lang="nl" xlink:role="http://www.xbrl.org/2008/role/label">Other</label:label>
    <gen:arc xlink:type="arc" xlink:arcrole="http://xbrl.org/arcrole/2008/element-label" xlink:from="loc_dnb_c52" xlink:to="label_dnb_c52" />
    <link:loc xlink:type="locator" xlink:href="t02.03-rend.xml#dnb_a3" xlink:label="loc_dnb_a3" />
    <label:label xlink:type="resource" xlink:label="label_dnb_a3" xml:lang="nl" xlink:role="http://www.xbrl.org/2008/role/label">Counterparty country/group</label:label>
    <gen:arc xlink:type="arc" xlink:arcrole="http://xbrl.org/arcrole/2008/element-label" xlink:from="loc_dnb_a3" xlink:to="label_dnb_a3" />
    <link:loc xlink:type="locator" xlink:href="t02.03-rend.xml#dnb_a4" xlink:label="loc_dnb_a4" />
    <label:label xlink:type="resource" xlink:label="label_dnb_a4" xml:lang="nl" xlink:role="http://www.xbrl.org/2008/role/label">Terminal location</label:label>
    <gen:arc xlink:type="arc" xlink:arcrole="http://xbrl.org/arcrole/2008/element-label" xlink:from="loc_dnb_a4" xlink:to="label_dnb_a4" />
  </gen:link>
</link:linkbase>