﻿<?xml version="1.0" encoding="utf-8"?>
<!--© DNB-->
<!--Taxonomy Creation Date UTC 2025-05-21T09:34:14+02:00-->
<link:linkbase xmlns:xsi="http://www.w3.org/2001/XMLSchema-instance" xmlns:xlink="http://www.w3.org/1999/xlink" xmlns:link="http://www.xbrl.org/2003/linkbase" xmlns:gen="http://xbrl.org/2008/generic" xmlns:label="http://xbrl.org/2008/label" xsi:schemaLocation="http://www.xbrl.org/2003/linkbase http://www.xbrl.org/2003/xbrl-linkbase-2003-12-31.xsd http://xbrl.org/2008/generic http://www.xbrl.org/2008/generic-link.xsd http://xbrl.org/2008/label http://www.xbrl.org/2008/generic-label.xsd">
  <link:arcroleRef arcroleURI="http://xbrl.org/arcrole/2008/element-label" xlink:type="simple" xlink:href="http://www.xbrl.org/2008/generic-label.xsd#element-label" />
  <link:roleRef roleURI="http://www.eurofiling.info/xbrl/role/filing-indicator-code" xlink:type="simple" xlink:href="http://www.eurofiling.info/eu/fr/xbrl/ext/model.xsd#filing-indicator-code" />
  <link:roleRef roleURI="http://www.eurofiling.info/xbrl/role/rc-code" xlink:type="simple" xlink:href="http://www.eurofiling.info/eu/fr/xbrl/ext/model.xsd#rc-code" />
  <gen:link xlink:type="extended" xlink:role="http://www.xbrl.org/2003/role/link">
    <link:loc xlink:type="locator" xlink:href="t05.02-rend.xml#dnb_tT05.02" xlink:label="loc_dnb_tT05.02" />
    <label:label xlink:type="resource" xlink:label="label_dnb_tT05.02" xml:lang="en" xlink:role="http://www.eurofiling.info/xbrl/role/filing-indicator-code">TG005</label:label>
    <gen:arc xlink:type="arc" xlink:arcrole="http://xbrl.org/arcrole/2008/element-label" xlink:from="loc_dnb_tT05.02" xlink:to="label_dnb_tT05.02" />
    <label:label xlink:type="resource" xlink:label="label_dnb_tT05.02_1" xml:lang="en" xlink:role="http://www.eurofiling.info/xbrl/role/rc-code">T05.02</label:label>
    <gen:arc xlink:type="arc" xlink:arcrole="http://xbrl.org/arcrole/2008/element-label" xlink:from="loc_dnb_tT05.02" xlink:to="label_dnb_tT05.02_1" />
    <link:loc xlink:type="locator" xlink:href="t05.02-rend.xml#dnb_c1" xlink:label="loc_dnb_c1" />
    <label:label xlink:type="resource" xlink:label="label_dnb_c1" xml:lang="en" xlink:role="http://www.eurofiling.info/xbrl/role/rc-code">010</label:label>
    <gen:arc xlink:type="arc" xlink:arcrole="http://xbrl.org/arcrole/2008/element-label" xlink:from="loc_dnb_c1" xlink:to="label_dnb_c1" />
    <label:label xlink:type="resource" xlink:label="label_dnb_c1_1" xml:lang="nl" xlink:role="http://www.eurofiling.info/xbrl/role/rc-code">010</label:label>
    <gen:arc xlink:type="arc" xlink:arcrole="http://xbrl.org/arcrole/2008/element-label" xlink:from="loc_dnb_c1" xlink:to="label_dnb_c1_1" />
    <link:loc xlink:type="locator" xlink:href="t05.02-rend.xml#dnb_c3" xlink:label="loc_dnb_c3" />
    <label:label xlink:type="resource" xlink:label="label_dnb_c3" xml:lang="en" xlink:role="http://www.eurofiling.info/xbrl/role/rc-code">010</label:label>
    <gen:arc xlink:type="arc" xlink:arcrole="http://xbrl.org/arcrole/2008/element-label" xlink:from="loc_dnb_c3" xlink:to="label_dnb_c3" />
    <label:label xlink:type="resource" xlink:label="label_dnb_c3_1" xml:lang="nl" xlink:role="http://www.eurofiling.info/xbrl/role/rc-code">010</label:label>
    <gen:arc xlink:type="arc" xlink:arcrole="http://xbrl.org/arcrole/2008/element-label" xlink:from="loc_dnb_c3" xlink:to="label_dnb_c3_1" />
    <link:loc xlink:type="locator" xlink:href="t05.02-rend.xml#dnb_c4" xlink:label="loc_dnb_c4" />
    <label:label xlink:type="resource" xlink:label="label_dnb_c4" xml:lang="en" xlink:role="http://www.eurofiling.info/xbrl/role/rc-code">020</label:label>
    <gen:arc xlink:type="arc" xlink:arcrole="http://xbrl.org/arcrole/2008/element-label" xlink:from="loc_dnb_c4" xlink:to="label_dnb_c4" />
    <label:label xlink:type="resource" xlink:label="label_dnb_c4_1" xml:lang="nl" xlink:role="http://www.eurofiling.info/xbrl/role/rc-code">020</label:label>
    <gen:arc xlink:type="arc" xlink:arcrole="http://xbrl.org/arcrole/2008/element-label" xlink:from="loc_dnb_c4" xlink:to="label_dnb_c4_1" />
    <link:loc xlink:type="locator" xlink:href="t05.02-rend.xml#dnb_c5" xlink:label="loc_dnb_c5" />
    <label:label xlink:type="resource" xlink:label="label_dnb_c5" xml:lang="en" xlink:role="http://www.eurofiling.info/xbrl/role/rc-code">030</label:label>
    <gen:arc xlink:type="arc" xlink:arcrole="http://xbrl.org/arcrole/2008/element-label" xlink:from="loc_dnb_c5" xlink:to="label_dnb_c5" />
    <label:label xlink:type="resource" xlink:label="label_dnb_c5_1" xml:lang="nl" xlink:role="http://www.eurofiling.info/xbrl/role/rc-code">030</label:label>
    <gen:arc xlink:type="arc" xlink:arcrole="http://xbrl.org/arcrole/2008/element-label" xlink:from="loc_dnb_c5" xlink:to="label_dnb_c5_1" />
    <link:loc xlink:type="locator" xlink:href="t05.02-rend.xml#dnb_c6" xlink:label="loc_dnb_c6" />
    <label:label xlink:type="resource" xlink:label="label_dnb_c6" xml:lang="en" xlink:role="http://www.eurofiling.info/xbrl/role/rc-code">040</label:label>
    <gen:arc xlink:type="arc" xlink:arcrole="http://xbrl.org/arcrole/2008/element-label" xlink:from="loc_dnb_c6" xlink:to="label_dnb_c6" />
    <label:label xlink:type="resource" xlink:label="label_dnb_c6_1" xml:lang="nl" xlink:role="http://www.eurofiling.info/xbrl/role/rc-code">040</label:label>
    <gen:arc xlink:type="arc" xlink:arcrole="http://xbrl.org/arcrole/2008/element-label" xlink:from="loc_dnb_c6" xlink:to="label_dnb_c6_1" />
    <link:loc xlink:type="locator" xlink:href="t05.02-rend.xml#dnb_c7" xlink:label="loc_dnb_c7" />
    <label:label xlink:type="resource" xlink:label="label_dnb_c7" xml:lang="en" xlink:role="http://www.eurofiling.info/xbrl/role/rc-code">050</label:label>
    <gen:arc xlink:type="arc" xlink:arcrole="http://xbrl.org/arcrole/2008/element-label" xlink:from="loc_dnb_c7" xlink:to="label_dnb_c7" />
    <label:label xlink:type="resource" xlink:label="label_dnb_c7_1" xml:lang="nl" xlink:role="http://www.eurofiling.info/xbrl/role/rc-code">050</label:label>
    <gen:arc xlink:type="arc" xlink:arcrole="http://xbrl.org/arcrole/2008/element-label" xlink:from="loc_dnb_c7" xlink:to="label_dnb_c7_1" />
    <link:loc xlink:type="locator" xlink:href="t05.02-rend.xml#dnb_c8" xlink:label="loc_dnb_c8" />
    <label:label xlink:type="resource" xlink:label="label_dnb_c8" xml:lang="en" xlink:role="http://www.eurofiling.info/xbrl/role/rc-code">060</label:label>
    <gen:arc xlink:type="arc" xlink:arcrole="http://xbrl.org/arcrole/2008/element-label" xlink:from="loc_dnb_c8" xlink:to="label_dnb_c8" />
    <label:label xlink:type="resource" xlink:label="label_dnb_c8_1" xml:lang="nl" xlink:role="http://www.eurofiling.info/xbrl/role/rc-code">060</label:label>
    <gen:arc xlink:type="arc" xlink:arcrole="http://xbrl.org/arcrole/2008/element-label" xlink:from="loc_dnb_c8" xlink:to="label_dnb_c8_1" />
    <link:loc xlink:type="locator" xlink:href="t05.02-rend.xml#dnb_c9" xlink:label="loc_dnb_c9" />
    <label:label xlink:type="resource" xlink:label="label_dnb_c9" xml:lang="en" xlink:role="http://www.eurofiling.info/xbrl/role/rc-code">070</label:label>
    <gen:arc xlink:type="arc" xlink:arcrole="http://xbrl.org/arcrole/2008/element-label" xlink:from="loc_dnb_c9" xlink:to="label_dnb_c9" />
    <label:label xlink:type="resource" xlink:label="label_dnb_c9_1" xml:lang="nl" xlink:role="http://www.eurofiling.info/xbrl/role/rc-code">070</label:label>
    <gen:arc xlink:type="arc" xlink:arcrole="http://xbrl.org/arcrole/2008/element-label" xlink:from="loc_dnb_c9" xlink:to="label_dnb_c9_1" />
    <link:loc xlink:type="locator" xlink:href="t05.02-rend.xml#dnb_c10" xlink:label="loc_dnb_c10" />
    <label:label xlink:type="resource" xlink:label="label_dnb_c10" xml:lang="en" xlink:role="http://www.eurofiling.info/xbrl/role/rc-code">080</label:label>
    <gen:arc xlink:type="arc" xlink:arcrole="http://xbrl.org/arcrole/2008/element-label" xlink:from="loc_dnb_c10" xlink:to="label_dnb_c10" />
    <label:label xlink:type="resource" xlink:label="label_dnb_c10_1" xml:lang="nl" xlink:role="http://www.eurofiling.info/xbrl/role/rc-code">080</label:label>
    <gen:arc xlink:type="arc" xlink:arcrole="http://xbrl.org/arcrole/2008/element-label" xlink:from="loc_dnb_c10" xlink:to="label_dnb_c10_1" />
    <link:loc xlink:type="locator" xlink:href="t05.02-rend.xml#dnb_c11" xlink:label="loc_dnb_c11" />
    <label:label xlink:type="resource" xlink:label="label_dnb_c11" xml:lang="en" xlink:role="http://www.eurofiling.info/xbrl/role/rc-code">090</label:label>
    <gen:arc xlink:type="arc" xlink:arcrole="http://xbrl.org/arcrole/2008/element-label" xlink:from="loc_dnb_c11" xlink:to="label_dnb_c11" />
    <label:label xlink:type="resource" xlink:label="label_dnb_c11_1" xml:lang="nl" xlink:role="http://www.eurofiling.info/xbrl/role/rc-code">090</label:label>
    <gen:arc xlink:type="arc" xlink:arcrole="http://xbrl.org/arcrole/2008/element-label" xlink:from="loc_dnb_c11" xlink:to="label_dnb_c11_1" />
    <link:loc xlink:type="locator" xlink:href="t05.02-rend.xml#dnb_c12" xlink:label="loc_dnb_c12" />
    <label:label xlink:type="resource" xlink:label="label_dnb_c12" xml:lang="en" xlink:role="http://www.eurofiling.info/xbrl/role/rc-code">100</label:label>
    <gen:arc xlink:type="arc" xlink:arcrole="http://xbrl.org/arcrole/2008/element-label" xlink:from="loc_dnb_c12" xlink:to="label_dnb_c12" />
    <label:label xlink:type="resource" xlink:label="label_dnb_c12_1" xml:lang="nl" xlink:role="http://www.eurofiling.info/xbrl/role/rc-code">100</label:label>
    <gen:arc xlink:type="arc" xlink:arcrole="http://xbrl.org/arcrole/2008/element-label" xlink:from="loc_dnb_c12" xlink:to="label_dnb_c12_1" />
    <link:loc xlink:type="locator" xlink:href="t05.02-rend.xml#dnb_c13" xlink:label="loc_dnb_c13" />
    <label:label xlink:type="resource" xlink:label="label_dnb_c13" xml:lang="en" xlink:role="http://www.eurofiling.info/xbrl/role/rc-code">110</label:label>
    <gen:arc xlink:type="arc" xlink:arcrole="http://xbrl.org/arcrole/2008/element-label" xlink:from="loc_dnb_c13" xlink:to="label_dnb_c13" />
    <label:label xlink:type="resource" xlink:label="label_dnb_c13_1" xml:lang="nl" xlink:role="http://www.eurofiling.info/xbrl/role/rc-code">110</label:label>
    <gen:arc xlink:type="arc" xlink:arcrole="http://xbrl.org/arcrole/2008/element-label" xlink:from="loc_dnb_c13" xlink:to="label_dnb_c13_1" />
    <link:loc xlink:type="locator" xlink:href="t05.02-rend.xml#dnb_c14" xlink:label="loc_dnb_c14" />
    <label:label xlink:type="resource" xlink:label="label_dnb_c14" xml:lang="en" xlink:role="http://www.eurofiling.info/xbrl/role/rc-code">120</label:label>
    <gen:arc xlink:type="arc" xlink:arcrole="http://xbrl.org/arcrole/2008/element-label" xlink:from="loc_dnb_c14" xlink:to="label_dnb_c14" />
    <label:label xlink:type="resource" xlink:label="label_dnb_c14_1" xml:lang="nl" xlink:role="http://www.eurofiling.info/xbrl/role/rc-code">120</label:label>
    <gen:arc xlink:type="arc" xlink:arcrole="http://xbrl.org/arcrole/2008/element-label" xlink:from="loc_dnb_c14" xlink:to="label_dnb_c14_1" />
    <link:loc xlink:type="locator" xlink:href="t05.02-rend.xml#dnb_c15" xlink:label="loc_dnb_c15" />
    <label:label xlink:type="resource" xlink:label="label_dnb_c15" xml:lang="en" xlink:role="http://www.eurofiling.info/xbrl/role/rc-code">130</label:label>
    <gen:arc xlink:type="arc" xlink:arcrole="http://xbrl.org/arcrole/2008/element-label" xlink:from="loc_dnb_c15" xlink:to="label_dnb_c15" />
    <label:label xlink:type="resource" xlink:label="label_dnb_c15_1" xml:lang="nl" xlink:role="http://www.eurofiling.info/xbrl/role/rc-code">130</label:label>
    <gen:arc xlink:type="arc" xlink:arcrole="http://xbrl.org/arcrole/2008/element-label" xlink:from="loc_dnb_c15" xlink:to="label_dnb_c15_1" />
    <link:loc xlink:type="locator" xlink:href="t05.02-rend.xml#dnb_c16" xlink:label="loc_dnb_c16" />
    <label:label xlink:type="resource" xlink:label="label_dnb_c16" xml:lang="en" xlink:role="http://www.eurofiling.info/xbrl/role/rc-code">140</label:label>
    <gen:arc xlink:type="arc" xlink:arcrole="http://xbrl.org/arcrole/2008/element-label" xlink:from="loc_dnb_c16" xlink:to="label_dnb_c16" />
    <label:label xlink:type="resource" xlink:label="label_dnb_c16_1" xml:lang="nl" xlink:role="http://www.eurofiling.info/xbrl/role/rc-code">140</label:label>
    <gen:arc xlink:type="arc" xlink:arcrole="http://xbrl.org/arcrole/2008/element-label" xlink:from="loc_dnb_c16" xlink:to="label_dnb_c16_1" />
    <link:loc xlink:type="locator" xlink:href="t05.02-rend.xml#dnb_c17" xlink:label="loc_dnb_c17" />
    <label:label xlink:type="resource" xlink:label="label_dnb_c17" xml:lang="en" xlink:role="http://www.eurofiling.info/xbrl/role/rc-code">150</label:label>
    <gen:arc xlink:type="arc" xlink:arcrole="http://xbrl.org/arcrole/2008/element-label" xlink:from="loc_dnb_c17" xlink:to="label_dnb_c17" />
    <label:label xlink:type="resource" xlink:label="label_dnb_c17_1" xml:lang="nl" xlink:role="http://www.eurofiling.info/xbrl/role/rc-code">150</label:label>
    <gen:arc xlink:type="arc" xlink:arcrole="http://xbrl.org/arcrole/2008/element-label" xlink:from="loc_dnb_c17" xlink:to="label_dnb_c17_1" />
    <link:loc xlink:type="locator" xlink:href="t05.02-rend.xml#dnb_c18" xlink:label="loc_dnb_c18" />
    <label:label xlink:type="resource" xlink:label="label_dnb_c18" xml:lang="en" xlink:role="http://www.eurofiling.info/xbrl/role/rc-code">160</label:label>
    <gen:arc xlink:type="arc" xlink:arcrole="http://xbrl.org/arcrole/2008/element-label" xlink:from="loc_dnb_c18" xlink:to="label_dnb_c18" />
    <label:label xlink:type="resource" xlink:label="label_dnb_c18_1" xml:lang="nl" xlink:role="http://www.eurofiling.info/xbrl/role/rc-code">160</label:label>
    <gen:arc xlink:type="arc" xlink:arcrole="http://xbrl.org/arcrole/2008/element-label" xlink:from="loc_dnb_c18" xlink:to="label_dnb_c18_1" />
    <link:loc xlink:type="locator" xlink:href="t05.02-rend.xml#dnb_c19" xlink:label="loc_dnb_c19" />
    <label:label xlink:type="resource" xlink:label="label_dnb_c19" xml:lang="en" xlink:role="http://www.eurofiling.info/xbrl/role/rc-code">170</label:label>
    <gen:arc xlink:type="arc" xlink:arcrole="http://xbrl.org/arcrole/2008/element-label" xlink:from="loc_dnb_c19" xlink:to="label_dnb_c19" />
    <label:label xlink:type="resource" xlink:label="label_dnb_c19_1" xml:lang="nl" xlink:role="http://www.eurofiling.info/xbrl/role/rc-code">170</label:label>
    <gen:arc xlink:type="arc" xlink:arcrole="http://xbrl.org/arcrole/2008/element-label" xlink:from="loc_dnb_c19" xlink:to="label_dnb_c19_1" />
    <link:loc xlink:type="locator" xlink:href="t05.02-rend.xml#dnb_c20" xlink:label="loc_dnb_c20" />
    <label:label xlink:type="resource" xlink:label="label_dnb_c20" xml:lang="en" xlink:role="http://www.eurofiling.info/xbrl/role/rc-code">180</label:label>
    <gen:arc xlink:type="arc" xlink:arcrole="http://xbrl.org/arcrole/2008/element-label" xlink:from="loc_dnb_c20" xlink:to="label_dnb_c20" />
    <label:label xlink:type="resource" xlink:label="label_dnb_c20_1" xml:lang="nl" xlink:role="http://www.eurofiling.info/xbrl/role/rc-code">180</label:label>
    <gen:arc xlink:type="arc" xlink:arcrole="http://xbrl.org/arcrole/2008/element-label" xlink:from="loc_dnb_c20" xlink:to="label_dnb_c20_1" />
    <link:loc xlink:type="locator" xlink:href="t05.02-rend.xml#dnb_c21" xlink:label="loc_dnb_c21" />
    <label:label xlink:type="resource" xlink:label="label_dnb_c21" xml:lang="en" xlink:role="http://www.eurofiling.info/xbrl/role/rc-code">190</label:label>
    <gen:arc xlink:type="arc" xlink:arcrole="http://xbrl.org/arcrole/2008/element-label" xlink:from="loc_dnb_c21" xlink:to="label_dnb_c21" />
    <label:label xlink:type="resource" xlink:label="label_dnb_c21_1" xml:lang="nl" xlink:role="http://www.eurofiling.info/xbrl/role/rc-code">190</label:label>
    <gen:arc xlink:type="arc" xlink:arcrole="http://xbrl.org/arcrole/2008/element-label" xlink:from="loc_dnb_c21" xlink:to="label_dnb_c21_1" />
    <link:loc xlink:type="locator" xlink:href="t05.02-rend.xml#dnb_c22" xlink:label="loc_dnb_c22" />
    <label:label xlink:type="resource" xlink:label="label_dnb_c22" xml:lang="en" xlink:role="http://www.eurofiling.info/xbrl/role/rc-code">200</label:label>
    <gen:arc xlink:type="arc" xlink:arcrole="http://xbrl.org/arcrole/2008/element-label" xlink:from="loc_dnb_c22" xlink:to="label_dnb_c22" />
    <label:label xlink:type="resource" xlink:label="label_dnb_c22_1" xml:lang="nl" xlink:role="http://www.eurofiling.info/xbrl/role/rc-code">200</label:label>
    <gen:arc xlink:type="arc" xlink:arcrole="http://xbrl.org/arcrole/2008/element-label" xlink:from="loc_dnb_c22" xlink:to="label_dnb_c22_1" />
    <link:loc xlink:type="locator" xlink:href="t05.02-rend.xml#dnb_c23" xlink:label="loc_dnb_c23" />
    <label:label xlink:type="resource" xlink:label="label_dnb_c23" xml:lang="en" xlink:role="http://www.eurofiling.info/xbrl/role/rc-code">210</label:label>
    <gen:arc xlink:type="arc" xlink:arcrole="http://xbrl.org/arcrole/2008/element-label" xlink:from="loc_dnb_c23" xlink:to="label_dnb_c23" />
    <label:label xlink:type="resource" xlink:label="label_dnb_c23_1" xml:lang="nl" xlink:role="http://www.eurofiling.info/xbrl/role/rc-code">210</label:label>
    <gen:arc xlink:type="arc" xlink:arcrole="http://xbrl.org/arcrole/2008/element-label" xlink:from="loc_dnb_c23" xlink:to="label_dnb_c23_1" />
    <link:loc xlink:type="locator" xlink:href="t05.02-rend.xml#dnb_c24" xlink:label="loc_dnb_c24" />
    <label:label xlink:type="resource" xlink:label="label_dnb_c24" xml:lang="en" xlink:role="http://www.eurofiling.info/xbrl/role/rc-code">220</label:label>
    <gen:arc xlink:type="arc" xlink:arcrole="http://xbrl.org/arcrole/2008/element-label" xlink:from="loc_dnb_c24" xlink:to="label_dnb_c24" />
    <label:label xlink:type="resource" xlink:label="label_dnb_c24_1" xml:lang="nl" xlink:role="http://www.eurofiling.info/xbrl/role/rc-code">220</label:label>
    <gen:arc xlink:type="arc" xlink:arcrole="http://xbrl.org/arcrole/2008/element-label" xlink:from="loc_dnb_c24" xlink:to="label_dnb_c24_1" />
    <link:loc xlink:type="locator" xlink:href="t05.02-rend.xml#dnb_c25" xlink:label="loc_dnb_c25" />
    <label:label xlink:type="resource" xlink:label="label_dnb_c25" xml:lang="en" xlink:role="http://www.eurofiling.info/xbrl/role/rc-code">230</label:label>
    <gen:arc xlink:type="arc" xlink:arcrole="http://xbrl.org/arcrole/2008/element-label" xlink:from="loc_dnb_c25" xlink:to="label_dnb_c25" />
    <label:label xlink:type="resource" xlink:label="label_dnb_c25_1" xml:lang="nl" xlink:role="http://www.eurofiling.info/xbrl/role/rc-code">230</label:label>
    <gen:arc xlink:type="arc" xlink:arcrole="http://xbrl.org/arcrole/2008/element-label" xlink:from="loc_dnb_c25" xlink:to="label_dnb_c25_1" />
    <link:loc xlink:type="locator" xlink:href="t05.02-rend.xml#dnb_c26" xlink:label="loc_dnb_c26" />
    <label:label xlink:type="resource" xlink:label="label_dnb_c26" xml:lang="en" xlink:role="http://www.eurofiling.info/xbrl/role/rc-code">240</label:label>
    <gen:arc xlink:type="arc" xlink:arcrole="http://xbrl.org/arcrole/2008/element-label" xlink:from="loc_dnb_c26" xlink:to="label_dnb_c26" />
    <label:label xlink:type="resource" xlink:label="label_dnb_c26_1" xml:lang="nl" xlink:role="http://www.eurofiling.info/xbrl/role/rc-code">240</label:label>
    <gen:arc xlink:type="arc" xlink:arcrole="http://xbrl.org/arcrole/2008/element-label" xlink:from="loc_dnb_c26" xlink:to="label_dnb_c26_1" />
    <link:loc xlink:type="locator" xlink:href="t05.02-rend.xml#dnb_c27" xlink:label="loc_dnb_c27" />
    <label:label xlink:type="resource" xlink:label="label_dnb_c27" xml:lang="en" xlink:role="http://www.eurofiling.info/xbrl/role/rc-code">250</label:label>
    <gen:arc xlink:type="arc" xlink:arcrole="http://xbrl.org/arcrole/2008/element-label" xlink:from="loc_dnb_c27" xlink:to="label_dnb_c27" />
    <label:label xlink:type="resource" xlink:label="label_dnb_c27_1" xml:lang="nl" xlink:role="http://www.eurofiling.info/xbrl/role/rc-code">250</label:label>
    <gen:arc xlink:type="arc" xlink:arcrole="http://xbrl.org/arcrole/2008/element-label" xlink:from="loc_dnb_c27" xlink:to="label_dnb_c27_1" />
    <link:loc xlink:type="locator" xlink:href="t05.02-rend.xml#dnb_c28" xlink:label="loc_dnb_c28" />
    <label:label xlink:type="resource" xlink:label="label_dnb_c28" xml:lang="en" xlink:role="http://www.eurofiling.info/xbrl/role/rc-code">260</label:label>
    <gen:arc xlink:type="arc" xlink:arcrole="http://xbrl.org/arcrole/2008/element-label" xlink:from="loc_dnb_c28" xlink:to="label_dnb_c28" />
    <label:label xlink:type="resource" xlink:label="label_dnb_c28_1" xml:lang="nl" xlink:role="http://www.eurofiling.info/xbrl/role/rc-code">260</label:label>
    <gen:arc xlink:type="arc" xlink:arcrole="http://xbrl.org/arcrole/2008/element-label" xlink:from="loc_dnb_c28" xlink:to="label_dnb_c28_1" />
    <link:loc xlink:type="locator" xlink:href="t05.02-rend.xml#dnb_c29" xlink:label="loc_dnb_c29" />
    <label:label xlink:type="resource" xlink:label="label_dnb_c29" xml:lang="en" xlink:role="http://www.eurofiling.info/xbrl/role/rc-code">270</label:label>
    <gen:arc xlink:type="arc" xlink:arcrole="http://xbrl.org/arcrole/2008/element-label" xlink:from="loc_dnb_c29" xlink:to="label_dnb_c29" />
    <label:label xlink:type="resource" xlink:label="label_dnb_c29_1" xml:lang="nl" xlink:role="http://www.eurofiling.info/xbrl/role/rc-code">270</label:label>
    <gen:arc xlink:type="arc" xlink:arcrole="http://xbrl.org/arcrole/2008/element-label" xlink:from="loc_dnb_c29" xlink:to="label_dnb_c29_1" />
    <link:loc xlink:type="locator" xlink:href="t05.02-rend.xml#dnb_c30" xlink:label="loc_dnb_c30" />
    <label:label xlink:type="resource" xlink:label="label_dnb_c30" xml:lang="en" xlink:role="http://www.eurofiling.info/xbrl/role/rc-code">280</label:label>
    <gen:arc xlink:type="arc" xlink:arcrole="http://xbrl.org/arcrole/2008/element-label" xlink:from="loc_dnb_c30" xlink:to="label_dnb_c30" />
    <label:label xlink:type="resource" xlink:label="label_dnb_c30_1" xml:lang="nl" xlink:role="http://www.eurofiling.info/xbrl/role/rc-code">280</label:label>
    <gen:arc xlink:type="arc" xlink:arcrole="http://xbrl.org/arcrole/2008/element-label" xlink:from="loc_dnb_c30" xlink:to="label_dnb_c30_1" />
    <link:loc xlink:type="locator" xlink:href="t05.02-rend.xml#dnb_c31" xlink:label="loc_dnb_c31" />
    <label:label xlink:type="resource" xlink:label="label_dnb_c31" xml:lang="en" xlink:role="http://www.eurofiling.info/xbrl/role/rc-code">290</label:label>
    <gen:arc xlink:type="arc" xlink:arcrole="http://xbrl.org/arcrole/2008/element-label" xlink:from="loc_dnb_c31" xlink:to="label_dnb_c31" />
    <label:label xlink:type="resource" xlink:label="label_dnb_c31_1" xml:lang="nl" xlink:role="http://www.eurofiling.info/xbrl/role/rc-code">290</label:label>
    <gen:arc xlink:type="arc" xlink:arcrole="http://xbrl.org/arcrole/2008/element-label" xlink:from="loc_dnb_c31" xlink:to="label_dnb_c31_1" />
    <link:loc xlink:type="locator" xlink:href="t05.02-rend.xml#dnb_c32" xlink:label="loc_dnb_c32" />
    <label:label xlink:type="resource" xlink:label="label_dnb_c32" xml:lang="en" xlink:role="http://www.eurofiling.info/xbrl/role/rc-code">300</label:label>
    <gen:arc xlink:type="arc" xlink:arcrole="http://xbrl.org/arcrole/2008/element-label" xlink:from="loc_dnb_c32" xlink:to="label_dnb_c32" />
    <label:label xlink:type="resource" xlink:label="label_dnb_c32_1" xml:lang="nl" xlink:role="http://www.eurofiling.info/xbrl/role/rc-code">300</label:label>
    <gen:arc xlink:type="arc" xlink:arcrole="http://xbrl.org/arcrole/2008/element-label" xlink:from="loc_dnb_c32" xlink:to="label_dnb_c32_1" />
    <link:loc xlink:type="locator" xlink:href="t05.02-rend.xml#dnb_c33" xlink:label="loc_dnb_c33" />
    <label:label xlink:type="resource" xlink:label="label_dnb_c33" xml:lang="en" xlink:role="http://www.eurofiling.info/xbrl/role/rc-code">310</label:label>
    <gen:arc xlink:type="arc" xlink:arcrole="http://xbrl.org/arcrole/2008/element-label" xlink:from="loc_dnb_c33" xlink:to="label_dnb_c33" />
    <label:label xlink:type="resource" xlink:label="label_dnb_c33_1" xml:lang="nl" xlink:role="http://www.eurofiling.info/xbrl/role/rc-code">310</label:label>
    <gen:arc xlink:type="arc" xlink:arcrole="http://xbrl.org/arcrole/2008/element-label" xlink:from="loc_dnb_c33" xlink:to="label_dnb_c33_1" />
    <link:loc xlink:type="locator" xlink:href="t05.02-rend.xml#dnb_c34" xlink:label="loc_dnb_c34" />
    <label:label xlink:type="resource" xlink:label="label_dnb_c34" xml:lang="en" xlink:role="http://www.eurofiling.info/xbrl/role/rc-code">320</label:label>
    <gen:arc xlink:type="arc" xlink:arcrole="http://xbrl.org/arcrole/2008/element-label" xlink:from="loc_dnb_c34" xlink:to="label_dnb_c34" />
    <label:label xlink:type="resource" xlink:label="label_dnb_c34_1" xml:lang="nl" xlink:role="http://www.eurofiling.info/xbrl/role/rc-code">320</label:label>
    <gen:arc xlink:type="arc" xlink:arcrole="http://xbrl.org/arcrole/2008/element-label" xlink:from="loc_dnb_c34" xlink:to="label_dnb_c34_1" />
    <link:loc xlink:type="locator" xlink:href="t05.02-rend.xml#dnb_c35" xlink:label="loc_dnb_c35" />
    <label:label xlink:type="resource" xlink:label="label_dnb_c35" xml:lang="en" xlink:role="http://www.eurofiling.info/xbrl/role/rc-code">330</label:label>
    <gen:arc xlink:type="arc" xlink:arcrole="http://xbrl.org/arcrole/2008/element-label" xlink:from="loc_dnb_c35" xlink:to="label_dnb_c35" />
    <label:label xlink:type="resource" xlink:label="label_dnb_c35_1" xml:lang="nl" xlink:role="http://www.eurofiling.info/xbrl/role/rc-code">330</label:label>
    <gen:arc xlink:type="arc" xlink:arcrole="http://xbrl.org/arcrole/2008/element-label" xlink:from="loc_dnb_c35" xlink:to="label_dnb_c35_1" />
    <link:loc xlink:type="locator" xlink:href="t05.02-rend.xml#dnb_c36" xlink:label="loc_dnb_c36" />
    <label:label xlink:type="resource" xlink:label="label_dnb_c36" xml:lang="en" xlink:role="http://www.eurofiling.info/xbrl/role/rc-code">340</label:label>
    <gen:arc xlink:type="arc" xlink:arcrole="http://xbrl.org/arcrole/2008/element-label" xlink:from="loc_dnb_c36" xlink:to="label_dnb_c36" />
    <label:label xlink:type="resource" xlink:label="label_dnb_c36_1" xml:lang="nl" xlink:role="http://www.eurofiling.info/xbrl/role/rc-code">340</label:label>
    <gen:arc xlink:type="arc" xlink:arcrole="http://xbrl.org/arcrole/2008/element-label" xlink:from="loc_dnb_c36" xlink:to="label_dnb_c36_1" />
    <link:loc xlink:type="locator" xlink:href="t05.02-rend.xml#dnb_c37" xlink:label="loc_dnb_c37" />
    <label:label xlink:type="resource" xlink:label="label_dnb_c37" xml:lang="en" xlink:role="http://www.eurofiling.info/xbrl/role/rc-code">350</label:label>
    <gen:arc xlink:type="arc" xlink:arcrole="http://xbrl.org/arcrole/2008/element-label" xlink:from="loc_dnb_c37" xlink:to="label_dnb_c37" />
    <label:label xlink:type="resource" xlink:label="label_dnb_c37_1" xml:lang="nl" xlink:role="http://www.eurofiling.info/xbrl/role/rc-code">350</label:label>
    <gen:arc xlink:type="arc" xlink:arcrole="http://xbrl.org/arcrole/2008/element-label" xlink:from="loc_dnb_c37" xlink:to="label_dnb_c37_1" />
    <link:loc xlink:type="locator" xlink:href="t05.02-rend.xml#dnb_c38" xlink:label="loc_dnb_c38" />
    <label:label xlink:type="resource" xlink:label="label_dnb_c38" xml:lang="en" xlink:role="http://www.eurofiling.info/xbrl/role/rc-code">360</label:label>
    <gen:arc xlink:type="arc" xlink:arcrole="http://xbrl.org/arcrole/2008/element-label" xlink:from="loc_dnb_c38" xlink:to="label_dnb_c38" />
    <label:label xlink:type="resource" xlink:label="label_dnb_c38_1" xml:lang="nl" xlink:role="http://www.eurofiling.info/xbrl/role/rc-code">360</label:label>
    <gen:arc xlink:type="arc" xlink:arcrole="http://xbrl.org/arcrole/2008/element-label" xlink:from="loc_dnb_c38" xlink:to="label_dnb_c38_1" />
  </gen:link>
</link:linkbase>