﻿<?xml version="1.0" encoding="utf-8"?>
<!--© DNB-->
<!--Taxonomy Creation Date UTC 2025-05-21T09:34:14+02:00-->
<link:linkbase xmlns:xsi="http://www.w3.org/2001/XMLSchema-instance" xmlns:xlink="http://www.w3.org/1999/xlink" xmlns:link="http://www.xbrl.org/2003/linkbase" xmlns:xbrldt="http://xbrl.org/2005/xbrldt" xsi:schemaLocation="http://www.xbrl.org/2003/linkbase http://www.xbrl.org/2003/xbrl-linkbase-2003-12-31.xsd http://xbrl.org/2005/xbrldt http://www.xbrl.org/2005/xbrldt-2005.xsd">
  <link:arcroleRef arcroleURI="http://xbrl.org/int/dim/arcrole/all" xlink:type="simple" xlink:href="http://www.xbrl.org/2005/xbrldt-2005.xsd#all" />
  <link:arcroleRef arcroleURI="http://xbrl.org/int/dim/arcrole/hypercube-dimension" xlink:type="simple" xlink:href="http://www.xbrl.org/2005/xbrldt-2005.xsd#hypercube-dimension" />
  <link:arcroleRef arcroleURI="http://xbrl.org/int/dim/arcrole/dimension-domain" xlink:type="simple" xlink:href="http://www.xbrl.org/2005/xbrldt-2005.xsd#dimension-domain" />
  <link:arcroleRef arcroleURI="http://xbrl.org/int/dim/arcrole/domain-member" xlink:type="simple" xlink:href="http://www.xbrl.org/2005/xbrldt-2005.xsd#domain-member" />
  <link:roleRef roleURI="http://www.dnb.nl/xbrl/role/fws/DNB-NR/pay-2022-01/2025-12-31/tab/T04.02/1" xlink:type="simple" xlink:href="t04.02.xsd#role1" />
  <link:definitionLink xlink:type="extended" xlink:role="http://www.dnb.nl/xbrl/role/fws/DNB-NR/pay-2022-01/2025-12-31/tab/T04.02/1">
    <link:loc xlink:type="locator" xlink:href="http://www.eurofiling.info/eu/fr/xbrl/ext/model.xsd#hyp" xlink:label="loc_hyp" />
    <link:loc xlink:type="locator" xlink:href="../../../../../../dict/met/met.xsd#dnb_ii003" xlink:label="loc_dnb_ii003" />
    <link:definitionArc xlink:type="arc" xlink:arcrole="http://xbrl.org/int/dim/arcrole/all" xlink:from="loc_dnb_ii003" xlink:to="loc_hyp" xbrldt:closed="true" xbrldt:contextElement="scenario" order="1" />
    <link:loc xlink:type="locator" xlink:href="../../../../../../dict/dim/dim.xsd#dnb_dim044" xlink:label="loc_dnb_dim044" />
    <link:definitionArc xlink:type="arc" xlink:arcrole="http://xbrl.org/int/dim/arcrole/hypercube-dimension" xlink:from="loc_hyp" xlink:to="loc_dnb_dim044" order="1" />
    <link:loc xlink:type="locator" xlink:href="../../../../../../dict/dom/exp.xsd#dnb_dom030" xlink:label="loc_dnb_dim044_dom030" />
    <link:definitionArc xlink:type="arc" xlink:arcrole="http://xbrl.org/int/dim/arcrole/dimension-domain" xlink:from="loc_dnb_dim044" xlink:to="loc_dnb_dim044_dom030" xbrldt:usable="false" order="1" />
    <link:loc xlink:type="locator" xlink:href="../../../../../../dict/dom/dom030/mem.xsd#dnb_mem014" xlink:label="loc_dnb_dim044_mem014" />
    <link:definitionArc xlink:type="arc" xlink:arcrole="http://xbrl.org/int/dim/arcrole/domain-member" xlink:from="loc_dnb_dim044_dom030" xlink:to="loc_dnb_dim044_mem014" order="1" />
    <link:loc xlink:type="locator" xlink:href="../../../../../../dict/dom/dom030/mem.xsd#dnb_mem021" xlink:label="loc_dnb_dim044_mem021" />
    <link:definitionArc xlink:type="arc" xlink:arcrole="http://xbrl.org/int/dim/arcrole/domain-member" xlink:from="loc_dnb_dim044_dom030" xlink:to="loc_dnb_dim044_mem021" order="2" />
    <link:loc xlink:type="locator" xlink:href="../../../../../../dict/dom/dom030/mem.xsd#dnb_mem034" xlink:label="loc_dnb_dim044_mem034" />
    <link:definitionArc xlink:type="arc" xlink:arcrole="http://xbrl.org/int/dim/arcrole/domain-member" xlink:from="loc_dnb_dim044_dom030" xlink:to="loc_dnb_dim044_mem034" order="3" />
    <link:loc xlink:type="locator" xlink:href="../../../../../../dict/dom/dom030/mem.xsd#dnb_mem055" xlink:label="loc_dnb_dim044_mem055" />
    <link:definitionArc xlink:type="arc" xlink:arcrole="http://xbrl.org/int/dim/arcrole/domain-member" xlink:from="loc_dnb_dim044_dom030" xlink:to="loc_dnb_dim044_mem055" order="4" />
    <link:loc xlink:type="locator" xlink:href="../../../../../../dict/dom/dom030/mem.xsd#dnb_mem058" xlink:label="loc_dnb_dim044_mem058" />
    <link:definitionArc xlink:type="arc" xlink:arcrole="http://xbrl.org/int/dim/arcrole/domain-member" xlink:from="loc_dnb_dim044_dom030" xlink:to="loc_dnb_dim044_mem058" order="5" />
    <link:loc xlink:type="locator" xlink:href="../../../../../../dict/dom/dom030/mem.xsd#dnb_mem059" xlink:label="loc_dnb_dim044_mem059" />
    <link:definitionArc xlink:type="arc" xlink:arcrole="http://xbrl.org/int/dim/arcrole/domain-member" xlink:from="loc_dnb_dim044_dom030" xlink:to="loc_dnb_dim044_mem059" order="6" />
    <link:loc xlink:type="locator" xlink:href="../../../../../../dict/dom/dom030/mem.xsd#dnb_mem060" xlink:label="loc_dnb_dim044_mem060" />
    <link:definitionArc xlink:type="arc" xlink:arcrole="http://xbrl.org/int/dim/arcrole/domain-member" xlink:from="loc_dnb_dim044_dom030" xlink:to="loc_dnb_dim044_mem060" order="7" />
    <link:loc xlink:type="locator" xlink:href="../../../../../../dict/dom/dom030/mem.xsd#dnb_mem070" xlink:label="loc_dnb_dim044_mem070" />
    <link:definitionArc xlink:type="arc" xlink:arcrole="http://xbrl.org/int/dim/arcrole/domain-member" xlink:from="loc_dnb_dim044_dom030" xlink:to="loc_dnb_dim044_mem070" order="8" />
    <link:loc xlink:type="locator" xlink:href="../../../../../../dict/dom/dom030/mem.xsd#dnb_mem077" xlink:label="loc_dnb_dim044_mem077" />
    <link:definitionArc xlink:type="arc" xlink:arcrole="http://xbrl.org/int/dim/arcrole/domain-member" xlink:from="loc_dnb_dim044_dom030" xlink:to="loc_dnb_dim044_mem077" order="9" />
    <link:loc xlink:type="locator" xlink:href="../../../../../../dict/dom/dom030/mem.xsd#dnb_mem078" xlink:label="loc_dnb_dim044_mem078" />
    <link:definitionArc xlink:type="arc" xlink:arcrole="http://xbrl.org/int/dim/arcrole/domain-member" xlink:from="loc_dnb_dim044_dom030" xlink:to="loc_dnb_dim044_mem078" order="10" />
    <link:loc xlink:type="locator" xlink:href="../../../../../../dict/dom/dom030/mem.xsd#dnb_mem085" xlink:label="loc_dnb_dim044_mem085" />
    <link:definitionArc xlink:type="arc" xlink:arcrole="http://xbrl.org/int/dim/arcrole/domain-member" xlink:from="loc_dnb_dim044_dom030" xlink:to="loc_dnb_dim044_mem085" order="11" />
    <link:loc xlink:type="locator" xlink:href="../../../../../../dict/dom/dom030/mem.xsd#dnb_mem088" xlink:label="loc_dnb_dim044_mem088" />
    <link:definitionArc xlink:type="arc" xlink:arcrole="http://xbrl.org/int/dim/arcrole/domain-member" xlink:from="loc_dnb_dim044_dom030" xlink:to="loc_dnb_dim044_mem088" order="12" />
    <link:loc xlink:type="locator" xlink:href="../../../../../../dict/dom/dom030/mem.xsd#dnb_mem103" xlink:label="loc_dnb_dim044_mem103" />
    <link:definitionArc xlink:type="arc" xlink:arcrole="http://xbrl.org/int/dim/arcrole/domain-member" xlink:from="loc_dnb_dim044_dom030" xlink:to="loc_dnb_dim044_mem103" order="13" />
    <link:loc xlink:type="locator" xlink:href="../../../../../../dict/dom/dom030/mem.xsd#dnb_mem104" xlink:label="loc_dnb_dim044_mem104" />
    <link:definitionArc xlink:type="arc" xlink:arcrole="http://xbrl.org/int/dim/arcrole/domain-member" xlink:from="loc_dnb_dim044_dom030" xlink:to="loc_dnb_dim044_mem104" order="14" />
    <link:loc xlink:type="locator" xlink:href="../../../../../../dict/dom/dom030/mem.xsd#dnb_mem109" xlink:label="loc_dnb_dim044_mem109" />
    <link:definitionArc xlink:type="arc" xlink:arcrole="http://xbrl.org/int/dim/arcrole/domain-member" xlink:from="loc_dnb_dim044_dom030" xlink:to="loc_dnb_dim044_mem109" order="15" />
    <link:loc xlink:type="locator" xlink:href="../../../../../../dict/dom/dom030/mem.xsd#dnb_mem111" xlink:label="loc_dnb_dim044_mem111" />
    <link:definitionArc xlink:type="arc" xlink:arcrole="http://xbrl.org/int/dim/arcrole/domain-member" xlink:from="loc_dnb_dim044_dom030" xlink:to="loc_dnb_dim044_mem111" order="16" />
    <link:loc xlink:type="locator" xlink:href="../../../../../../dict/dom/dom030/mem.xsd#dnb_mem125" xlink:label="loc_dnb_dim044_mem125" />
    <link:definitionArc xlink:type="arc" xlink:arcrole="http://xbrl.org/int/dim/arcrole/domain-member" xlink:from="loc_dnb_dim044_dom030" xlink:to="loc_dnb_dim044_mem125" order="17" />
    <link:loc xlink:type="locator" xlink:href="../../../../../../dict/dom/dom030/mem.xsd#dnb_mem130" xlink:label="loc_dnb_dim044_mem130" />
    <link:definitionArc xlink:type="arc" xlink:arcrole="http://xbrl.org/int/dim/arcrole/domain-member" xlink:from="loc_dnb_dim044_dom030" xlink:to="loc_dnb_dim044_mem130" order="18" />
    <link:loc xlink:type="locator" xlink:href="../../../../../../dict/dom/dom030/mem.xsd#dnb_mem131" xlink:label="loc_dnb_dim044_mem131" />
    <link:definitionArc xlink:type="arc" xlink:arcrole="http://xbrl.org/int/dim/arcrole/domain-member" xlink:from="loc_dnb_dim044_dom030" xlink:to="loc_dnb_dim044_mem131" order="19" />
    <link:loc xlink:type="locator" xlink:href="../../../../../../dict/dom/dom030/mem.xsd#dnb_mem132" xlink:label="loc_dnb_dim044_mem132" />
    <link:definitionArc xlink:type="arc" xlink:arcrole="http://xbrl.org/int/dim/arcrole/domain-member" xlink:from="loc_dnb_dim044_dom030" xlink:to="loc_dnb_dim044_mem132" order="20" />
    <link:loc xlink:type="locator" xlink:href="../../../../../../dict/dom/dom030/mem.xsd#dnb_mem140" xlink:label="loc_dnb_dim044_mem140" />
    <link:definitionArc xlink:type="arc" xlink:arcrole="http://xbrl.org/int/dim/arcrole/domain-member" xlink:from="loc_dnb_dim044_dom030" xlink:to="loc_dnb_dim044_mem140" order="21" />
    <link:loc xlink:type="locator" xlink:href="../../../../../../dict/dom/dom030/mem.xsd#dnb_mem169" xlink:label="loc_dnb_dim044_mem169" />
    <link:definitionArc xlink:type="arc" xlink:arcrole="http://xbrl.org/int/dim/arcrole/domain-member" xlink:from="loc_dnb_dim044_dom030" xlink:to="loc_dnb_dim044_mem169" order="22" />
    <link:loc xlink:type="locator" xlink:href="../../../../../../dict/dom/dom030/mem.xsd#dnb_mem180" xlink:label="loc_dnb_dim044_mem180" />
    <link:definitionArc xlink:type="arc" xlink:arcrole="http://xbrl.org/int/dim/arcrole/domain-member" xlink:from="loc_dnb_dim044_dom030" xlink:to="loc_dnb_dim044_mem180" order="23" />
    <link:loc xlink:type="locator" xlink:href="../../../../../../dict/dom/dom030/mem.xsd#dnb_mem181" xlink:label="loc_dnb_dim044_mem181" />
    <link:definitionArc xlink:type="arc" xlink:arcrole="http://xbrl.org/int/dim/arcrole/domain-member" xlink:from="loc_dnb_dim044_dom030" xlink:to="loc_dnb_dim044_mem181" order="24" />
    <link:loc xlink:type="locator" xlink:href="../../../../../../dict/dom/dom030/mem.xsd#dnb_mem185" xlink:label="loc_dnb_dim044_mem185" />
    <link:definitionArc xlink:type="arc" xlink:arcrole="http://xbrl.org/int/dim/arcrole/domain-member" xlink:from="loc_dnb_dim044_dom030" xlink:to="loc_dnb_dim044_mem185" order="25" />
    <link:loc xlink:type="locator" xlink:href="../../../../../../dict/dom/dom030/mem.xsd#dnb_mem206" xlink:label="loc_dnb_dim044_mem206" />
    <link:definitionArc xlink:type="arc" xlink:arcrole="http://xbrl.org/int/dim/arcrole/domain-member" xlink:from="loc_dnb_dim044_dom030" xlink:to="loc_dnb_dim044_mem206" order="26" />
    <link:loc xlink:type="locator" xlink:href="../../../../../../dict/dom/dom030/mem.xsd#dnb_mem207" xlink:label="loc_dnb_dim044_mem207" />
    <link:definitionArc xlink:type="arc" xlink:arcrole="http://xbrl.org/int/dim/arcrole/domain-member" xlink:from="loc_dnb_dim044_dom030" xlink:to="loc_dnb_dim044_mem207" order="27" />
    <link:loc xlink:type="locator" xlink:href="../../../../../../dict/dom/dom030/mem.xsd#dnb_mem213" xlink:label="loc_dnb_dim044_mem213" />
    <link:definitionArc xlink:type="arc" xlink:arcrole="http://xbrl.org/int/dim/arcrole/domain-member" xlink:from="loc_dnb_dim044_dom030" xlink:to="loc_dnb_dim044_mem213" order="28" />
    <link:loc xlink:type="locator" xlink:href="../../../../../../dict/dom/dom030/mem.xsd#dnb_mem219" xlink:label="loc_dnb_dim044_mem219" />
    <link:definitionArc xlink:type="arc" xlink:arcrole="http://xbrl.org/int/dim/arcrole/domain-member" xlink:from="loc_dnb_dim044_dom030" xlink:to="loc_dnb_dim044_mem219" order="29" />
    <link:loc xlink:type="locator" xlink:href="../../../../../../dict/dom/dom030/mem.xsd#dnb_mem273" xlink:label="loc_dnb_dim044_mem273" />
    <link:definitionArc xlink:type="arc" xlink:arcrole="http://xbrl.org/int/dim/arcrole/domain-member" xlink:from="loc_dnb_dim044_dom030" xlink:to="loc_dnb_dim044_mem273" order="30" />
    <link:loc xlink:type="locator" xlink:href="../../../../../../dict/dom/dom030/mem.xsd#dnb_mem275" xlink:label="loc_dnb_dim044_mem275" />
    <link:definitionArc xlink:type="arc" xlink:arcrole="http://xbrl.org/int/dim/arcrole/domain-member" xlink:from="loc_dnb_dim044_dom030" xlink:to="loc_dnb_dim044_mem275" order="31" />
    <link:loc xlink:type="locator" xlink:href="../../../../../../dict/dim/dim.xsd#dnb_dim209" xlink:label="loc_dnb_dim209" />
    <link:definitionArc xlink:type="arc" xlink:arcrole="http://xbrl.org/int/dim/arcrole/hypercube-dimension" xlink:from="loc_hyp" xlink:to="loc_dnb_dim209" order="2" />
    <link:loc xlink:type="locator" xlink:href="../../../../../../dict/dom/exp.xsd#dnb_dom118" xlink:label="loc_dnb_dim209_dom118" />
    <link:definitionArc xlink:type="arc" xlink:arcrole="http://xbrl.org/int/dim/arcrole/dimension-domain" xlink:from="loc_dnb_dim209" xlink:to="loc_dnb_dim209_dom118" xbrldt:usable="false" order="1" />
    <link:loc xlink:type="locator" xlink:href="../../../../../../dict/dom/dom118/mem.xsd#dnb_mem003" xlink:label="loc_dnb_dim209_mem003" />
    <link:definitionArc xlink:type="arc" xlink:arcrole="http://xbrl.org/int/dim/arcrole/domain-member" xlink:from="loc_dnb_dim209_dom118" xlink:to="loc_dnb_dim209_mem003" order="1" />
    <link:loc xlink:type="locator" xlink:href="../../../../../../dict/dim/dim.xsd#dnb_dim099" xlink:label="loc_dnb_dim099" />
    <link:definitionArc xlink:type="arc" xlink:arcrole="http://xbrl.org/int/dim/arcrole/hypercube-dimension" xlink:from="loc_hyp" xlink:to="loc_dnb_dim099" order="3" />
    <link:loc xlink:type="locator" xlink:href="../../../../../../dict/dom/exp.xsd#dnb_dom032" xlink:label="loc_dnb_dim099_dom032" />
    <link:definitionArc xlink:type="arc" xlink:arcrole="http://xbrl.org/int/dim/arcrole/dimension-domain" xlink:from="loc_dnb_dim099" xlink:to="loc_dnb_dim099_dom032" xbrldt:usable="false" order="1" />
    <link:loc xlink:type="locator" xlink:href="../../../../../../dict/dom/dom032/mem.xsd#dnb_mem001" xlink:label="loc_dnb_dim099_mem001" />
    <link:definitionArc xlink:type="arc" xlink:arcrole="http://xbrl.org/int/dim/arcrole/domain-member" xlink:from="loc_dnb_dim099_dom032" xlink:to="loc_dnb_dim099_mem001" order="1" />
    <link:loc xlink:type="locator" xlink:href="../../../../../../dict/dim/dim.xsd#dnb_dim216" xlink:label="loc_dnb_dim216" />
    <link:definitionArc xlink:type="arc" xlink:arcrole="http://xbrl.org/int/dim/arcrole/hypercube-dimension" xlink:from="loc_hyp" xlink:to="loc_dnb_dim216" order="4" />
    <link:loc xlink:type="locator" xlink:href="../../../../../../dict/dom/exp.xsd#dnb_dom123" xlink:label="loc_dnb_dim216_dom123" />
    <link:definitionArc xlink:type="arc" xlink:arcrole="http://xbrl.org/int/dim/arcrole/dimension-domain" xlink:from="loc_dnb_dim216" xlink:to="loc_dnb_dim216_dom123" xbrldt:usable="false" order="1" />
    <link:loc xlink:type="locator" xlink:href="../../../../../../dict/dom/dom123/mem.xsd#dnb_mem001" xlink:label="loc_dnb_dim216_mem001" />
    <link:definitionArc xlink:type="arc" xlink:arcrole="http://xbrl.org/int/dim/arcrole/domain-member" xlink:from="loc_dnb_dim216_dom123" xlink:to="loc_dnb_dim216_mem001" order="1" />
    <link:loc xlink:type="locator" xlink:href="../../../../../../dict/dom/dom123/mem.xsd#dnb_mem008" xlink:label="loc_dnb_dim216_mem008" />
    <link:definitionArc xlink:type="arc" xlink:arcrole="http://xbrl.org/int/dim/arcrole/domain-member" xlink:from="loc_dnb_dim216_dom123" xlink:to="loc_dnb_dim216_mem008" order="2" />
  </link:definitionLink>
</link:linkbase>