﻿<?xml version="1.0" encoding="utf-8"?>
<!--© DNB-->
<!--Taxonomy Creation Date UTC 2025-05-21T09:34:14+02:00-->
<tp:taxonomyPackage xml:lang="en" xsi:schemaLocation="http://xbrl.org/2016/taxonomy-package http://www.xbrl.org/2016/taxonomy-package.xsd" xmlns:xsi="http://www.w3.org/2001/XMLSchema-instance" xmlns:tp="http://xbrl.org/2016/taxonomy-package">
  <tp:identifier>urn:dnb:xbrl:pay:2.2.0</tp:identifier>
  <tp:name xml:lang="en">PAY</tp:name>
  <tp:description xml:lang="en">PAY 2.2.0</tp:description>
  <tp:version>2.2.0</tp:version>
  <tp:publisher xml:lang="en">De Nederlandsche Bank</tp:publisher>
  <tp:publisherURL >http://www.dnb.nl/</tp:publisherURL>
  <tp:publisherCountry >NL</tp:publisherCountry>
  <tp:publicationDate>2025-12-31</tp:publicationDate>
  <tp:entryPoints>
    <tp:entryPoint>
      <tp:name>PAY-ALL</tp:name>
      <tp:description>Module with all tables</tp:description>
      <tp:entryPointDocument href="http://www.dnb.nl/nl/fr/xbrl/fws/dnb-nr/pay-2022-01/2025-12-31/mod/pay-all.xsd"/>
    </tp:entryPoint>
    <tp:entryPoint>
      <tp:name>PAY-CH</tp:name>
      <tp:description>Payments Statistics - Core half-yearly</tp:description>
      <tp:entryPointDocument href="http://www.dnb.nl/nl/fr/xbrl/fws/dnb-nr/pay-2022-01/2025-12-31/mod/pay-ch.xsd"/>
    </tp:entryPoint>
    <tp:entryPoint>
      <tp:name>PAY-CQ</tp:name>
      <tp:description>Payment Statistics - Core quarterly</tp:description>
      <tp:entryPointDocument href="http://www.dnb.nl/nl/fr/xbrl/fws/dnb-nr/pay-2022-01/2025-12-31/mod/pay-cq.xsd"/>
    </tp:entryPoint>
    <tp:entryPoint>
      <tp:name>PAY-D</tp:name>
      <tp:description>Payments Statistics - Derogation</tp:description>
      <tp:entryPointDocument href="http://www.dnb.nl/nl/fr/xbrl/fws/dnb-nr/pay-2022-01/2025-12-31/mod/pay-d.xsd"/>
    </tp:entryPoint>
    <tp:entryPoint>
      <tp:name>PAY-PSO-L</tp:name>
      <tp:description>Payments Statistics - LVPS</tp:description>
      <tp:entryPointDocument href="http://www.dnb.nl/nl/fr/xbrl/fws/dnb-nr/pay-2022-01/2025-12-31/mod/pay-pso-l.xsd"/>
    </tp:entryPoint>
    <tp:entryPoint>
      <tp:name>PAY-PSO-R</tp:name>
      <tp:description>Payments Statistics - RPS</tp:description>
      <tp:entryPointDocument href="http://www.dnb.nl/nl/fr/xbrl/fws/dnb-nr/pay-2022-01/2025-12-31/mod/pay-pso-r.xsd"/>
    </tp:entryPoint>
    <tp:entryPoint>
      <tp:name>PAY-T2-NCB</tp:name>
      <tp:description>Payments Statistics - T2/NCB</tp:description>
      <tp:entryPointDocument href="http://www.dnb.nl/nl/fr/xbrl/fws/dnb-nr/pay-2022-01/2025-12-31/mod/pay-t2-ncb.xsd"/>
    </tp:entryPoint>
  </tp:entryPoints>
</tp:taxonomyPackage>